  0
SECTION
  2
HEADER
  9
$ACADVER
  1
AC1024
  9
$ACADMAINTVER
 70
   226
  9
$DWGCODEPAGE
  3
ANSI_936
  9
$LASTSAVEDBY
  1
Administrator
  9
$INSBASE
 10
0.0
 20
0.0
 30
0.0
  9
$EXTMIN
 10
2206.551470641794
 20
-66.82636376702138
 30
0.0
  9
$EXTMAX
 10
2559.551470641793
 20
234.1736392847365
 30
0.0
  9
$LIMMIN
 10
0.0
 20
0.0
  9
$LIMMAX
 10
420.0
 20
297.0
  9
$ORTHOMODE
 70
     0
  9
$REGENMODE
 70
     1
  9
$FILLMODE
 70
     1
  9
$QTEXTMODE
 70
     0
  9
$MIRRTEXT
 70
     1
  9
$LTSCALE
 40
1.0
  9
$ATTMODE
 70
     1
  9
$TEXTSIZE
 40
3.5
  9
$TRACEWID
 40
1.0
  9
$TEXTSTYLE
  7
标准
  9
$CLAYER
  8
标注
  9
$CELTYPE
  6
ByLayer
  9
$CECOLOR
 62
   256
  9
$CELTSCALE
 40
1.0
  9
$DISPSILH
 70
     0
  9
$DIMSCALE
 40
1.0
  9
$DIMASZ
 40
2.5
  9
$DIMEXO
 40
0.625
  9
$DIMDLI
 40
3.75
  9
$DIMRND
 40
0.0
  9
$DIMDLE
 40
0.0
  9
$DIMEXE
 40
1.25
  9
$DIMTP
 40
0.0
  9
$DIMTM
 40
0.0
  9
$DIMTXT
 40
3.5
  9
$DIMCEN
 40
2.5
  9
$DIMTSZ
 40
0.0
  9
$DIMTOL
 70
     0
  9
$DIMLIM
 70
     0
  9
$DIMTIH
 70
     0
  9
$DIMTOH
 70
     0
  9
$DIMSE1
 70
     0
  9
$DIMSE2
 70
     0
  9
$DIMTAD
 70
     1
  9
$DIMZIN
 70
     8
  9
$DIMBLK
  1

  9
$DIMASO
 70
     1
  9
$DIMSHO
 70
     1
  9
$DIMPOST
  1

  9
$DIMAPOST
  1

  9
$DIMALT
 70
     0
  9
$DIMALTD
 70
     3
  9
$DIMALTF
 40
0.0393701
  9
$DIMLFAC
 40
1.0
  9
$DIMTOFL
 70
     1
  9
$DIMTVP
 40
0.0
  9
$DIMTIX
 70
     0
  9
$DIMSOXD
 70
     0
  9
$DIMSAH
 70
     0
  9
$DIMBLK1
  1

  9
$DIMBLK2
  1

  9
$DIMSTYLE
  2
YanXiu
  9
$DIMCLRD
 70
     0
  9
$DIMCLRE
 70
     0
  9
$DIMCLRT
 70
     0
  9
$DIMTFAC
 40
1.0
  9
$DIMGAP
 40
0.625
  9
$DIMJUST
 70
     0
  9
$DIMSD1
 70
     0
  9
$DIMSD2
 70
     0
  9
$DIMTOLJ
 70
     0
  9
$DIMTZIN
 70
     8
  9
$DIMALTZ
 70
     0
  9
$DIMALTTZ
 70
     0
  9
$DIMUPT
 70
     0
  9
$DIMDEC
 70
     2
  9
$DIMTDEC
 70
     2
  9
$DIMALTU
 70
     2
  9
$DIMALTTD
 70
     3
  9
$DIMTXSTY
  7
标注
  9
$DIMAUNIT
 70
     0
  9
$DIMADEC
 70
     0
  9
$DIMALTRND
 40
0.0
  9
$DIMAZIN
 70
     0
  9
$DIMDSEP
 70
    46
  9
$DIMATFIT
 70
     3
  9
$DIMFRAC
 70
     0
  9
$DIMLDRBLK
  1

  9
$DIMLUNIT
 70
     2
  9
$DIMLWD
 70
    -2
  9
$DIMLWE
 70
    -2
  9
$DIMTMOVE
 70
     0
  9
$DIMFXL
 40
1.0
  9
$DIMFXLON
 70
     0
  9
$DIMJOGANG
 40
0.7853981633974483
  9
$DIMTFILL
 70
     0
  9
$DIMTFILLCLR
 70
     0
  9
$DIMARCSYM
 70
     0
  9
$DIMLTYPE
  6

  9
$DIMLTEX1
  6

  9
$DIMLTEX2
  6

  9
$DIMTXTDIRECTION
 70
     0
  9
$LUNITS
 70
     2
  9
$LUPREC
 70
     4
  9
$SKETCHINC
 40
1.0
  9
$FILLETRAD
 40
0.0
  9
$AUNITS
 70
     0
  9
$AUPREC
 70
     0
  9
$MENU
  1
.
  9
$ELEVATION
 40
0.0
  9
$PELEVATION
 40
0.0
  9
$THICKNESS
 40
0.0
  9
$LIMCHECK
 70
     0
  9
$CHAMFERA
 40
2.5
  9
$CHAMFERB
 40
2.5
  9
$CHAMFERC
 40
0.0
  9
$CHAMFERD
 40
0.0
  9
$SKPOLY
 70
     0
  9
$TDCREATE
 40
2460902.786134259
  9
$TDUCREATE
 40
2460902.452800926
  9
$TDUPDATE
 40
2460910.346545845
  9
$TDUUPDATE
 40
2460910.013212512
  9
$TDINDWG
 40
0.338067778
  9
$TDUSRTIMER
 40
0.338067616
  9
$USRTIMER
 70
     1
  9
$ANGBASE
 50
0.0
  9
$ANGDIR
 70
     0
  9
$PDMODE
 70
    35
  9
$PDSIZE
 40
-5.0
  9
$PLINEWID
 40
0.0
  9
$SPLFRAME
 70
     0
  9
$SPLINETYPE
 70
     6
  9
$SPLINESEGS
 70
     8
  9
$HANDSEED
  5
26C16
  9
$SURFTAB1
 70
     6
  9
$SURFTAB2
 70
     6
  9
$SURFTYPE
 70
     6
  9
$SURFU
 70
     6
  9
$SURFV
 70
     6
  9
$UCSBASE
  2

  9
$UCSNAME
  2

  9
$UCSORG
 10
0.0
 20
0.0
 30
0.0
  9
$UCSXDIR
 10
1.0
 20
0.0
 30
0.0
  9
$UCSYDIR
 10
0.0
 20
1.0
 30
0.0
  9
$UCSORTHOREF
  2

  9
$UCSORTHOVIEW
 70
     0
  9
$UCSORGTOP
 10
0.0
 20
0.0
 30
0.0
  9
$UCSORGBOTTOM
 10
0.0
 20
0.0
 30
0.0
  9
$UCSORGLEFT
 10
0.0
 20
0.0
 30
0.0
  9
$UCSORGRIGHT
 10
0.0
 20
0.0
 30
0.0
  9
$UCSORGFRONT
 10
0.0
 20
0.0
 30
0.0
  9
$UCSORGBACK
 10
0.0
 20
0.0
 30
0.0
  9
$PUCSBASE
  2

  9
$PUCSNAME
  2

  9
$PUCSORG
 10
0.0
 20
0.0
 30
0.0
  9
$PUCSXDIR
 10
1.0
 20
0.0
 30
0.0
  9
$PUCSYDIR
 10
0.0
 20
1.0
 30
0.0
  9
$PUCSORTHOREF
  2

  9
$PUCSORTHOVIEW
 70
     0
  9
$PUCSORGTOP
 10
0.0
 20
0.0
 30
0.0
  9
$PUCSORGBOTTOM
 10
0.0
 20
0.0
 30
0.0
  9
$PUCSORGLEFT
 10
0.0
 20
0.0
 30
0.0
  9
$PUCSORGRIGHT
 10
0.0
 20
0.0
 30
0.0
  9
$PUCSORGFRONT
 10
0.0
 20
0.0
 30
0.0
  9
$PUCSORGBACK
 10
0.0
 20
0.0
 30
0.0
  9
$USERI1
 70
     0
  9
$USERI2
 70
     0
  9
$USERI3
 70
     0
  9
$USERI4
 70
     0
  9
$USERI5
 70
     0
  9
$USERR1
 40
0.0
  9
$USERR2
 40
0.0
  9
$USERR3
 40
0.0
  9
$USERR4
 40
0.0
  9
$USERR5
 40
9.599999999999999
  9
$WORLDVIEW
 70
     1
  9
$SHADEDGE
 70
     3
  9
$SHADEDIF
 70
    70
  9
$TILEMODE
 70
     1
  9
$MAXACTVP
 70
    48
  9
$PINSBASE
 10
0.0
 20
0.0
 30
0.0
  9
$PLIMCHECK
 70
     0
  9
$PEXTMIN
 10
0.0
 20
0.0
 30
0.0
  9
$PEXTMAX
 10
-93.73577880859377
 20
619.20361328125
 30
2.0
  9
$PLIMMIN
 10
0.0
 20
0.0
  9
$PLIMMAX
 10
420.0
 20
297.0
  9
$UNITMODE
 70
     0
  9
$VISRETAIN
 70
     0
  9
$PLINEGEN
 70
     0
  9
$PSLTSCALE
 70
     1
  9
$TREEDEPTH
 70
  3020
  9
$CMLSTYLE
  2
Standard
  9
$CMLJUST
 70
     0
  9
$CMLSCALE
 40
20.0
  9
$PROXYGRAPHICS
 70
     1
  9
$MEASUREMENT
 70
     1
  9
$CELWEIGHT
370
    -1
  9
$ENDCAPS
280
     0
  9
$JOINSTYLE
280
     0
  9
$LWDISPLAY
290
     0
  9
$INSUNITS
 70
     0
  9
$HYPERLINKBASE
  1

  9
$STYLESHEET
  1

  9
$XEDIT
290
     1
  9
$CEPSNTYPE
380
     0
  9
$PSTYLEMODE
290
     0
  9
$FINGERPRINTGUID
  2
{B2B92325-95C8-45C5-9876-553A27B7D852}
  9
$VERSIONGUID
  2
{BFE9A7D1-A85A-46EE-AAB9-B154641467C1}
  9
$EXTNAMES
290
     1
  9
$PSVPSCALE
 40
0.0
  9
$OLESTARTUP
290
     0
  9
$SORTENTS
280
   127
  9
$INDEXCTL
280
     0
  9
$HIDETEXT
280
     0
  9
$XCLIPFRAME
280
     2
  9
$HALOGAP
280
     0
  9
$OBSCOLOR
 70
   257
  9
$OBSLTYPE
280
     0
  9
$INTERSECTIONDISPLAY
280
     0
  9
$INTERSECTIONCOLOR
 70
   257
  9
$DIMASSOC
280
     1
  9
$PROJECTNAME
  1

  9
$CAMERADISPLAY
290
     0
  9
$LENSLENGTH
 40
50.0
  9
$CAMERAHEIGHT
 40
0.0
  9
$STEPSPERSEC
 40
2.0
  9
$STEPSIZE
 40
6.0
  9
$3DDWFPREC
 40
2.0
  9
$PSOLWIDTH
 40
0.25
  9
$PSOLHEIGHT
 40
4.0
  9
$LOFTANG1
 40
1.570796326794896
  9
$LOFTANG2
 40
1.570796326794896
  9
$LOFTMAG1
 40
0.0
  9
$LOFTMAG2
 40
0.0
  9
$LOFTPARAM
 70
     7
  9
$LOFTNORMALS
280
     1
  9
$LATITUDE
 40
37.795
  9
$LONGITUDE
 40
-122.394
  9
$NORTHDIRECTION
 40
0.0
  9
$TIMEZONE
 70
 -8000
  9
$LIGHTGLYPHDISPLAY
280
     1
  9
$TILEMODELIGHTSYNCH
280
     1
  9
$CMATERIAL
347
7A20
  9
$SOLIDHIST
280
     0
  9
$SHOWHIST
280
     1
  9
$DWFFRAME
280
     2
  9
$DGNFRAME
280
     0
  9
$REALWORLDSCALE
290
     1
  9
$INTERFERECOLOR
 62
     1
  9
$CSHADOW
280
     0
  9
$SHADOWPLANELOCATION
 40
0.0
  0
ENDSEC
  0
SECTION
  2
CLASSES
  0
CLASS
  1
LWPOLYLINE
  2
AcDbPolyline
  3
ObjectDBX Classes
 90
        0
 91
        0
280
     0
281
     1
  0
CLASS
  1
IMAGE
  2
AcDbRasterImage
  3
ISM
 90
     2175
 91
        0
280
     0
281
     1
  0
CLASS
  1
OLE2FRAME
  2
AcDbOle2Frame
  3
ObjectDBX Classes
 90
        0
 91
        0
280
     0
281
     1
  0
CLASS
  1
HATCH
  2
AcDbHatch
  3
ObjectDBX Classes
 90
        0
 91
        0
280
     0
281
     1
  0
CLASS
  1
DICTIONARYVAR
  2
AcDbDictionaryVar
  3
ObjectDBX Classes
 90
        0
 91
       11
280
     0
281
     0
  0
CLASS
  1
RASTERVARIABLES
  2
AcDbRasterVariables
  3
ISM
 90
        0
 91
        0
280
     0
281
     0
  0
CLASS
  1
IMAGEDEF
  2
AcDbRasterImageDef
  3
ISM
 90
        0
 91
        0
280
     0
281
     0
  0
CLASS
  1
IMAGEDEF_REACTOR
  2
AcDbRasterImageDefReactor
  3
ISM
 90
        1
 91
        0
280
     0
281
     0
  0
CLASS
  1
IDBUFFER
  2
AcDbIdBuffer
  3
ObjectDBX Classes
 90
        0
 91
        0
280
     0
281
     0
  0
CLASS
  1
SPATIAL_FILTER
  2
AcDbSpatialFilter
  3
ObjectDBX Classes
 90
        0
 91
        0
280
     0
281
     0
  0
CLASS
  1
XRECORD
  2
AcDbXrecord
  3
ObjectDBX Classes
 90
        0
 91
        0
280
     0
281
     0
  0
CLASS
  1
SORTENTSTABLE
  2
AcDbSortentsTable
  3
ObjectDBX Classes
 90
        0
 91
        1
280
     0
281
     0
  0
CLASS
  1
LAYER_INDEX
  2
AcDbLayerIndex
  3
ObjectDBX Classes
 90
        0
 91
        0
280
     0
281
     0
  0
CLASS
  1
SPATIAL_INDEX
  2
AcDbSpatialIndex
  3
ObjectDBX Classes
 90
        0
 91
        0
280
     0
281
     0
  0
CLASS
  1
OBJECT_PTR
  2
CAseDLPNTableRecord
  3
ASE-LPNTableRecord
 90
        1
 91
        0
280
     0
281
     0
  0
CLASS
  1
LAYOUT
  2
AcDbLayout
  3
ObjectDBX Classes
 90
        0
 91
        0
280
     0
281
     0
  0
CLASS
  1
PLOTSETTINGS
  2
AcDbPlotSettings
  3
ObjectDBX Classes
 90
        0
 91
        0
280
     0
281
     0
  0
CLASS
  1
ACDBDICTIONARYWDFLT
  2
AcDbDictionaryWithDefault
  3
ObjectDBX Classes
 90
        0
 91
        1
280
     0
281
     0
  0
CLASS
  1
ACDBPLACEHOLDER
  2
AcDbPlaceHolder
  3
ObjectDBX Classes
 90
        0
 91
        0
280
     0
281
     0
  0
CLASS
  1
VBA_PROJECT
  2
AcDbVbaProject
  3
acad
 90
        0
 91
        0
280
     0
281
     0
  0
CLASS
  1
WIPEOUT
  2
AcDbWipeout
  3
WipeOut|Product Desc: Object Enabler for WipeOut entity | Company: Autodesk, Inc. | WEB Address: www.autodesk.com
 90
     2175
 91
        0
280
     0
281
     1
  0
CLASS
  1
WIPEOUTVARIABLES
  2
AcDbWipeoutVariables
  3
"WipeOut|Product Desc:     WipeOut Dbx Application|Company:          Autodesk, Inc.|WEB Address:      www.autodesk.com"
 90
        0
 91
        1
280
     0
281
     0
  0
CLASS
  1
RTEXT
  2
RText
  3
RText|AutoCAD Express Tool|expresstools@autodesk.com
 90
     3071
 91
        0
280
     0
281
     1
  0
CLASS
  1
ARCALIGNEDTEXT
  2
AcDbArcAlignedText
  3
ATEXT|AutoCAD Express Tool|expresstools@autodesk.com
 90
        0
 91
        0
280
     0
281
     1
  0
CLASS
  1
MATERIAL
  2
AcDbMaterial
  3
ObjectDBX Classes
 90
     1153
 91
        3
280
     0
281
     0
  0
CLASS
  1
VISUALSTYLE
  2
AcDbVisualStyle
  3
ObjectDBX Classes
 90
     4095
 91
       24
280
     0
281
     0
  0
CLASS
  1
TABLESTYLE
  2
AcDbTableStyle
  3
ObjectDBX Classes
 90
     4095
 91
        1
280
     0
281
     0
  0
CLASS
  1
SCALE
  2
AcDbScale
  3
ObjectDBX Classes
 90
     1153
 91
       17
280
     0
281
     0
  0
CLASS
  1
MLEADERSTYLE
  2
AcDbMLeaderStyle
  3
ACDB_MLEADERSTYLE_CLASS
 90
     4095
 91
        1
280
     0
281
     0
  0
CLASS
  1
ACDBSECTIONVIEWSTYLE
  2
AcDbSectionViewStyle
  3
ObjectDBX Classes
 90
     1025
 91
        1
280
     0
281
     0
  0
CLASS
  1
ACDBDETAILVIEWSTYLE
  2
AcDbDetailViewStyle
  3
ObjectDBX Classes
 90
     1025
 91
        1
280
     0
281
     0
  0
CLASS
  1
TCH_DBCONFIG
  2
TDbConfig
  3
TCH_KERNAL|缺乏中望建筑解释器, 请下载中望建筑相关产品|网址: www.zwsoft.cn
 90
        1
 91
        0
280
     0
281
     0
  0
CLASS
  1
CELLSTYLEMAP
  2
AcDbCellStyleMap
  3
ObjectDBX Classes
 90
     1152
 91
        2
280
     0
281
     0
  0
CLASS
  1
VLO-VL
  2
vlo_VL
  3
ObjectDBX Classes
 90
       81
 91
        1
280
     0
281
     0
  0
CLASS
  1
ZCDBISOLATEOBJECT
  2
ZcDbIsolateObject
  3
ZcDbIsolateObject
 90
        1
 91
        0
280
     0
281
     0
  0
CLASS
  1
ACDB_HATCHSCALECONTEXTDATA_CLASS
  2
AcDbHatchScaleContextData
  3
ObjectDBX Classes
 90
     1153
 91
        0
280
     0
281
     0
  0
CLASS
  1
ACDB_HATCHVIEWCONTEXTDATA_CLASS
  2
AcDbHatchViewContextData
  3
ObjectDBX Classes
 90
     1153
 91
        0
280
     0
281
     0
  0
ENDSEC
  0
SECTION
  2
TABLES
  0
TABLE
  2
VPORT
  5
7
330
0
100
AcDbSymbolTable
 70
     1
  0
VPORT
  5
1518A
330
7
100
AcDbSymbolTableRecord
100
AcDbViewportTableRecord
  2
*Active
 70
     0
 10
0.0
 20
0.0
 11
1.0
 21
1.0
 12
2531.366587014904
 22
143.2986478067702
 13
0.0
 23
0.0
 14
1.0
 24
1.0
 15
0.0
 25
0.0
 16
0.0
 26
0.0
 36
1.0
 17
0.0
 27
0.0
 37
0.0
 40
976.0918034630799
 41
2.232424677187948
 42
50.0
 43
0.0
 44
0.0
 50
0.0
 51
0.0
 71
     0
 72
   100
 73
     1
 74
     1
 75
     0
 76
     0
 77
     0
 78
     0
281
     0
 65
     0
110
0.0
120
0.0
130
0.0
111
1.0
121
0.0
131
0.0
112
0.0
122
1.0
132
0.0
 79
     0
146
0.0
348
7A3E
 60
     3
 61
     5
292
     1
282
     1
141
0.0
142
0.0
 63
   250
421
  3355443
1001
ACAD_NAV_VCDISPLAY
1070
     3
  0
ENDTAB
  0
TABLE
  2
LTYPE
  5
4
330
0
100
AcDbSymbolTable
 70
     2
  0
LTYPE
  5
11
330
4
100
AcDbSymbolTableRecord
100
AcDbLinetypeTableRecord
  2
ByBlock
 70
     0
  3

 72
    65
 73
     0
 40
0.0
  0
LTYPE
  5
12
330
4
100
AcDbSymbolTableRecord
100
AcDbLinetypeTableRecord
  2
ByLayer
 70
     0
  3

 72
    65
 73
     0
 40
0.0
  0
LTYPE
  5
13
330
4
100
AcDbSymbolTableRecord
100
AcDbLinetypeTableRecord
  2
Continuous
 70
     0
  3
Solid line
 72
    65
 73
     0
 40
0.0
  0
LTYPE
  5
7B3B
330
4
100
AcDbSymbolTableRecord
100
AcDbLinetypeTableRecord
  2
CENTER
 70
     0
  3
Center ____ _ ____ _ ____ _ ____ _ ____ _ ____
 72
    65
 73
     4
 40
50.8
 49
31.75
 74
     0
 49
-6.349999999999998
 74
     0
 49
6.349999999999998
 74
     0
 49
-6.349999999999998
 74
     0
  0
ENDTAB
  0
TABLE
  2
LAYER
  5
2
102
{ACAD_XDICTIONARY
360
7A8E
102
}
330
0
100
AcDbSymbolTable
 70
    13
  0
LAYER
  5
14
102
{ACAD_XDICTIONARY
360
7A85
102
}
330
2
100
AcDbSymbolTableRecord
100
AcDbLayerTableRecord
  2
0
 70
     0
 62
     7
  6
Continuous
370
    -3
390
1D
347
7A30
1071
 33554687
  0
LAYER
  5
7A78
330
2
100
AcDbSymbolTableRecord
100
AcDbLayerTableRecord
  2
Defpoints
 70
     0
 62
     7
  6
Continuous
290
     0
370
    -3
390
1D
347
7A30
1071
 33554687
  0
LAYER
  5
7B3C
102
{ACAD_XDICTIONARY
360
7B3D
102
}
330
2
100
AcDbSymbolTableRecord
100
AcDbLayerTableRecord
  2
标注
 70
     0
 62
     2
  6
Continuous
370
    -3
390
1D
347
7A30
1071
 33554687
1001
AcAecLayerStandard
1000

1000

  0
LAYER
  5
7B3F
102
{ACAD_XDICTIONARY
360
7B40
102
}
330
2
100
AcDbSymbolTableRecord
100
AcDbLayerTableRecord
  2
FRAME 070
 70
     0
 62
     5
  6
Continuous
370
    -3
390
1D
347
7A30
1071
 33554687
  0
LAYER
  5
7B42
102
{ACAD_XDICTIONARY
360
7B43
102
}
330
2
100
AcDbSymbolTableRecord
100
AcDbLayerTableRecord
  2
FRAME 050
 70
     0
 62
     6
  6
Continuous
370
    -3
390
1D
347
7A30
1071
 33554687
  0
LAYER
  5
7B45
102
{ACAD_XDICTIONARY
360
7B46
102
}
330
2
100
AcDbSymbolTableRecord
100
AcDbLayerTableRecord
  2
FRAME 025
 70
     0
 62
     7
  6
Continuous
370
    -3
390
1D
347
7A30
1071
 33554687
  0
LAYER
  5
7B48
102
{ACAD_XDICTIONARY
360
7B49
102
}
330
2
100
AcDbSymbolTableRecord
100
AcDbLayerTableRecord
  2
FRAME 200
 70
     0
 62
     8
  6
Continuous
370
    -3
390
1D
347
7A30
1071
 33554687
  0
LAYER
  5
86D1
330
2
100
AcDbSymbolTableRecord
100
AcDbLayerTableRecord
  2
dim
 70
     0
 62
    84
  6
Continuous
370
     9
390
1D
347
7A30
1071
 33554687
  0
LAYER
  5
8820
330
2
100
AcDbSymbolTableRecord
100
AcDbLayerTableRecord
  2
菲林
 70
     0
 62
    11
  6
Continuous
370
    -3
390
1D
347
7A30
1071
 33554687
  0
LAYER
  5
8821
330
2
100
AcDbSymbolTableRecord
100
AcDbLayerTableRecord
  2
发热丝
 70
     0
 62
     3
  6
Continuous
370
    -3
390
1D
347
7A30
1071
 33554687
  0
LAYER
  5
8822
330
2
100
AcDbSymbolTableRecord
100
AcDbLayerTableRecord
  2
参照
 70
     0
 62
     6
  6
Continuous
370
    -3
390
1D
347
7A30
1071
 33554687
  0
LAYER
  5
12783
330
2
100
AcDbSymbolTableRecord
100
AcDbLayerTableRecord
  2
xline
 70
     0
 62
    41
  6
Continuous
290
     0
370
    -3
390
1D
347
7A30
1071
 33554687
1001
AcAecLayerStandard
1000

1000
杈呭姪绾垮浘灞傦紝涓嶅彲鎵撳嵃锛
  0
LAYER
  5
19328
330
2
100
AcDbSymbolTableRecord
100
AcDbLayerTableRecord
  2
填充
 70
     0
 62
     3
  6
Continuous
370
    -3
390
1D
347
7A30
1071
 33554687
  0
ENDTAB
  0
TABLE
  2
STYLE
  5
3
330
0
100
AcDbSymbolTable
 70
    10
  0
STYLE
  5
17
330
3
100
AcDbSymbolTableRecord
100
AcDbTextStyleTableRecord
  2
Standard
 70
     0
 40
0.0
 41
0.8
 50
0.0
 71
     0
 42
0.0
  3
txt
  4

  0
STYLE
  5
7B4B
330
3
100
AcDbSymbolTableRecord
100
AcDbTextStyleTableRecord
  2
标注
 70
     0
 40
0.0
 41
1.0
 50
0.0
 71
     0
 42
2.5
  3

  4

1001
ACAD
1000
SimSun
1071
    34306
  0
STYLE
  5
7B4C
330
3
100
AcDbSymbolTableRecord
100
AcDbTextStyleTableRecord
  2
BZ 尺寸标注
 70
     0
 40
0.0
 41
0.7
 50
0.0
 71
     0
 42
3.5
  3

  4

1001
ACAD
1000
SimSun
1071
    34306
  0
STYLE
  5
81D9
330
3
100
AcDbSymbolTableRecord
100
AcDbTextStyleTableRecord
  2
MtX_宋体
 70
     0
 40
0.0
 41
1.0
 50
0.0
 71
     0
 42
0.0
  3

  4

1001
ACAD
1000
宋体
1071
    34306
  0
STYLE
  5
85C1
330
3
100
AcDbSymbolTableRecord
100
AcDbTextStyleTableRecord
  2
Annotative
 70
     0
 40
0.0
 41
1.0
 50
0.0
 71
     0
 42
0.2
  3
txt.shx
  4

1001
AcadAnnotative
1000
AnnotativeData
1002
{
1070
     1
1070
     1
1002
}
  0
STYLE
  5
8823
330
3
100
AcDbSymbolTableRecord
100
AcDbTextStyleTableRecord
  2
标准
 70
     0
 40
0.0
 41
0.667
 50
0.0
 71
     0
 42
3.5
  3

  4

1001
CAXA_DRAFT_TXTSTYLE
1041
0.1
1041
1.917999999999999
1001
ACAD
1000
宋体
1071
    34306
  0
STYLE
  5
8824
330
3
100
AcDbSymbolTableRecord
100
AcDbTextStyleTableRecord
  2
工程字
 70
     0
 40
3.5
 41
1.0
 50
0.0
 71
     0
 42
3.5
  3

  4

1001
ACAD
1000
CAXA
1071
        2
  0
STYLE
  5
8825
330
3
100
AcDbSymbolTableRecord
100
AcDbTextStyleTableRecord
  2
ISO Proportional
 70
     0
 40
0.0
 41
0.8
 50
0.0
 71
     0
 42
2.5
  3
simhei.ttf
  4

1001
ACAD
1000
SimHei
1071
    34353
  0
STYLE
  5
17487
330
3
100
AcDbSymbolTableRecord
100
AcDbTextStyleTableRecord
  2
MtX_Arial
 70
     0
 40
0.0
 41
1.0
 50
0.0
 71
     0
 42
3.5
  3

  4

1001
ACAD
1000
Arial
1071
       34
  0
STYLE
  5
17A8A
330
3
100
AcDbSymbolTableRecord
100
AcDbTextStyleTableRecord
  2
SLDTEXTSTYLE0
 70
     0
 40
0.0
 41
0.7
 50
0.0
 71
     0
 42
3.5
  3
TXT
  4

  0
ENDTAB
  0
TABLE
  2
VIEW
  5
5
330
0
100
AcDbSymbolTable
 70
     0
  0
ENDTAB
  0
TABLE
  2
UCS
  5
6
330
0
100
AcDbSymbolTable
 70
     0
  0
ENDTAB
  0
TABLE
  2
APPID
  5
8
330
0
100
AcDbSymbolTable
 70
    18
  0
APPID
  5
16
330
8
100
AcDbSymbolTableRecord
100
AcDbRegAppTableRecord
  2
ACAD
 70
     0
  0
APPID
  5
7A6F
330
8
100
AcDbSymbolTableRecord
100
AcDbRegAppTableRecord
  2
ACAD_EXEMPT_FROM_CAD_STANDARDS
 70
     0
  0
APPID
  5
7A89
330
8
100
AcDbSymbolTableRecord
100
AcDbRegAppTableRecord
  2
DCO15
 70
     0
  0
APPID
  5
7A94
330
8
100
AcDbSymbolTableRecord
100
AcDbRegAppTableRecord
  2
ACAD_NAV_VCDISPLAY
 70
     0
  0
APPID
  5
7B4D
330
8
100
AcDbSymbolTableRecord
100
AcDbRegAppTableRecord
  2
AcadAnnotative
 70
     0
  0
APPID
  5
7B4E
330
8
100
AcDbSymbolTableRecord
100
AcDbRegAppTableRecord
  2
AcAecLayerStandard
 70
     0
  0
APPID
  5
7E72
330
8
100
AcDbSymbolTableRecord
100
AcDbRegAppTableRecord
  2
DetailViewStyle
 70
     0
  0
APPID
  5
7E75
330
8
100
AcDbSymbolTableRecord
100
AcDbRegAppTableRecord
  2
ACAD_MLEADERVER
 70
     0
  0
APPID
  5
7E78
330
8
100
AcDbSymbolTableRecord
100
AcDbRegAppTableRecord
  2
SectionViewStyle
 70
     0
  0
APPID
  5
7EAF
330
8
100
AcDbSymbolTableRecord
100
AcDbRegAppTableRecord
  2
ZWCAD_MTEXT_RTL_PARAGRAPHS
 70
     0
  0
APPID
  5
7EBC
330
8
100
AcDbSymbolTableRecord
100
AcDbRegAppTableRecord
  2
Acad_TC
 70
     0
  0
APPID
  5
8829
330
8
100
AcDbSymbolTableRecord
100
AcDbRegAppTableRecord
  2
CAXA_DRAFT_TXTSTYLE
 70
     0
  0
APPID
  5
1275E
330
8
100
AcDbSymbolTableRecord
100
AcDbRegAppTableRecord
  2
AEC_ISOLATEDOBJECTS_XDATA
 70
     0
  0
APPID
  5
14F1D
330
8
100
AcDbSymbolTableRecord
100
AcDbRegAppTableRecord
  2
ACAD_DSTYLE_DIMINSPECT
 70
     0
  0
APPID
  5
17A8D
330
8
100
AcDbSymbolTableRecord
100
AcDbRegAppTableRecord
  2
ACAD_PSEXT
 70
     0
  0
APPID
  5
17A8E
330
8
100
AcDbSymbolTableRecord
100
AcDbRegAppTableRecord
  2
ACAD_DSTYLE_DIMJAG
 70
     0
  0
APPID
  5
17A8F
330
8
100
AcDbSymbolTableRecord
100
AcDbRegAppTableRecord
  2
ACAD_DSTYLE_DIMTALN
 70
     0
  0
APPID
  5
242B0
330
8
100
AcDbSymbolTableRecord
100
AcDbRegAppTableRecord
  2
HATCHBACKGROUNDCOLOR
 70
     0
  0
ENDTAB
  0
TABLE
  2
DIMSTYLE
  5
9
330
0
100
AcDbSymbolTable
 70
     7
100
AcDbDimStyleTable
 71
     3
340
14E46
340
8827
340
18
  0
DIMSTYLE
105
18
330
9
100
AcDbSymbolTableRecord
100
AcDbDimStyleTableRecord
  2
Standard
 70
     0
340
17
1001
AcadAnnotative
1000
AnnotativeData
1002
{
1070
     1
1070
     0
1002
}
  0
DIMSTYLE
105
8826
330
9
100
AcDbSymbolTableRecord
100
AcDbDimStyleTableRecord
  2
ISO-25
 70
     0
 41
2.5
 42
0.625
 43
3.75
 44
1.25
 73
     0
 74
     0
 77
     1
 78
     8
140
3.5
141
2.5
143
0.03937007874016
147
0.625
171
     3
172
     1
271
     2
272
     2
274
     3
283
     0
284
     8
340
7B4B
1001
AcadAnnotative
1000
AnnotativeData
1002
{
1070
     1
1070
     0
1002
}
  0
DIMSTYLE
105
8827
330
9
100
AcDbSymbolTableRecord
100
AcDbDimStyleTableRecord
  2
标注样式大
 70
     0
 41
10.0
 42
0.625
 43
3.75
 44
1.25
 73
     0
 74
     0
 77
     1
 78
     8
140
20.0
141
2.5
143
0.03937007874016
147
0.625
171
     3
172
     1
176
     3
177
     3
271
     2
178
     3
271
     2
272
     2
274
     3
278
    44
283
     0
284
     8
340
7B4B
  0
DIMSTYLE
105
8828
330
9
100
AcDbSymbolTableRecord
100
AcDbDimStyleTableRecord
  2
副本 ISO-25
 70
     0
 41
2.5
 42
0.625
 43
3.75
 44
1.25
 73
     0
 74
     0
 77
     1
 78
     8
140
3.5
141
2.5
143
0.03937007874016
147
0.625
171
     3
172
     1
271
     2
272
     2
274
     3
283
     0
284
     8
340
8823
1001
AcadAnnotative
1000
AnnotativeData
1002
{
1070
     1
1070
     0
1002
}
  0
DIMSTYLE
105
14E46
330
9
100
AcDbSymbolTableRecord
100
AcDbDimStyleTableRecord
  2
YanXiu
 70
     0
 41
2.5
 42
0.625
 43
3.75
 44
1.25
 73
     0
 74
     0
 77
     1
 78
     8
140
3.5
141
2.5
143
0.0393701
147
0.625
171
     3
172
     1
271
     2
272
     2
274
     3
283
     0
284
     8
340
7B4B
1001
AcadAnnotative
1000
AnnotativeData
1002
{
1070
     1
1070
     0
1002
}
  0
DIMSTYLE
105
17A8B
330
9
100
AcDbSymbolTableRecord
100
AcDbDimStyleTableRecord
  2
Annotative
 70
     0
 40
0.0
 41
2.5
 42
0.625
 43
3.75
 44
1.25
 73
     0
 74
     0
 77
     1
 78
     8
140
2.5
141
2.5
143
0.03937007874016
147
0.625
171
     3
172
     1
271
     2
272
     2
274
     3
278
    44
283
     0
284
     8
340
17
1001
AcadAnnotative
1000
AnnotativeData
1002
{
1070
     1
1070
     1
1002
}
1001
ACAD_DSTYLE_DIMJAG
1070
   388
1040
1.5
1001
ACAD_DSTYLE_DIMTALN
1070
   392
1070
     0
  0
DIMSTYLE
105
17A8C
330
9
100
AcDbSymbolTableRecord
100
AcDbDimStyleTableRecord
  2
SLDDIMSTYLE2
 70
     0
 41
6.0
 44
0.0
 45
0.000000001
 73
     0
 77
     1
 78
     4
 79
     1
140
9.0
147
1.0
173
     1
176
     4
177
     3
271
     2
178
     1
271
     2
272
     2
276
     2
284
    12
340
17A8A
1001
AcadAnnotative
1000
AnnotativeData
1002
{
1070
     1
1070
     0
1002
}
  0
ENDTAB
  0
TABLE
  2
BLOCK_RECORD
  5
1
330
0
100
AcDbSymbolTable
 70
     6
  0
BLOCK_RECORD
  5
A
102
{ACAD_XDICTIONARY
360
81DB
102
}
330
1
100
AcDbSymbolTableRecord
100
AcDbBlockTableRecord
  2
*MODEL_SPACE
340
20
 70
     0
280
     1
281
     0
  0
BLOCK_RECORD
  5
B
330
1
100
AcDbSymbolTableRecord
100
AcDbBlockTableRecord
  2
*PAPER_SPACE
340
21
 70
     0
280
     1
281
     0
  0
BLOCK_RECORD
  5
85C2
330
1
100
AcDbSymbolTableRecord
100
AcDbBlockTableRecord
  2
ZW$PasteTmp0
340
0
 70
     0
280
     1
281
     0
  0
BLOCK_RECORD
  5
87A0
330
1
100
AcDbSymbolTableRecord
100
AcDbBlockTableRecord
  2
20250818.2114571
340
0
 70
     0
280
     1
281
     0
  0
BLOCK_RECORD
  5
1759A
330
1
100
AcDbSymbolTableRecord
100
AcDbBlockTableRecord
  2
*D2
340
0
 70
     0
280
     1
281
     0
  0
BLOCK_RECORD
  5
1769A
330
1
100
AcDbSymbolTableRecord
100
AcDbBlockTableRecord
  2
*D3
340
0
 70
     0
280
     1
281
     0
  0
BLOCK_RECORD
  5
1779F
330
1
100
AcDbSymbolTableRecord
100
AcDbBlockTableRecord
  2
*D4
340
0
 70
     0
280
     1
281
     0
  0
BLOCK_RECORD
  5
178B1
330
1
100
AcDbSymbolTableRecord
100
AcDbBlockTableRecord
  2
*D5
340
0
 70
     0
280
     1
281
     0
  0
ENDTAB
  0
ENDSEC
  0
SECTION
  2
BLOCKS
  0
BLOCK
  5
D
330
A
100
AcDbEntity
  8
0
100
AcDbBlockBegin
  2
*MODEL_SPACE
 70
     0
 10
0.0
 20
0.0
 30
0.0
  3
*MODEL_SPACE
  1

  0
ENDBLK
  5
E
330
A
100
AcDbEntity
  8
0
100
AcDbBlockEnd
  0
BLOCK
  5
F
330
B
100
AcDbEntity
 67
     1
  8
0
100
AcDbBlockBegin
  2
*PAPER_SPACE
 70
     0
 10
0.0
 20
0.0
 30
0.0
  3
*PAPER_SPACE
  1

  0
ENDBLK
  5
10
330
B
100
AcDbEntity
 67
     1
  8
0
100
AcDbBlockEnd
  0
BLOCK
  5
85C4
330
85C2
100
AcDbEntity
  8
0
100
AcDbBlockBegin
  2
ZW$PasteTmp0
 70
     0
 10
0.0
 20
0.0
 30
0.0
  3
ZW$PasteTmp0
  1

  0
MTEXT
  5
85C3
330
85C2
100
AcDbEntity
  8
标注
370
     0
100
AcDbMText
 10
0.0
 20
0.0
 30
0.0
 40
14.0
 41
0.0
 46
0.0
 71
     1
 72
     5
  1
RSG4 9.9KWH
  7
标准
 73
     1
 44
1.0
1001
ACAD
1000
MTEXTBEGIN
1070
    73
1070
     1
1070
    44
1040
1.0
1070
    74
1070
     0
1000
MTEXTEND
  0
ENDBLK
  5
85C5
330
85C2
100
AcDbEntity
  8
0
100
AcDbBlockEnd
  0
BLOCK
  5
87A1
330
87A0
100
AcDbEntity
  8
参照
100
AcDbBlockBegin
  2
20250818.2114571
 70
     0
 10
0.0
 20
0.0
 30
0.0
  3
20250818.2114571
  1

  0
LINE
  5
87A2
330
87A0
100
AcDbEntity
  8
标注
  6
CENTER
 62
     4
100
AcDbLine
 10
-186.3498043601009
 20
-172.1626020663573
 30
0.0
 11
165.6501541359926
 21
-172.1626020663573
 31
0.0
  0
LINE
  5
87A3
330
87A0
100
AcDbEntity
  8
标注
  6
CENTER
 62
     4
100
AcDbLine
 10
-186.3498043601009
 20
-161.170353531201
 30
0.0
 11
165.6501541359926
 21
-161.170353531201
 31
0.0
  0
CIRCLE
  5
87A4
330
87A0
100
AcDbEntity
  8
发热丝
100
AcDbCircle
 10
188.7501541359929
 20
-235.6684089022947
 30
0.0
 40
0.2
  0
CIRCLE
  5
87A5
330
87A0
100
AcDbEntity
  8
发热丝
100
AcDbCircle
 10
188.7501541359929
 20
-237.2684089022947
 30
0.0
 40
0.2
  0
CIRCLE
  5
87A6
330
87A0
100
AcDbEntity
  8
发热丝
100
AcDbCircle
 10
188.7501541359929
 20
-238.8684089022947
 30
0.0
 40
0.2
  0
CIRCLE
  5
87A7
330
87A0
100
AcDbEntity
  8
发热丝
100
AcDbCircle
 10
188.7501541359929
 20
-240.4684089022948
 30
0.0
 40
0.2
  0
CIRCLE
  5
87A8
330
87A0
100
AcDbEntity
  8
发热丝
100
AcDbCircle
 10
188.7501541359929
 20
-242.0684089022948
 30
0.0
 40
0.2
  0
CIRCLE
  5
87A9
330
87A0
100
AcDbEntity
  8
发热丝
100
AcDbCircle
 10
188.7501541359929
 20
-243.6684089022948
 30
0.0
 40
0.2
  0
CIRCLE
  5
87AA
330
87A0
100
AcDbEntity
  8
发热丝
100
AcDbCircle
 10
188.7501541359929
 20
-245.2684089022948
 30
0.0
 40
0.2
  0
CIRCLE
  5
87AB
330
87A0
100
AcDbEntity
  8
发热丝
100
AcDbCircle
 10
190.3501541359928
 20
-235.6684089022948
 30
0.0
 40
0.2
  0
CIRCLE
  5
87AC
330
87A0
100
AcDbEntity
  8
发热丝
100
AcDbCircle
 10
190.3501541359928
 20
-237.2684089022948
 30
0.0
 40
0.2
  0
CIRCLE
  5
87AD
330
87A0
100
AcDbEntity
  8
发热丝
100
AcDbCircle
 10
190.3501541359928
 20
-238.8684089022948
 30
0.0
 40
0.2
  0
CIRCLE
  5
87AE
330
87A0
100
AcDbEntity
  8
发热丝
100
AcDbCircle
 10
190.3501541359928
 20
-240.4684089022948
 30
0.0
 40
0.2
  0
CIRCLE
  5
87AF
330
87A0
100
AcDbEntity
  8
发热丝
100
AcDbCircle
 10
190.3501541359928
 20
-242.0684089022948
 30
0.0
 40
0.2
  0
CIRCLE
  5
87B0
330
87A0
100
AcDbEntity
  8
发热丝
100
AcDbCircle
 10
190.3501541359928
 20
-243.6684089022949
 30
0.0
 40
0.2
  0
CIRCLE
  5
87B1
330
87A0
100
AcDbEntity
  8
发热丝
100
AcDbCircle
 10
190.3501541359928
 20
-245.2684089022949
 30
0.0
 40
0.2
  0
CIRCLE
  5
87B2
330
87A0
100
AcDbEntity
  8
发热丝
100
AcDbCircle
 10
187.150154135993
 20
-245.2684089022948
 30
0.0
 40
0.2
  0
CIRCLE
  5
87B3
330
87A0
100
AcDbEntity
  8
发热丝
100
AcDbCircle
 10
187.150154135993
 20
-243.6684089022947
 30
0.0
 40
0.2
  0
CIRCLE
  5
87B4
330
87A0
100
AcDbEntity
  8
发热丝
100
AcDbCircle
 10
187.150154135993
 20
-242.0684089022947
 30
0.0
 40
0.2
  0
CIRCLE
  5
87B5
330
87A0
100
AcDbEntity
  8
发热丝
100
AcDbCircle
 10
187.150154135993
 20
-240.4684089022947
 30
0.0
 40
0.2
  0
CIRCLE
  5
87B6
330
87A0
100
AcDbEntity
  8
发热丝
100
AcDbCircle
 10
187.150154135993
 20
-238.8684089022947
 30
0.0
 40
0.2
  0
CIRCLE
  5
87B7
330
87A0
100
AcDbEntity
  8
发热丝
100
AcDbCircle
 10
187.150154135993
 20
-237.2684089022946
 30
0.0
 40
0.2
  0
CIRCLE
  5
87B8
330
87A0
100
AcDbEntity
  8
发热丝
100
AcDbCircle
 10
187.150154135993
 20
-235.6684089022946
 30
0.0
 40
0.2
  0
CIRCLE
  5
87B9
330
87A0
100
AcDbEntity
  8
发热丝
100
AcDbCircle
 10
185.5501541359931
 20
-245.2684089022947
 30
0.0
 40
0.2
  0
CIRCLE
  5
87BA
330
87A0
100
AcDbEntity
  8
发热丝
100
AcDbCircle
 10
185.5501541359931
 20
-243.6684089022947
 30
0.0
 40
0.2
  0
CIRCLE
  5
87BB
330
87A0
100
AcDbEntity
  8
发热丝
100
AcDbCircle
 10
185.5501541359931
 20
-242.0684089022947
 30
0.0
 40
0.2
  0
CIRCLE
  5
87BC
330
87A0
100
AcDbEntity
  8
发热丝
100
AcDbCircle
 10
185.5501541359931
 20
-240.4684089022946
 30
0.0
 40
0.2
  0
CIRCLE
  5
87BD
330
87A0
100
AcDbEntity
  8
发热丝
100
AcDbCircle
 10
185.5501541359931
 20
-238.8684089022946
 30
0.0
 40
0.2
  0
CIRCLE
  5
87BE
330
87A0
100
AcDbEntity
  8
发热丝
100
AcDbCircle
 10
185.5501541359931
 20
-237.2684089022946
 30
0.0
 40
0.2
  0
CIRCLE
  5
87BF
330
87A0
100
AcDbEntity
  8
发热丝
100
AcDbCircle
 10
185.5501541359931
 20
-235.6684089022946
 30
0.0
 40
0.2
  0
CIRCLE
  5
87C0
330
87A0
100
AcDbEntity
  8
发热丝
100
AcDbCircle
 10
183.9501541359932
 20
-245.2684089022945
 30
0.0
 40
0.2
  0
CIRCLE
  5
87C1
330
87A0
100
AcDbEntity
  8
发热丝
100
AcDbCircle
 10
183.9501541359932
 20
-243.6684089022946
 30
0.0
 40
0.2
  0
CIRCLE
  5
87C2
330
87A0
100
AcDbEntity
  8
发热丝
100
AcDbCircle
 10
183.9501541359932
 20
-242.0684089022946
 30
0.0
 40
0.2
  0
CIRCLE
  5
87C3
330
87A0
100
AcDbEntity
  8
发热丝
100
AcDbCircle
 10
183.9501541359932
 20
-240.4684089022946
 30
0.0
 40
0.2
  0
CIRCLE
  5
87C4
330
87A0
100
AcDbEntity
  8
发热丝
100
AcDbCircle
 10
183.9501541359932
 20
-238.8684089022945
 30
0.0
 40
0.2
  0
CIRCLE
  5
87C5
330
87A0
100
AcDbEntity
  8
发热丝
100
AcDbCircle
 10
183.9501541359932
 20
-237.2684089022945
 30
0.0
 40
0.2
  0
CIRCLE
  5
87C6
330
87A0
100
AcDbEntity
  8
发热丝
100
AcDbCircle
 10
183.9501541359932
 20
-235.6684089022945
 30
0.0
 40
0.2
  0
CIRCLE
  5
87C7
330
87A0
100
AcDbEntity
  8
发热丝
100
AcDbCircle
 10
188.7501541359929
 20
-259.7684089022948
 30
0.0
 40
0.2
  0
CIRCLE
  5
87C8
330
87A0
100
AcDbEntity
  8
发热丝
100
AcDbCircle
 10
188.7501541359929
 20
-258.1684089022948
 30
0.0
 40
0.2
  0
CIRCLE
  5
87C9
330
87A0
100
AcDbEntity
  8
发热丝
100
AcDbCircle
 10
188.7501541359929
 20
-256.5684089022948
 30
0.0
 40
0.2
  0
CIRCLE
  5
87CA
330
87A0
100
AcDbEntity
  8
发热丝
100
AcDbCircle
 10
188.7501541359929
 20
-254.9684089022948
 30
0.0
 40
0.2
  0
CIRCLE
  5
87CB
330
87A0
100
AcDbEntity
  8
发热丝
100
AcDbCircle
 10
188.7501541359929
 20
-253.3684089022947
 30
0.0
 40
0.2
  0
CIRCLE
  5
87CC
330
87A0
100
AcDbEntity
  8
发热丝
100
AcDbCircle
 10
188.7501541359929
 20
-251.7684089022947
 30
0.0
 40
0.2
  0
CIRCLE
  5
87CD
330
87A0
100
AcDbEntity
  8
发热丝
100
AcDbCircle
 10
188.7501541359929
 20
-250.1684089022947
 30
0.0
 40
0.2
  0
CIRCLE
  5
87CE
330
87A0
100
AcDbEntity
  8
发热丝
100
AcDbCircle
 10
190.3501541359928
 20
-259.7684089022948
 30
0.0
 40
0.2
  0
CIRCLE
  5
87CF
330
87A0
100
AcDbEntity
  8
发热丝
100
AcDbCircle
 10
190.3501541359928
 20
-258.1684089022947
 30
0.0
 40
0.2
  0
CIRCLE
  5
87D0
330
87A0
100
AcDbEntity
  8
发热丝
100
AcDbCircle
 10
190.3501541359928
 20
-256.5684089022947
 30
0.0
 40
0.2
  0
CIRCLE
  5
87D1
330
87A0
100
AcDbEntity
  8
发热丝
100
AcDbCircle
 10
190.3501541359928
 20
-254.9684089022947
 30
0.0
 40
0.2
  0
CIRCLE
  5
87D2
330
87A0
100
AcDbEntity
  8
发热丝
100
AcDbCircle
 10
190.3501541359928
 20
-253.3684089022947
 30
0.0
 40
0.2
  0
CIRCLE
  5
87D3
330
87A0
100
AcDbEntity
  8
发热丝
100
AcDbCircle
 10
190.3501541359928
 20
-251.7684089022946
 30
0.0
 40
0.2
  0
CIRCLE
  5
87D4
330
87A0
100
AcDbEntity
  8
发热丝
100
AcDbCircle
 10
190.3501541359928
 20
-250.1684089022946
 30
0.0
 40
0.2
  0
CIRCLE
  5
87D5
330
87A0
100
AcDbEntity
  8
发热丝
100
AcDbCircle
 10
187.150154135993
 20
-250.1684089022948
 30
0.0
 40
0.2
  0
CIRCLE
  5
87D6
330
87A0
100
AcDbEntity
  8
发热丝
100
AcDbCircle
 10
187.150154135993
 20
-251.7684089022948
 30
0.0
 40
0.2
  0
CIRCLE
  5
87D7
330
87A0
100
AcDbEntity
  8
发热丝
100
AcDbCircle
 10
187.150154135993
 20
-253.3684089022948
 30
0.0
 40
0.2
  0
CIRCLE
  5
87D8
330
87A0
100
AcDbEntity
  8
发热丝
100
AcDbCircle
 10
187.150154135993
 20
-254.9684089022948
 30
0.0
 40
0.2
  0
CIRCLE
  5
87D9
330
87A0
100
AcDbEntity
  8
发热丝
100
AcDbCircle
 10
187.150154135993
 20
-256.5684089022948
 30
0.0
 40
0.2
  0
CIRCLE
  5
87DA
330
87A0
100
AcDbEntity
  8
发热丝
100
AcDbCircle
 10
187.150154135993
 20
-258.1684089022949
 30
0.0
 40
0.2
  0
CIRCLE
  5
87DB
330
87A0
100
AcDbEntity
  8
发热丝
100
AcDbCircle
 10
187.150154135993
 20
-259.768408902295
 30
0.0
 40
0.2
  0
CIRCLE
  5
87DC
330
87A0
100
AcDbEntity
  8
发热丝
100
AcDbCircle
 10
185.5501541359931
 20
-250.1684089022948
 30
0.0
 40
0.2
  0
CIRCLE
  5
87DD
330
87A0
100
AcDbEntity
  8
发热丝
100
AcDbCircle
 10
185.5501541359931
 20
-251.7684089022948
 30
0.0
 40
0.2
  0
CIRCLE
  5
87DE
330
87A0
100
AcDbEntity
  8
发热丝
100
AcDbCircle
 10
185.5501541359931
 20
-253.3684089022949
 30
0.0
 40
0.2
  0
CIRCLE
  5
87DF
330
87A0
100
AcDbEntity
  8
发热丝
100
AcDbCircle
 10
185.5501541359931
 20
-254.9684089022949
 30
0.0
 40
0.2
  0
CIRCLE
  5
87E0
330
87A0
100
AcDbEntity
  8
发热丝
100
AcDbCircle
 10
185.5501541359931
 20
-256.5684089022949
 30
0.0
 40
0.2
  0
CIRCLE
  5
87E1
330
87A0
100
AcDbEntity
  8
发热丝
100
AcDbCircle
 10
185.5501541359931
 20
-258.1684089022949
 30
0.0
 40
0.2
  0
CIRCLE
  5
87E2
330
87A0
100
AcDbEntity
  8
发热丝
100
AcDbCircle
 10
185.5501541359931
 20
-259.768408902295
 30
0.0
 40
0.2
  0
CIRCLE
  5
87E3
330
87A0
100
AcDbEntity
  8
发热丝
100
AcDbCircle
 10
183.9501541359932
 20
-250.1684089022949
 30
0.0
 40
0.2
  0
CIRCLE
  5
87E4
330
87A0
100
AcDbEntity
  8
发热丝
100
AcDbCircle
 10
183.9501541359932
 20
-251.7684089022949
 30
0.0
 40
0.2
  0
CIRCLE
  5
87E5
330
87A0
100
AcDbEntity
  8
发热丝
100
AcDbCircle
 10
183.9501541359932
 20
-253.3684089022949
 30
0.0
 40
0.2
  0
CIRCLE
  5
87E6
330
87A0
100
AcDbEntity
  8
发热丝
100
AcDbCircle
 10
183.9501541359932
 20
-254.9684089022949
 30
0.0
 40
0.2
  0
CIRCLE
  5
87E7
330
87A0
100
AcDbEntity
  8
发热丝
100
AcDbCircle
 10
183.9501541359932
 20
-256.5684089022949
 30
0.0
 40
0.2
  0
CIRCLE
  5
87E8
330
87A0
100
AcDbEntity
  8
发热丝
100
AcDbCircle
 10
183.9501541359932
 20
-258.1684089022949
 30
0.0
 40
0.2
  0
CIRCLE
  5
87E9
330
87A0
100
AcDbEntity
  8
发热丝
100
AcDbCircle
 10
183.9501541359932
 20
-259.768408902295
 30
0.0
 40
0.2
  0
LWPOLYLINE
  5
87EA
330
87A0
100
AcDbEntity
  8
0
100
AcDbPolyline
 90
       20
 70
     1
 43
0.0
 10
173.4501541359927
 20
-227.7184089022948
 10
173.4501541359927
 20
-170.970353531201
 42
-0.4142135623729785
 10
175.4501541359927
 20
-168.970353531201
 10
223.8501004250552
 20
-168.970353531201
 42
0.4142135623729785
 10
225.8501004250552
 20
-166.970353531201
 10
225.8501004250552
 20
-24.46649132416974
 42
0.4142135623729785
 10
223.8501004250552
 20
-22.46649132416973
 10
-192.1498043601009
 20
-22.46649132416973
 42
0.4142135623731284
 10
-194.1498043601009
 20
-24.46649132416974
 10
-194.1498043601009
 20
-324.4664642733884
 42
0.4142135623731368
 10
-192.1498043601009
 20
-326.4664642733885
 10
171.4501541359926
 20
-326.4664642733885
 42
0.4142135623729785
 10
173.4501541359927
 20
-324.4664642733884
 10
173.4501541359927
 20
-267.7184089022948
 42
-0.4142135623729785
 10
175.4501541359927
 20
-265.7184089022948
 10
196.4501541359927
 20
-265.7184089022948
 42
0.4142135623729785
 10
198.4501541359927
 20
-263.7184089022948
 10
198.4501541359927
 20
-231.7184089022948
 42
0.4142135623729785
 10
196.4501541359927
 20
-229.7184089022948
 10
175.4501541359927
 20
-229.7184089022948
 42
-0.4142135623729785
  0
LWPOLYLINE
  5
87EB
330
87A0
100
AcDbEntity
  8
发热丝
100
AcDbPolyline
 90
      815
 70
     1
 43
0.0
 10
169.0487646092638
 20
-260.7184089022947
 10
191.4501541359927
 20
-260.7184089022947
 42
0.4142135623731618
 10
192.4501541359923
 20
-259.7184089022948
 10
192.4501541359923
 20
-250.2184089022948
 42
0.4142135623731451
 10
191.4501541359927
 20
-249.2184089022946
 10
156.3221337649729
 20
-249.2184089022946
 42
0.4142135623731618
 10
155.3221337649729
 20
-250.2184089022947
 10
155.3221337649729
 20
-306.9370543756408
 42
-0.4142135623729406
 10
153.9207442382458
 20
-308.3384439023685
 10
153.5913343404977
 20
-308.3384439023685
 42
-0.4142135623732497
 10
152.1899448137683
 20
-306.9370543756404
 10
152.1899448137683
 20
-231.9702610842416
 42
0.4142135623730904
 10
145.9913343404969
 20
-225.77165061097
 10
129.8031046472524
 20
-225.77165061097
 42
0.4142135623730984
 10
123.604494173981
 20
-231.9702610842414
 10
123.604494173981
 20
-306.9370543756407
 42
-0.4142135623729497
 10
122.2031046472539
 20
-308.3384439023685
 10
121.8736947495058
 20
-308.3384439023685
 42
-0.4142135623732555
 10
120.4723052227764
 20
-306.9370543756403
 10
120.4723052227764
 20
-279.888215153252
 42
0.4142135623730919
 10
114.273694749505
 20
-273.6896046799804
 10
98.08546505626054
 20
-273.6896046799804
 42
0.414213562373099
 10
91.88685458298914
 20
-279.8882151532518
 10
91.88685458298914
 20
-306.9370543756408
 42
-0.4142135623729436
 10
90.485465056262
 20
-308.3384439023685
 10
90.15605515851396
 20
-308.3384439023685
 42
-0.4142135623732436
 10
88.75466563178452
 20
-306.9370543756404
 10
88.75466563178452
 20
-231.9702610842416
 42
0.4142135623730919
 10
82.55605515851312
 20
-225.77165061097
 10
66.36782546526865
 20
-225.77165061097
 42
0.4142135623730984
 10
60.16921499199725
 20
-231.9702610842414
 10
60.16921499199725
 20
-306.9370543756406
 42
-0.4142135623729525
 10
58.7678254652701
 20
-308.3384439023685
 10
58.43841556752204
 20
-308.3384439023685
 42
-0.4142135623732467
 10
57.03702604079261
 20
-306.9370543756404
 10
57.03702604079261
 20
-279.8882151532521
 42
0.4142135623730927
 10
50.83841556752123
 20
-273.6896046799804
 10
34.65018587427677
 20
-273.6896046799804
 42
0.4142135623730976
 10
28.45157540100536
 20
-279.8882151532518
 10
28.45157540100536
 20
-306.9370543756406
 42
-0.4142135623729521
 10
27.05018587427821
 20
-308.3384439023685
 10
26.72077597653015
 20
-308.3384439023685
 42
-0.4142135623732476
 10
25.31938644980073
 20
-306.9370543756403
 10
25.31938644980073
 20
-234.2190614528447
 42
0.4142135623730951
 10
19.12077597652933
 20
-228.0204509795729
 10
11.00468537022743
 20
-228.0204509795729
 42
-0.2649235936065414
 10
-3.915100198931667
 20
-219.6812082094455
 42
-0.0315817238616774
 10
-6.007674792104808
 20
-219.0757497843514
 42
0.5192084795077328
 10
-14.30139708289835
 20
-224.9095545695188
 10
-14.30139708289835
 20
-306.9370543756406
 42
-0.414213562372951
 10
-15.70278660962549
 20
-308.3384439023685
 10
-16.03219650737355
 20
-308.3384439023685
 42
-0.4142135623732532
 10
-17.43358603410297
 20
-306.9370543756403
 10
-17.43358603410297
 20
-279.888215153252
 42
0.4142135623730927
 10
-23.63219650737438
 20
-273.6896046799804
 10
-39.82042620061885
 20
-273.6896046799804
 42
0.4142135623730995
 10
-46.01903667389024
 20
-279.8882151532518
 10
-46.01903667389024
 20
-306.9370543756406
 42
-0.4142135623729495
 10
-47.42042620061737
 20
-308.3384439023685
 10
-47.74983609836545
 20
-308.3384439023685
 42
-0.4142135623732467
 10
-49.15122562509488
 20
-306.9370543756404
 10
-49.15122562509488
 20
-231.9702610842416
 42
0.4142135623730925
 10
-55.34983609836626
 20
-225.77165061097
 10
-71.53806579161074
 20
-225.77165061097
 42
0.4142135623730984
 10
-77.73667626488212
 20
-231.9702610842414
 10
-77.73667626488212
 20
-306.9370543756407
 42
-0.4142135623729465
 10
-79.13806579160928
 20
-308.3384439023685
 10
-79.46747568935734
 20
-308.3384439023685
 42
-0.4142135623732494
 10
-80.86886521608677
 20
-306.9370543756404
 10
-80.86886521608677
 20
-279.8882151532521
 42
0.4142135623730931
 10
-87.06747568935815
 20
-273.6896046799804
 10
-103.2557053826026
 20
-273.6896046799804
 42
0.414213562373099
 10
-109.454315855874
 20
-279.8882151532518
 10
-109.454315855874
 20
-306.9370543756406
 42
-0.4142135623729525
 10
-110.8557053826011
 20
-308.3384439023685
 10
-111.1851152803492
 20
-308.3384439023685
 42
-0.4142135623732555
 10
-112.5865048070782
 20
-306.9370543756403
 10
-112.5865048070782
 20
-231.9702610842416
 42
0.4142135623730921
 10
-118.78511528035
 20
-225.77165061097
 10
-134.9733449735945
 20
-225.77165061097
 42
0.4142135623730995
 10
-141.1719554468664
 20
-231.9702610842414
 10
-141.1719554468664
 20
-306.9370543756407
 42
-0.4142135623729408
 10
-142.573344973593
 20
-308.3384439023685
 10
-142.9027548713411
 20
-308.3384439023685
 42
-0.4142135623732555
 10
-144.3041443980701
 20
-306.9370543756403
 10
-144.3041443980701
 20
-279.8882151532521
 42
0.4142135623730937
 10
-150.5027548713419
 20
-273.6896046799804
 10
-166.6909845645866
 20
-273.6896046799804
 42
0.4142135623730992
 10
-172.8895950378583
 20
-279.8882151532518
 10
-172.8895950378583
 20
-306.9370543756408
 42
-0.4142135623730061
 10
-174.2909845645856
 20
-308.3384439023685
 10
-174.6203944623341
 20
-308.3384439023685
 42
-0.4142135623732079
 10
-176.0217839890624
 20
-306.9370543756408
 10
-176.0217839890624
 20
-186.6420119641051
 42
-0.4142135623730425
 10
-174.6203944623348
 20
-185.2406224373773
 10
-174.2909845645863
 20
-185.2406224373773
 42
-0.4142135623731344
 10
-172.8895950378583
 20
-186.642011964105
 10
-172.8895950378583
 20
-261.6088052555043
 42
0.4142135623730937
 10
-166.6909845645866
 20
-267.8074157287759
 10
-150.5027548713419
 20
-267.8074157287759
 42
0.4142135623730978
 10
-144.3041443980701
 20
-261.6088052555044
 10
-144.3041443980701
 20
-186.6420119641052
 42
-0.414213562372999
 10
-142.9027548713429
 20
-185.2406224373773
 10
-142.5733449735944
 20
-185.2406224373773
 42
-0.4142135623731987
 10
-141.1719554468664
 20
-186.6420119641051
 10
-141.1719554468664
 20
-213.6908511864938
 42
0.4142135623730931
 10
-134.9733449735945
 20
-219.8894616597655
 10
-118.78511528035
 20
-219.8894616597655
 42
0.4142135623730984
 10
-112.5865048070782
 20
-213.690851186494
 10
-112.5865048070782
 20
-186.6420119641052
 42
-0.4142135623729959
 10
-111.185115280351
 20
-185.2406224373773
 10
-110.8557053826025
 20
-185.2406224373773
 42
-0.4142135623731987
 10
-109.454315855874
 20
-186.6420119641051
 10
-109.454315855874
 20
-261.6088052555042
 42
0.4142135623730919
 10
-103.2557053826026
 20
-267.8074157287759
 10
-87.06747568935815
 20
-267.8074157287759
 42
0.4142135623730992
 10
-80.86886521608677
 20
-261.6088052555044
 10
-80.86886521608677
 20
-186.6420119641052
 42
-0.4142135623730019
 10
-79.46747568935916
 20
-185.2406224373773
 10
-79.13806579161065
 20
-185.2406224373773
 42
-0.4142135623731983
 10
-77.73667626488212
 20
-186.6420119641051
 10
-77.73667626488212
 20
-213.6908511864938
 42
0.4142135623730915
 10
-71.53806579161074
 20
-219.8894616597655
 10
-55.34983609836626
 20
-219.8894616597655
 42
0.4142135623730984
 10
-49.15122562509488
 20
-213.690851186494
 10
-49.15122562509488
 20
-186.6420119641052
 42
-0.4142135623729944
 10
-47.74983609836726
 20
-185.2406224373773
 10
-47.42042620061876
 20
-185.2406224373773
 42
-0.4142135623731952
 10
-46.01903667389024
 20
-186.6420119641051
 10
-46.01903667389024
 20
-261.6088052555043
 42
0.4142135623729421
 10
-39.82042620062202
 20
-267.8074157287759
 10
-39.49101630287396
 20
-267.8074157287759
 42
0.4142135623732476
 10
-33.29240582959892
 20
-261.6088052555039
 10
-33.29240582959892
 20
-228.4375681397979
 42
-0.4142135623730935
 10
-31.89101630287087
 20
-227.03617861307
 10
-31.56160640512371
 20
-227.03617861307
 42
-0.4142135623730951
 10
-30.16021687839566
 20
-228.4375681397979
 10
-30.16021687839566
 20
-261.6088052555042
 42
0.414213562372943
 10
-23.96160640512744
 20
-267.8074157287759
 10
-23.63219650737801
 20
-267.8074157287759
 42
0.4142135623732479
 10
-17.43358603410297
 20
-261.6088052555039
 10
-17.43358603410297
 20
-82.12415034205401
 42
0.4142135623730911
 10
-23.63219650737438
 20
-75.92553986878238
 10
-39.82042620062839
 20
-75.92553986878238
 42
0.4142135623731019
 10
-46.01903667390025
 20
-82.12415034205411
 10
-46.01903667390025
 20
-146.6909436334532
 42
-0.4142135623729443
 10
-47.42042620062693
 20
-148.092333160181
 10
-47.749836098375
 20
-148.092333160181
 42
-0.4142135623732483
 10
-49.15122562510441
 20
-146.6909436334528
 10
-49.15122562510441
 20
-124.8421044110644
 42
0.4142135623730921
 10
-55.34983609837581
 20
-118.6434939377928
 10
-71.53806579162028
 20
-118.6434939377928
 42
0.4142135623730984
 10
-77.73667626489168
 20
-124.8421044110642
 10
-77.73667626489168
 20
-146.6909436334532
 42
-0.4142135623729429
 10
-79.13806579161883
 20
-148.092333160181
 10
-79.46747568936689
 20
-148.092333160181
 42
-0.4142135623732452
 10
-80.86886521609631
 20
-146.6909436334528
 10
-80.86886521609631
 20
-82.12415034205401
 42
0.414213562373094
 10
-87.06747568936769
 20
-75.92553986878238
 10
-103.2557053826121
 20
-75.92553986878238
 42
0.4142135623731031
 10
-109.454315855884
 20
-82.12415034205424
 10
-109.454315855884
 20
-146.6909436334532
 42
-0.4142135623729429
 10
-110.8557053826107
 20
-148.092333160181
 10
-111.1851152803588
 20
-148.092333160181
 42
-0.414213562373246
 10
-112.5865048070882
 20
-146.6909436334528
 10
-112.5865048070882
 20
-124.8421044110644
 42
0.4142135623730919
 10
-118.7851152803596
 20
-118.6434939377928
 10
-134.973344973604
 20
-118.6434939377928
 42
0.4142135623730982
 10
-141.1719554468755
 20
-124.8421044110642
 10
-141.1719554468755
 20
-146.6909436334532
 42
-0.414213562372937
 10
-142.5733449736026
 20
-148.092333160181
 10
-142.9027548713507
 20
-148.092333160181
 42
-0.4142135623732483
 10
-144.3041443980801
 20
-146.6909436334528
 10
-144.3041443980801
 20
-82.12415034205401
 42
0.4142135623730925
 10
-150.5027548713515
 20
-75.92553986878238
 10
-166.6909845645957
 20
-75.92553986878238
 42
0.414213562373099
 10
-172.8895950378676
 20
-82.12415034205401
 10
-172.8895950378676
 20
-146.6909436334531
 42
-0.4142135623730974
 10
-174.2909845645956
 20
-148.0923331601811
 10
-174.6203944623436
 20
-148.0923331601811
 42
-0.4142135623730891
 10
-176.0217839890717
 20
-146.6909436334531
 10
-176.0217839890717
 20
-41.99590122191772
 42
-0.4142135623731961
 10
-174.620394462343
 20
-40.59451169518945
 10
-174.2909845645952
 20
-40.59451169518945
 42
-0.4142135623729942
 10
-172.8895950378676
 20
-41.99590122191761
 10
-172.8895950378676
 20
-63.84474044430601
 42
0.4142135623730971
 10
-166.6909845645955
 20
-70.04335091757809
 10
-150.5027548713515
 20
-70.04335091757809
 42
0.4142135623730971
 10
-144.3041443980792
 20
-63.84474044430588
 10
-144.3041443980792
 20
-41.99590122191761
 42
-0.4142135623729051
 10
-142.9027548713529
 20
-40.59451169518978
 10
-142.5733449736049
 20
-40.59451169518978
 42
-0.414213562373303
 10
-141.1719554468755
 20
-41.99590122191785
 10
-141.1719554468755
 20
-106.5626945133167
 42
0.4142135623730931
 10
-134.973344973604
 20
-112.7613049865883
 10
-118.7851152803596
 20
-112.7613049865883
 42
0.4142135623730971
 10
-112.5865048070882
 20
-106.5626945133168
 10
-112.5865048070882
 20
-41.99590122191761
 42
-0.4142135623728991
 10
-111.185115280361
 20
-40.59451169518978
 10
-110.855705382613
 20
-40.59451169518978
 42
-0.4142135623733
 10
-109.4543158558836
 20
-41.99590122191785
 10
-109.4543158558836
 20
-63.84474044430612
 42
0.4142135623730891
 10
-103.2557053826121
 20
-70.04335091757775
 10
-87.06747568936769
 20
-70.04335091757775
 42
0.4142135623731051
 10
-80.86886521609583
 20
-63.84474044430588
 10
-80.86886521609583
 20
-41.99590122191761
 42
-0.414213562372899
 10
-79.46747568936917
 20
-40.59451169518978
 10
-79.13806579162109
 20
-40.59451169518978
 42
-0.4142135623732941
 10
-77.73667626489168
 20
-41.99590122191785
 10
-77.73667626489168
 20
-106.5626945133167
 42
0.4142135623730925
 10
-71.53806579162028
 20
-112.7613049865883
 10
-55.34983609837581
 20
-112.7613049865883
 42
0.4142135623730971
 10
-49.15122562510441
 20
-106.5626945133168
 10
-49.15122562510441
 20
-41.99590122191761
 42
-0.4142135623728991
 10
-47.74983609837727
 20
-40.59451169518978
 10
-47.4204262006292
 20
-40.59451169518978
 42
-0.4142135623732941
 10
-46.01903667389978
 20
-41.99590122191785
 10
-46.01903667389978
 20
-63.84474044430612
 42
0.4142135623730925
 10
-39.82042620062839
 20
-70.04335091757775
 10
-23.63219650738392
 20
-70.04335091757775
 42
0.4142135623731038
 10
-17.43358603411207
 20
-63.84474044430588
 10
-17.43358603411207
 20
-41.99590122191761
 42
-0.4142135623729087
 10
-16.03219650738538
 20
-40.59451169518978
 10
-15.70278660963731
 20
-40.59451169518978
 42
-0.4142135623732912
 10
-14.3013970829079
 20
-41.99590122191772
 10
-14.3013970829079
 20
-106.5626945133167
 42
0.4142135623730921
 10
-8.102786609636495
 20
-112.7613049865883
 10
8.08544308360797
 20
-112.7613049865883
 42
0.4142135623730982
 10
14.28405355687937
 20
-106.5626945133168
 10
14.28405355687937
 20
-41.99590122191761
 42
-0.4142135623728989
 10
15.68544308360651
 20
-40.59451169518978
 10
16.01485298135458
 20
-40.59451169518978
 42
-0.4142135623732959
 10
17.41624250808399
 20
-41.99590122191785
 10
17.41624250808399
 20
-63.84474044430612
 42
0.4142135623730911
 10
23.6148529813554
 20
-70.04335091757775
 10
39.80308267459987
 20
-70.04335091757775
 42
0.4142135623731044
 10
46.00169314787172
 20
-63.84474044430588
 10
46.00169314787172
 20
-41.99590122191761
 42
-0.4142135623729087
 10
47.4030826745984
 20
-40.59451169518978
 10
47.73249257234646
 20
-40.59451169518978
 42
-0.4142135623732969
 10
49.13388209907589
 20
-41.99590122191785
 10
49.13388209907589
 20
-106.5626945133167
 42
0.4142135623730921
 10
55.33249257234729
 20
-112.7613049865883
 10
71.52072226559176
 20
-112.7613049865883
 42
0.414213562373099
 10
77.71933273886316
 20
-106.5626945133168
 10
77.71933273886316
 20
-41.99590122191761
 42
-0.4142135623728961
 10
79.1207222655903
 20
-40.59451169518978
 10
79.45013216333838
 20
-40.59451169518978
 42
-0.4142135623732956
 10
80.8515216900678
 20
-41.99590122191785
 10
80.8515216900678
 20
-63.84474044430612
 42
0.4142135623730911
 10
87.0501321633392
 20
-70.04335091757775
 10
103.2383618565836
 20
-70.04335091757775
 42
0.4142135623731054
 10
109.4369723298555
 20
-63.84474044430588
 10
109.4369723298555
 20
-41.99590122191761
 42
-0.4142135623728961
 10
110.8383618565822
 20
-40.59451169518978
 10
111.1677717543302
 20
-40.59451169518978
 42
-0.4142135623732973
 10
112.5691612810596
 20
-41.99590122191785
 10
112.5691612810596
 20
-106.5626945133167
 42
0.4142135623730925
 10
118.7677717543311
 20
-112.7613049865883
 10
134.9560014475755
 20
-112.7613049865883
 42
0.4142135623730984
 10
141.1546119208469
 20
-106.5626945133168
 10
141.1546119208469
 20
-41.99590122191761
 42
-0.4142135623728961
 10
142.5560014475741
 20
-40.59451169518978
 10
142.8854113453221
 20
-40.59451169518978
 42
-0.4142135623732881
 10
144.2868008720515
 20
-41.99590122191772
 10
144.2868008720515
 20
-63.84474044430612
 42
0.4142135623730897
 10
150.485411345323
 20
-70.04335091757775
 10
166.6736410385674
 20
-70.04335091757775
 42
0.4142135623731051
 10
172.8722515118396
 20
-63.84474044430588
 10
172.8722515118396
 20
-41.99590122191761
 42
-0.414213562372899
 10
174.273641038566
 20
-40.59451169518978
 10
174.603050936314
 20
-40.59451169518978
 42
-0.4142135623732912
 10
176.0044404630434
 20
-41.99590122191785
 10
176.0044404630434
 20
-106.5626945133167
 42
0.4142135623730919
 10
182.2030509363148
 20
-112.7613049865883
 10
198.3912806295593
 20
-112.7613049865883
 42
0.4142135623731005
 10
204.5898911028307
 20
-106.5626945133168
 10
204.5898911028307
 20
-41.99590122191761
 42
-0.4142135623728991
 10
205.9912806295579
 20
-40.59451169518978
 10
206.3206905273059
 20
-40.59451169518978
 42
-0.4142135623733089
 10
207.7220800540354
 20
-41.99590122191785
 10
207.7220800540354
 20
-149.4409436334531
 42
-0.4142135623729555
 10
206.3206905273082
 20
-150.842333160181
 10
205.9912806295602
 20
-150.842333160181
 42
-0.4142135623732436
 10
204.5898911028307
 20
-149.4409436334528
 10
204.5898911028307
 20
-124.8421044110644
 42
0.4142135623730907
 10
198.3912806295593
 20
-118.6434939377928
 10
182.2030509363148
 20
-118.6434939377928
 42
0.4142135623730977
 10
176.0044404630434
 20
-124.8421044110642
 10
176.0044404630434
 20
-149.4409436334531
 42
-0.4142135623729436
 10
174.6030509363163
 20
-150.842333160181
 10
174.2736410385682
 20
-150.842333160181
 42
-0.4142135623732547
 10
172.8722515118388
 20
-149.4409436334528
 10
172.8722515118388
 20
-82.12415034205401
 42
0.4142135623730911
 10
166.6736410385674
 20
-75.92553986878238
 10
150.485411345323
 20
-75.92553986878238
 42
0.4142135623731024
 10
144.2868008720505
 20
-82.12415034205424
 10
144.2868008720505
 20
-146.6909436334532
 42
-0.4142135623729414
 10
142.8854113453244
 20
-148.092333160181
 10
142.5560014475763
 20
-148.092333160181
 42
-0.414213562373246
 10
141.1546119208469
 20
-146.6909436334528
 10
141.1546119208469
 20
-124.8421044110644
 42
0.4142135623730921
 10
134.9560014475755
 20
-118.6434939377928
 10
118.7677717543311
 20
-118.6434939377928
 42
0.414213562373099
 10
112.5691612810596
 20
-124.8421044110642
 10
112.5691612810596
 20
-146.6909436334532
 42
-0.4142135623729436
 10
111.1677717543325
 20
-148.092333160181
 10
110.8383618565844
 20
-148.092333160181
 42
-0.414213562373249
 10
109.436972329855
 20
-146.6909436334528
 10
109.436972329855
 20
-82.12415034205401
 42
0.4142135623730897
 10
103.2383618565836
 20
-75.92553986878238
 10
87.0501321633392
 20
-75.92553986878238
 42
0.4142135623731024
 10
80.85152169006731
 20
-82.12415034205424
 10
80.85152169006731
 20
-146.6909436334532
 42
-0.414213562372945
 10
79.45013216334064
 20
-148.092333160181
 10
79.12072226559256
 20
-148.092333160181
 42
-0.4142135623732468
 10
77.71933273886316
 20
-146.6909436334528
 10
77.71933273886316
 20
-124.8421044110644
 42
0.4142135623730921
 10
71.52072226559176
 20
-118.6434939377928
 10
55.33249257234729
 20
-118.6434939377928
 42
0.4142135623730982
 10
49.13388209907589
 20
-124.8421044110642
 10
49.13388209907589
 20
-146.6909436334532
 42
-0.414213562372945
 10
47.73249257234875
 20
-148.092333160181
 10
47.40308267460068
 20
-148.092333160181
 42
-0.414213562373246
 10
46.00169314787126
 20
-146.6909436334528
 10
46.00169314787126
 20
-82.12415034205401
 42
0.414213562373091
 10
39.80308267459987
 20
-75.92553986878238
 10
23.6148529813554
 20
-75.92553986878238
 42
0.414213562373101
 10
17.41624250808354
 20
-82.12415034205411
 10
17.41624250808354
 20
-146.6909436334532
 42
-0.4142135623729454
 10
16.01485298135685
 20
-148.092333160181
 10
15.68544308360879
 20
-148.092333160181
 42
-0.4142135623732453
 10
14.28405355687937
 20
-146.6909436334528
 10
14.28405355687937
 20
-124.8421044110644
 42
0.4142135623730925
 10
8.08544308360797
 20
-118.6434939377928
 10
-8.102786609626946
 20
-118.6434939377928
 42
0.414213562373098
 10
-14.30139708289835
 20
-124.8421044110642
 10
-14.30139708289835
 20
-186.8422928508295
 42
0.1339721382583951
 10
-12.40926727405167
 20
-194.035458672061
 42
-0.2679374360512447
 10
-12.40926727405167
 20
-195.4367949493934
 42
0.1316469180909973
 10
-14.30198718515021
 20
-202.500831759601
 10
-14.30198718515021
 20
-202.8302416573491
 42
0.3651835212180231
 10
-2.567157684084122
 20
-216.7545889153915
 42
-0.2303579094387281
 10
-1.57135601376285
 20
-217.4701196290964
 42
0.2781102668457593
 10
10.99108519209585
 20
-224.8876719261168
 10
14.98051447325815
 20
-224.8876719261168
 42
-0.1320720471764046
 10
15.68321020061057
 20
-225.0765799806639
 42
0.1320720471764045
 10
18.79136607878036
 20
-225.9121559736854
 10
19.12077597652933
 20
-225.9121559736854
 42
0.4142135623730949
 10
25.31938644980073
 20
-219.7135455004136
 10
25.31938644980073
 20
-186.6420119641052
 42
-0.4142135623730446
 10
26.72077597652833
 20
-185.2406224373773
 10
27.0501858742764
 20
-185.2406224373773
 42
-0.4142135623731445
 10
28.4515754010049
 20
-186.6420119641051
 10
28.4515754010049
 20
-261.6088052555044
 42
0.4142135623730925
 10
34.65018587427677
 20
-267.807415728776
 10
50.83841556752123
 20
-267.807415728776
 42
0.4142135623730959
 10
57.03702604079261
 20
-261.6088052555043
 10
57.03702604079261
 20
-186.6420119641052
 42
-0.414213562373045
 10
58.43841556752021
 20
-185.2406224373773
 10
58.76782546526829
 20
-185.2406224373773
 42
-0.4142135623731401
 10
60.16921499199679
 20
-186.6420119641051
 10
60.16921499199679
 20
-213.6908511864939
 42
0.4142135623730955
 10
66.36782546526911
 20
-219.8894616597659
 10
82.55605515851266
 20
-219.8894616597659
 42
0.4142135623730896
 10
88.75466563178452
 20
-213.6908511864937
 10
88.75466563178452
 20
-186.6420119641052
 42
-0.414213562373041
 10
90.15605515851211
 20
-185.2406224373773
 10
90.48546505626021
 20
-185.2406224373773
 42
-0.4142135623731457
 10
91.88685458298868
 20
-186.6420119641051
 10
91.88685458298868
 20
-261.6088052555044
 42
0.4142135623730925
 10
98.08546505626054
 20
-267.807415728776
 10
114.273694749505
 20
-267.807415728776
 42
0.4142135623730971
 10
120.4723052227764
 20
-261.6088052555043
 10
120.4723052227764
 20
-186.6420119641052
 42
-0.4142135623730435
 10
121.873694749504
 20
-185.2406224373773
 10
122.2031046472521
 20
-185.2406224373773
 42
-0.4142135623731387
 10
123.6044941739806
 20
-186.6420119641051
 10
123.6044941739806
 20
-213.6908511864939
 42
0.4142135623730959
 10
129.8031046472529
 20
-219.8894616597659
 10
145.9913343404964
 20
-219.8894616597659
 42
0.4142135623730891
 10
152.1899448137683
 20
-213.6908511864937
 10
152.1899448137683
 20
-186.6420119641052
 42
-0.4142135623730401
 10
153.5913343404959
 20
-185.2406224373773
 10
153.920744238244
 20
-185.2406224373773
 42
-0.4142135623731448
 10
155.322133764972
 20
-186.6420119641051
 10
155.322133764972
 20
-245.2184089022948
 42
0.4142135623731618
 10
156.3221337649729
 20
-246.218408902295
 10
191.4501541359927
 20
-246.218408902295
 42
0.4142135623731618
 10
192.4501541359923
 20
-245.2184089022948
 10
192.4501541359923
 20
-235.7184089022948
 42
0.4142135623731451
 10
191.4501541359927
 20
-234.7184089022946
 10
169.0487646092642
 20
-234.7184089022946
 42
-0.4142135623731618
 10
168.0487646092642
 20
-233.7184089022947
 10
168.0487646092642
 20
-178.7126020663571
 42
0.4142135623730962
 10
161.8501541359928
 20
-172.5139915930854
 10
145.6619244427484
 20
-172.5139915930854
 42
0.4142135623730951
 10
139.463313969477
 20
-178.7126020663571
 10
139.463313969477
 20
-205.761441288746
 42
-0.4142135623730928
 10
138.0619244427489
 20
-207.1628308154739
 10
137.7325145450004
 20
-207.1628308154739
 42
-0.4142135623730869
 10
136.3311250182723
 20
-205.7614412887459
 10
136.3311250182723
 20
-178.7126020663571
 42
0.4142135623730955
 10
130.1325145450009
 20
-172.5139915930854
 10
113.9442848517565
 20
-172.5139915930854
 42
0.4142135623730964
 10
107.7456743784851
 20
-178.7126020663571
 10
107.7456743784851
 20
-253.6793953577563
 42
-0.4142135623730891
 10
106.344284851757
 20
-255.0807848844844
 10
106.0148749540085
 20
-255.0807848844844
 42
-0.4142135623730951
 10
104.6134854272804
 20
-253.6793953577563
 10
104.6134854272804
 20
-178.7126020663571
 42
0.4142135623730955
 10
98.41487495400905
 20
-172.5139915930854
 10
82.22664526076458
 20
-172.5139915930854
 42
0.4142135623730958
 10
76.02803478749319
 20
-178.7126020663571
 10
76.02803478749319
 20
-205.7614412887459
 42
-0.4142135623730974
 10
74.62664526076514
 20
-207.1628308154739
 10
74.29723536301662
 20
-207.1628308154739
 42
-0.4142135623730966
 10
72.89584583628857
 20
-205.7614412887459
 10
72.89584583628857
 20
-178.7126020663571
 42
0.4142135623730951
 10
66.69723536301717
 20
-172.5139915930854
 10
50.50900566977269
 20
-172.5139915930854
 42
0.4142135623730951
 10
44.31039519650129
 20
-178.7126020663571
 10
44.31039519650129
 20
-253.6793953577563
 42
-0.4142135623730928
 10
42.90900566977325
 20
-255.0807848844844
 10
42.57959577202472
 20
-255.0807848844844
 42
-0.4142135623730959
 10
41.17820624529668
 20
-253.6793953577563
 10
41.17820624529668
 20
-178.7126020663571
 42
0.4142135623730951
 10
34.97959577202528
 20
-172.5139915930854
 10
18.79136607878081
 20
-172.5139915930854
 42
0.4142135623730951
 10
12.59275560550941
 20
-178.7126020663571
 10
12.59275560550941
 20
-210.7596515550971
 42
-0.414213562373095
 10
11.19136607878135
 20
-212.161041081825
 10
10.86195618103329
 20
-212.161041081825
 42
-0.4142135623730949
 10
9.460566654305239
 20
-210.7596515550971
 10
9.460566654305239
 20
-210.4302416573486
 42
0.4142135623730953
 10
3.261956181033837
 20
-204.2316311840771
 10
-0.1733767118789729
 20
-204.2316311840771
 42
-0.4142135623730921
 10
-1.574766238607025
 20
-202.8302416573492
 10
-1.574766238607025
 20
-202.5008317596009
 42
-0.4142135623730951
 10
-0.1733767118789729
 20
-201.099442232873
 10
3.261956181033383
 20
-201.099442232873
 42
0.4142135623730951
 10
9.460566654304782
 20
-194.9008317596011
 10
9.460566654304782
 20
-194.5714218618529
 42
0.4142135623730949
 10
3.261956181033383
 20
-188.3728113885813
 10
-0.1733767118789729
 20
-188.3728113885813
 42
-0.4142135623730951
 10
-1.574766238607025
 20
-186.9714218618534
 10
-1.574766238607025
 20
-186.642011964105
 42
-0.4142135623730948
 10
-0.1733767118789729
 20
-185.2406224373772
 10
3.261956181033383
 20
-185.2406224373772
 42
0.4142135623730951
 10
9.460566654304782
 20
-179.0420119641055
 10
9.460566654304782
 20
-178.7126020663571
 42
0.414213562373095
 10
3.261956181033383
 20
-172.5139915930854
 10
-0.1733767118789729
 20
-172.5139915930854
 42
-0.4142135623730953
 10
-1.574766238607025
 20
-171.1126020663575
 10
-1.574766238607025
 20
-132.7715143088127
 42
-0.4142135623730959
 10
-0.1733767118785181
 20
-131.3701247820844
 10
0.1560331858599966
 20
-131.3701247820844
 42
-0.4142135623730959
 10
1.557422712588049
 20
-132.7715143088123
 10
1.557422712588049
 20
-154.6203535312012
 42
0.4142135623730951
 10
7.75603318585945
 20
-160.8189640044729
 10
23.94426287910393
 20
-160.8189640044729
 42
0.4142135623730955
 10
30.14287335237532
 20
-154.6203535312012
 10
30.14287335237532
 20
-90.05356023980189
 42
-0.4142135623730962
 10
31.54426287910337
 20
-88.65217071307395
 10
31.8736727768519
 20
-88.65217071307395
 42
-0.4142135623730951
 10
33.27506230357994
 20
-90.05356023980189
 10
33.27506230357994
 20
-154.6203535312012
 42
0.4142135623730951
 10
39.47367277685135
 20
-160.8189640044729
 10
55.66190247009582
 20
-160.8189640044729
 42
0.4142135623730951
 10
61.86051294336721
 20
-154.6203535312012
 10
61.86051294336721
 20
-132.7715143088123
 42
-0.4142135623730951
 10
63.26190247009527
 20
-131.3701247820844
 10
63.59131236784378
 20
-131.3701247820844
 42
-0.4142135623730951
 10
64.99270189457185
 20
-132.7715143088123
 10
64.99270189457185
 20
-154.6203535312012
 42
0.4142135623730951
 10
71.19131236784324
 20
-160.8189640044729
 10
87.37954206108771
 20
-160.8189640044729
 42
0.4142135623730951
 10
93.57815253435909
 20
-154.6203535312012
 10
93.57815253435909
 20
-90.05356023980189
 42
-0.4142135623730951
 10
94.97954206108714
 20
-88.65217071307395
 10
95.30895195883568
 20
-88.65217071307395
 42
-0.4142135623730921
 10
96.71034148556373
 20
-90.05356023980189
 10
96.71034148556373
 20
-154.6203535312012
 42
0.4142135623730957
 10
102.9089519588351
 20
-160.8189640044729
 10
119.0971816520796
 20
-160.8189640044729
 42
0.4142135623730951
 10
125.295792125351
 20
-154.6203535312012
 10
125.295792125351
 20
-132.7715143088123
 42
-0.4142135623730951
 10
126.697181652079
 20
-131.3701247820844
 10
127.0265915498276
 20
-131.3701247820844
 42
-0.4142135623730936
 10
128.4279810765556
 20
-132.7715143088123
 10
128.4279810765556
 20
-154.6203535312012
 42
0.4142135623730957
 10
134.626591549827
 20
-160.8189640044729
 10
150.8148212430715
 20
-160.8189640044729
 42
0.4142135623730962
 10
157.0134317163429
 20
-154.6203535312012
 10
157.0134317163429
 20
-90.05356023980189
 42
-0.4142135623730891
 10
158.4148212430709
 20
-88.65217071307395
 10
158.7442311408194
 20
-88.65217071307395
 42
-0.4142135623731011
 10
160.1456206675475
 20
-90.05356023980189
 10
160.1456206675475
 20
-156.7094495324087
 42
0.2147381553066509
 10
162.2351381358576
 20
-161.3503682427438
 10
162.98158065493
 20
-162.0112722415352
 42
0.1831818476775726
 10
167.0906736598908
 20
-163.5689640044729
 10
182.5324608340634
 20
-163.5689640044729
 42
0.4142135623730966
 10
188.7310713073348
 20
-157.3703535312012
 10
188.7310713073348
 20
-132.7715143088123
 42
-0.4142135623730891
 10
190.1324608340628
 20
-131.3701247820844
 10
190.4618707318113
 20
-131.3701247820844
 42
-0.414213562373104
 10
191.8632602585394
 20
-132.7715143088123
 10
191.8632602585394
 20
-157.3703535312012
 42
0.4142135623730935
 10
198.0618707318108
 20
-163.5689640044729
 10
214.2501004250553
 20
-163.5689640044729
 42
0.4142135623730951
 10
220.4487108983267
 20
-157.3703535312012
 10
220.4487108983267
 20
-34.06649132416954
 42
0.4142135623730966
 10
214.2501004250553
 20
-27.86788085089779
 10
198.0618707318108
 20
-27.86788085089779
 42
0.4142135623730978
 10
191.8632602585394
 20
-34.06649132416954
 10
191.8632602585394
 20
-98.63328461556877
 42
-0.4142135623731011
 10
190.4618707318113
 20
-100.0346741422967
 10
190.1324608340628
 20
-100.0346741422967
 42
-0.4142135623730921
 10
188.7310713073348
 20
-98.63328461556877
 10
188.7310713073348
 20
-34.06649132416954
 42
0.4142135623730978
 10
182.5324608340634
 20
-27.86788085089779
 10
166.3442311408189
 20
-27.86788085089779
 42
0.4142135623730951
 10
160.1456206675475
 20
-34.06649132416954
 10
160.1456206675475
 20
-55.91533054655826
 42
-0.4142135623730921
 10
158.7442311408194
 20
-57.3167200732862
 10
158.4148212430709
 20
-57.3167200732862
 42
-0.4142135623731011
 10
157.0134317163429
 20
-55.91533054655826
 10
157.0134317163429
 20
-34.06649132416954
 42
0.4142135623730951
 10
150.8148212430715
 20
-27.86788085089779
 10
134.626591549827
 20
-27.86788085089779
 42
0.4142135623730944
 10
128.4279810765556
 20
-34.06649132416954
 10
128.4279810765556
 20
-98.63328461556877
 42
-0.4142135623730921
 10
127.0265915498276
 20
-100.0346741422967
 10
126.697181652079
 20
-100.0346741422967
 42
-0.4142135623730921
 10
125.295792125351
 20
-98.63328461556877
 10
125.295792125351
 20
-34.06649132416954
 42
0.4142135623730944
 10
119.0971816520796
 20
-27.86788085089779
 10
102.9089519588351
 20
-27.86788085089779
 42
0.4142135623730966
 10
96.71034148556373
 20
-34.06649132416954
 10
96.71034148556373
 20
-55.91533054655826
 42
-0.4142135623730982
 10
95.30895195883568
 20
-57.3167200732862
 10
94.97954206108714
 20
-57.3167200732862
 42
-0.4142135623730921
 10
93.57815253435909
 20
-55.91533054655826
 10
93.57815253435909
 20
-34.06649132416954
 42
0.4142135623730944
 10
87.37954206108771
 20
-27.86788085089779
 10
71.19131236784324
 20
-27.86788085089779
 42
0.4142135623730959
 10
64.99270189457185
 20
-34.06649132416954
 10
64.99270189457185
 20
-98.63328461556877
 42
-0.4142135623730951
 10
63.59131236784378
 20
-100.0346741422967
 10
63.26190247009527
 20
-100.0346741422967
 42
-0.4142135623730935
 10
61.86051294336721
 20
-98.63328461556877
 10
61.86051294336721
 20
-34.06649132416954
 42
0.4142135623730971
 10
55.66190247009582
 20
-27.86788085089779
 10
39.47367277685135
 20
-27.86788085089779
 42
0.4142135623730957
 10
33.27506230357994
 20
-34.06649132416954
 10
33.27506230357994
 20
-55.91533054655826
 42
-0.4142135623730959
 10
31.8736727768519
 20
-57.3167200732862
 10
31.54426287910337
 20
-57.3167200732862
 42
-0.4142135623730982
 10
30.14287335237532
 20
-55.91533054655826
 10
30.14287335237532
 20
-34.06649132416954
 42
0.4142135623730971
 10
23.94426287910393
 20
-27.86788085089779
 10
7.75603318585945
 20
-27.86788085089779
 42
0.4142135623730944
 10
1.557422712588049
 20
-34.06649132416954
 10
1.557422712588049
 20
-98.63328461556877
 42
-0.4142135623730996
 10
0.1560331858599966
 20
-100.0346741422967
 10
-0.1733767118885225
 20
-100.0346741422967
 42
-0.4142135623730921
 10
-1.574766238616575
 20
-98.63328461556877
 10
-1.574766238616575
 20
-34.06649132416954
 42
0.4142135623730946
 10
-7.773376711887976
 20
-27.86788085089779
 10
-23.96160640513244
 20
-27.86788085089779
 42
0.4142135623730955
 10
-30.16021687840384
 20
-34.06649132416954
 10
-30.16021687840384
 20
-55.91533054655826
 42
-0.4142135623730982
 10
-31.5616064051319
 20
-57.3167200732862
 10
-31.89101630288042
 20
-57.3167200732862
 42
-0.4142135623730982
 10
-33.29240582960847
 20
-55.91533054655826
 10
-33.29240582960847
 20
-34.06649132416954
 42
0.4142135623730944
 10
-39.49101630287987
 20
-27.86788085089779
 10
-55.67924599612434
 20
-27.86788085089779
 42
0.4142135623730959
 10
-61.87785646939572
 20
-34.06649132416954
 10
-61.87785646939572
 20
-98.63328461556877
 42
-0.4142135623730982
 10
-63.27924599612379
 20
-100.0346741422967
 10
-63.60865589387231
 20
-100.0346741422967
 42
-0.4142135623730951
 10
-65.01004542060036
 20
-98.63328461556877
 10
-65.01004542060036
 20
-34.06649132416954
 42
0.4142135623730944
 10
-71.20865589387176
 20
-27.86788085089779
 10
-87.39688558711625
 20
-27.86788085089779
 42
0.4142135623730943
 10
-93.59549606038765
 20
-34.06649132416954
 10
-93.59549606038765
 20
-55.91533054655826
 42
-0.4142135623730891
 10
-94.99688558711568
 20
-57.3167200732862
 10
-95.32629548486418
 20
-57.3167200732862
 42
-0.4142135623730921
 10
-96.72768501159223
 20
-55.91533054655826
 10
-96.72768501159223
 20
-34.06649132416954
 42
0.4142135623730959
 10
-102.9262954848636
 20
-27.86788085089779
 10
-119.1145251781081
 20
-27.86788085089779
 42
0.4142135623730977
 10
-125.3131356513795
 20
-34.06649132416954
 10
-125.3131356513795
 20
-98.63328461556877
 42
-0.414213562373104
 10
-126.7145251781075
 20
-100.0346741422967
 10
-127.0439350758561
 20
-100.0346741422967
 42
-0.4142135623730921
 10
-128.4453246025841
 20
-98.63328461556877
 10
-128.4453246025841
 20
-34.06649132416954
 42
0.4142135623730951
 10
-134.6439350758555
 20
-27.86788085089779
 10
-150.8321647691
 20
-27.86788085089779
 42
0.4142135623730966
 10
-157.0307752423714
 20
-34.06649132416954
 10
-157.0307752423714
 20
-55.91533054655826
 42
-0.4142135623730951
 10
-158.4321647690994
 20
-57.3167200732862
 10
-158.761574666848
 20
-57.3167200732862
 42
-0.4142135623730921
 10
-160.162964193576
 20
-55.91533054655826
 10
-160.162964193576
 20
-34.06649132416987
 42
0.4142135623730925
 10
-166.3615746668479
 20
-27.86788085089779
 10
-182.5498043600914
 20
-27.86788085089779
 42
0.4142135623730978
 10
-188.7484148333635
 20
-34.06649132416987
 10
-188.7484148333635
 20
-154.6203535312011
 42
0.414213562373094
 10
-182.5498043600917
 20
-160.8189640044729
 10
-166.3615746668476
 20
-160.8189640044729
 42
0.4142135623730952
 10
-160.162964193576
 20
-154.6203535312011
 10
-160.162964193576
 20
-90.05356023980198
 42
-0.4142135623730951
 10
-158.761574666848
 20
-88.65217071307395
 10
-158.4321647690994
 20
-88.65217071307395
 42
-0.4142135623731039
 10
-157.0307752423714
 20
-90.05356023980189
 10
-157.0307752423714
 20
-154.6203535312012
 42
0.4142135623730951
 10
-150.8321647691
 20
-160.8189640044729
 10
-134.6439350758555
 20
-160.8189640044729
 42
0.4142135623730937
 10
-128.4453246025841
 20
-154.6203535312012
 10
-128.4453246025841
 20
-132.7715143088123
 42
-0.4142135623730951
 10
-127.0439350758561
 20
-131.3701247820844
 10
-126.7145251781075
 20
-131.3701247820844
 42
-0.4142135623730906
 10
-125.3131356513795
 20
-132.7715143088123
 10
-125.3131356513795
 20
-154.6203535312012
 42
0.4142135623730935
 10
-119.1145251781081
 20
-160.8189640044729
 10
-102.9262954848636
 20
-160.8189640044729
 42
0.4142135623730951
 10
-96.72768501159223
 20
-154.6203535312012
 10
-96.72768501159223
 20
-90.05356023980189
 42
-0.4142135623730921
 10
-95.32629548486418
 20
-88.65217071307395
 10
-94.99688558711568
 20
-88.65217071307395
 42
-0.4142135623730921
 10
-93.59549606038765
 20
-90.05356023980189
 10
-93.59549606038765
 20
-154.6203535312012
 42
0.4142135623730957
 10
-87.39688558711625
 20
-160.8189640044729
 10
-71.20865589387176
 20
-160.8189640044729
 42
0.4142135623730944
 10
-65.01004542060036
 20
-154.6203535312012
 10
-65.01004542060036
 20
-132.7715143088123
 42
-0.4142135623730982
 10
-63.60865589387231
 20
-131.3701247820844
 10
-63.27924599612379
 20
-131.3701247820844
 42
-0.4142135623730951
 10
-61.87785646939572
 20
-132.7715143088123
 10
-61.87785646939572
 20
-154.6203535312012
 42
0.4142135623730959
 10
-55.67924599612434
 20
-160.8189640044729
 10
-39.49101630287987
 20
-160.8189640044729
 42
0.4142135623730949
 10
-33.29240582960847
 20
-154.6203535312012
 10
-33.29240582960847
 20
-90.05356023980189
 42
-0.4142135623730906
 10
-31.89101630288042
 20
-88.65217071307395
 10
-31.5616064051319
 20
-88.65217071307395
 42
-0.4142135623730906
 10
-30.16021687840384
 20
-90.05356023980189
 10
-30.16021687840384
 20
-174.9126020663573
 10
-30.16021687839475
 20
-212.9081582420496
 42
-0.41421356237311
 10
-31.5616064051228
 20
-214.3095477687783
 10
-31.89101630287041
 20
-214.3095477687783
 42
-0.4142135623731457
 10
-33.29240582959892
 20
-212.9081582420504
 10
-33.29240582959892
 20
-178.7126020663571
 42
0.4142135623730949
 10
-39.49101630287032
 20
-172.5139915930854
 10
-55.67924599611479
 20
-172.5139915930854
 42
0.4142135623730951
 10
-61.87785646938618
 20
-178.7126020663571
 10
-61.87785646938618
 20
-205.761441288746
 42
-0.4142135623730996
 10
-63.27924599611424
 20
-207.1628308154739
 10
-63.60865589386276
 20
-207.1628308154739
 42
-0.4142135623730982
 10
-65.01004542059082
 20
-205.7614412887459
 10
-65.01004542059082
 20
-178.7126020663571
 42
0.4142135623730955
 10
-71.2086558938622
 20
-172.5139915930854
 10
-87.39688558710668
 20
-172.5139915930854
 42
0.4142135623730951
 10
-93.59549606037807
 20
-178.7126020663571
 10
-93.59549606037807
 20
-253.6793953577564
 42
-0.4142135623730891
 10
-94.99688558710614
 20
-255.0807848844844
 10
-95.32629548485465
 20
-255.0807848844844
 42
-0.4142135623730951
 10
-96.72768501158273
 20
-253.6793953577563
 10
-96.72768501158273
 20
-178.7126020663571
 42
0.4142135623730949
 10
-102.9262954848541
 20
-172.5139915930854
 10
-119.1145251780985
 20
-172.5139915930854
 42
0.4142135623730951
 10
-125.3131356513704
 20
-178.7126020663571
 10
-125.3131356513704
 20
-205.7614412887459
 42
-0.4142135623730878
 10
-126.714525178098
 20
-207.1628308154739
 10
-127.0439350758465
 20
-207.1628308154739
 42
-0.4142135623730891
 10
-128.4453246025741
 20
-205.7614412887459
 10
-128.4453246025741
 20
-178.7126020663571
 42
0.4142135623730935
 10
-134.643935075846
 20
-172.5139915930854
 10
-150.8321647690904
 20
-172.5139915930854
 42
0.4142135623730951
 10
-157.0307752423623
 20
-178.7126020663571
 10
-157.0307752423623
 20
-253.6793953577563
 42
-0.4142135623730982
 10
-158.4321647690899
 20
-255.0807848844844
 10
-158.7615746668384
 20
-255.0807848844844
 42
-0.4142135623730951
 10
-160.1629641935665
 20
-253.6793953577563
 10
-160.1629641935665
 20
-178.7126020663571
 42
0.4142135623730944
 10
-166.3615746668381
 20
-172.5139915930854
 10
-182.5498043600826
 20
-172.5139915930854
 42
0.4142135623730982
 10
-188.7484148333541
 20
-178.7126020663571
 10
-188.7484148333541
 20
-314.8664642733887
 42
0.4142135623730937
 10
-182.5498043600826
 20
-321.0650747466604
 10
-166.3615746668381
 20
-321.0650747466604
 42
0.4142135623730937
 10
-160.1629641935665
 20
-314.8664642733888
 10
-160.1629641935665
 20
-287.817625051
 42
-0.4142135623730921
 10
-158.7615746668384
 20
-286.416235524272
 10
-158.4321647690899
 20
-286.416235524272
 42
-0.4142135623730982
 10
-157.0307752423623
 20
-287.8176250509999
 10
-157.0307752423623
 20
-314.8664642733887
 42
0.4142135623730937
 10
-150.8321647690904
 20
-321.0650747466604
 10
-134.643935075846
 20
-321.0650747466604
 42
0.4142135623730951
 10
-128.4453246025741
 20
-314.8664642733887
 10
-128.4453246025741
 20
-239.8996709819895
 42
-0.4142135623730863
 10
-127.0439350758465
 20
-238.4982814552616
 10
-126.714525178098
 20
-238.4982814552616
 42
-0.4142135623730921
 10
-125.3131356513704
 20
-239.8996709819895
 10
-125.3131356513704
 20
-314.8664642733887
 42
0.4142135623730951
 10
-119.1145251780985
 20
-321.0650747466604
 10
-102.9262954848541
 20
-321.0650747466604
 42
0.4142135623730944
 10
-96.72768501158273
 20
-314.8664642733887
 10
-96.72768501158273
 20
-287.8176250509999
 42
-0.4142135623730921
 10
-95.32629548485465
 20
-286.416235524272
 10
-94.99688558710614
 20
-286.416235524272
 42
-0.4142135623730921
 10
-93.59549606037807
 20
-287.8176250509999
 10
-93.59549606037807
 20
-314.8664642733887
 42
0.4142135623730959
 10
-87.39688558710668
 20
-321.0650747466604
 10
-71.2086558938622
 20
-321.0650747466604
 42
0.4142135623730959
 10
-65.01004542059082
 20
-314.8664642733887
 10
-65.01004542059082
 20
-239.8996709819895
 42
-0.4142135623730951
 10
-63.60865589386276
 20
-238.4982814552616
 10
-63.27924599611424
 20
-238.4982814552616
 42
-0.4142135623730921
 10
-61.87785646938618
 20
-239.8996709819895
 10
-61.87785646938618
 20
-314.8664642733887
 42
0.4142135623730959
 10
-55.67924599611479
 20
-321.0650747466604
 10
-39.49101630287032
 20
-321.0650747466604
 42
0.4142135623730966
 10
-33.29240582959892
 20
-314.8664642733887
 10
-33.29240582959892
 20
-287.8176250509999
 42
-0.4142135623730935
 10
-31.89101630287087
 20
-286.416235524272
 10
-31.56160640512235
 20
-286.416235524272
 42
-0.4142135623730935
 10
-30.1602168783943
 20
-287.8176250509999
 10
-30.1602168783943
 20
-314.8664642733887
 42
0.4142135623730966
 10
-23.96160640512289
 20
-321.0650747466604
 10
3.261956181033837
 20
-321.0650747466604
 42
0.4142135623730966
 10
9.460566654305239
 20
-314.8664642733887
 10
9.460566654305239
 20
-314.5370543756404
 42
0.4142135623730958
 10
3.261956181033837
 20
-308.3384439023687
 10
-0.1733767118785181
 20
-308.3384439023687
 42
-0.4142135623730951
 10
-1.574766238606571
 20
-306.9370543756408
 10
-1.574766238606571
 20
-306.6076444778925
 42
-0.4142135623730878
 10
-0.1733767118785181
 20
-305.2062549511646
 10
3.261956181033837
 20
-305.2062549511646
 42
0.4142135623730951
 10
9.460566654305239
 20
-299.0076444778929
 10
9.460566654305239
 20
-298.6782345801446
 42
0.4142135623730936
 10
3.261956181033837
 20
-292.4796241068729
 10
-0.1733767118785181
 20
-292.4796241068729
 42
-0.4142135623730951
 10
-1.574766238606571
 20
-291.0782345801449
 10
-1.574766238606571
 20
-290.7488246823966
 42
-0.4142135623730913
 10
-0.1733767118785181
 20
-289.3474351556687
 10
3.261956181033837
 20
-289.3474351556687
 42
0.4142135623730951
 10
9.460566654305239
 20
-283.148824682397
 10
9.460566654305239
 20
-282.8194147846488
 42
0.4142135623730951
 10
3.261956181033837
 20
-276.620804311377
 10
-0.1733767118785181
 20
-276.620804311377
 42
-0.4142135623730921
 10
-1.574766238606571
 20
-275.2194147846491
 10
-1.574766238606571
 20
-274.8900048869008
 42
-0.4142135623730913
 10
-0.1733767118785181
 20
-273.4886153601729
 10
3.261956181033837
 20
-273.4886153601729
 42
0.4142135623730951
 10
9.460566654305239
 20
-267.2900048869012
 10
9.460566654305239
 20
-266.9605949891529
 42
0.4142135623730951
 10
3.261956181033837
 20
-260.7619845158812
 10
-0.1733767118785181
 20
-260.7619845158812
 42
-0.4142135623730959
 10
-1.574766238606571
 20
-259.3605949891532
 10
-1.574766238606571
 20
-259.031185091405
 42
-0.4142135623730974
 10
-0.1733767118785181
 20
-257.6297955646771
 10
3.261956181033837
 20
-257.6297955646771
 42
0.4142135623730951
 10
9.460566654305239
 20
-251.4311850914054
 10
9.460566654305239
 20
-251.1017751936571
 42
0.4142135623730951
 10
3.261956181033837
 20
-244.9031647203853
 10
-0.17278660962711
 20
-244.9031647203853
 42
-0.4142135623730951
 10
-1.574176136355163
 20
-243.5017751936574
 10
-1.574176136355163
 20
-240.1461544355685
 42
-0.5237953178792055
 10
0.3198534979546821
 20
-238.8342099512148
 42
0.0916265399671736
 10
11.05008471404699
 20
-240.7476719261168
 10
11.19077597652949
 20
-240.7476719261168
 42
-0.4142135623730949
 10
12.59216550325755
 20
-242.1490614528447
 10
12.59216550325755
 20
-314.8664642733887
 42
0.4142135623730953
 10
18.79077597652895
 20
-321.0650747466604
 10
34.97959577202528
 20
-321.0650747466604
 42
0.4142135623730951
 10
41.17820624529668
 20
-314.8664642733887
 10
41.17820624529668
 20
-287.8176250509999
 42
-0.4142135623730913
 10
42.57959577202472
 20
-286.416235524272
 10
42.90900566977325
 20
-286.416235524272
 42
-0.4142135623730951
 10
44.31039519650129
 20
-287.8176250509999
 10
44.31039519650129
 20
-314.8664642733887
 42
0.4142135623730951
 10
50.50900566977269
 20
-321.0650747466604
 10
66.69723536301717
 20
-321.0650747466604
 42
0.4142135623730959
 10
72.89584583628857
 20
-314.8664642733887
 10
72.89584583628857
 20
-239.8996709819895
 42
-0.4142135623730982
 10
74.29723536301662
 20
-238.4982814552616
 10
74.62664526076514
 20
-238.4982814552616
 42
-0.4142135623730951
 10
76.02803478749319
 20
-239.8996709819895
 10
76.02803478749319
 20
-314.8664642733887
 42
0.4142135623730959
 10
82.22664526076458
 20
-321.0650747466604
 10
98.41487495400905
 20
-321.0650747466604
 42
0.4142135623730971
 10
104.6134854272804
 20
-314.8664642733887
 10
104.6134854272804
 20
-287.8176250509999
 42
-0.4142135623730921
 10
106.0148749540085
 20
-286.416235524272
 10
106.344284851757
 20
-286.416235524272
 42
-0.4142135623730951
 10
107.7456743784851
 20
-287.8176250509999
 10
107.7456743784851
 20
-314.8664642733887
 42
0.4142135623730959
 10
113.9442848517565
 20
-321.0650747466604
 10
130.1325145450009
 20
-321.0650747466604
 42
0.4142135623730966
 10
136.3311250182723
 20
-314.8664642733887
 10
136.3311250182723
 20
-239.8996709819895
 42
-0.4142135623730891
 10
137.7325145450004
 20
-238.4982814552616
 10
138.0619244427489
 20
-238.4982814552616
 42
-0.4142135623730921
 10
139.463313969477
 20
-239.8996709819895
 10
139.463313969477
 20
-314.8664642733887
 42
0.4142135623730966
 10
145.6619244427484
 20
-321.0650747466604
 10
161.8501541359928
 20
-321.0650747466604
 42
0.4142135623730951
 10
168.0487646092642
 20
-314.8664642733887
 10
168.0487646092642
 20
-261.7184089022948
 42
-0.4142135623731618
  0
LWPOLYLINE
  5
87EC
330
87A0
100
AcDbEntity
  8
参照
100
AcDbPolyline
 90
      381
 70
     0
 43
0.0
 10
157.7207442382445
 20
-256.9240991769567
 10
157.7207442382445
 20
-306.9370543756406
 42
-0.414213562373139
 10
153.9207442382444
 20
-310.7370543756403
 10
153.5913343404986
 20
-310.7370543756403
 42
-0.4142135623732134
 10
149.7913343404966
 20
-306.9370543756406
 10
149.7913343404966
 20
-231.9702610842417
 42
0.4142135623731387
 10
145.9913343404964
 20
-228.1702610842419
 10
129.8031046472529
 20
-228.1702610842419
 42
0.4142135623731477
 10
126.0031046472527
 20
-231.9702610842417
 10
126.0031046472527
 20
-306.9370543756406
 42
-0.414213562373139
 10
122.2031046472525
 20
-310.7370543756403
 10
121.8736947495067
 20
-310.7370543756403
 42
-0.4142135623732134
 10
118.0736947495047
 20
-306.9370543756406
 10
118.0736947495047
 20
-279.8882151532521
 42
0.4142135623731387
 10
114.2736947495045
 20
-276.0882151532523
 10
98.085465056261
 20
-276.0882151532523
 42
0.4142135623731477
 10
94.28546505626082
 20
-279.8882151532521
 10
94.28546505626082
 20
-306.9370543756406
 42
-0.414213562373139
 10
90.48546505626063
 20
-310.7370543756403
 10
90.15605515851484
 20
-310.7370543756403
 42
-0.4142135623732134
 10
86.35605515851285
 20
-306.9370543756406
 10
86.35605515851285
 20
-231.9702610842417
 42
0.4142135623731387
 10
82.55605515851266
 20
-228.1702610842419
 10
66.36782546526911
 20
-228.1702610842419
 42
0.4142135623731477
 10
62.56782546526892
 20
-231.9702610842417
 10
62.56782546526892
 20
-306.9370543756406
 42
-0.414213562373139
 10
58.76782546526874
 20
-310.7370543756403
 10
58.43841556752295
 20
-310.7370543756403
 42
-0.4142135623732134
 10
54.63841556752095
 20
-306.9370543756406
 10
54.63841556752095
 20
-279.8882151532521
 42
0.4142135623731387
 10
50.83841556752076
 20
-276.0882151532523
 10
34.65018587427721
 20
-276.0882151532523
 42
0.4142135623731477
 10
30.85018587427703
 20
-279.8882151532521
 10
30.85018587427703
 20
-306.9370543756406
 42
-0.414213562373139
 10
27.05018587427685
 20
-310.7370543756403
 10
26.72077597653106
 20
-310.7370543756403
 42
-0.4142135623732134
 10
22.92077597652906
 20
-306.9370543756406
 10
22.92077597652906
 20
-234.2190614528449
 42
0.4142135623731389
 10
19.12077597652887
 20
-230.4190614528449
 10
11.01427975876231
 20
-230.4190614528449
 42
-0.2510017998412165
 10
-5.420996323926373
 20
-221.7769587452049
 42
-0.0186505720460556
 10
-6.81839796463737
 20
-221.3331952742822
 42
0.5192084795076855
 10
-11.90278660962667
 20
-224.9095545695185
 10
-11.90278660962667
 20
-306.9370543756406
 42
-0.414213562373139
 10
-15.70278660962685
 20
-310.7370543756403
 10
-16.03219650737264
 20
-310.7370543756403
 42
-0.4142135623732134
 10
-19.83219650737465
 20
-306.9370543756406
 10
-19.83219650737465
 20
-279.8882151532521
 42
0.4142135623731387
 10
-23.63219650737483
 20
-276.0882151532523
 10
-39.82042620061839
 20
-276.0882151532523
 42
0.4142135623731477
 10
-43.62042620061855
 20
-279.8882151532521
 10
-43.62042620061855
 20
-306.9370543756406
 42
-0.414213562373139
 10
-47.42042620061876
 20
-310.7370543756403
 10
-47.74983609836453
 20
-310.7370543756403
 42
-0.4142135623732134
 10
-51.54983609836653
 20
-306.9370543756406
 10
-51.54983609836653
 20
-231.9702610842417
 42
0.4142135623731387
 10
-55.34983609836672
 20
-228.1702610842419
 10
-71.53806579161027
 20
-228.1702610842419
 42
0.4142135623731477
 10
-75.33806579161044
 20
-231.9702610842417
 10
-75.33806579161044
 20
-306.9370543756406
 42
-0.414213562373139
 10
-79.13806579161065
 20
-310.7370543756403
 10
-79.46747568935645
 20
-310.7370543756403
 42
-0.4142135623732134
 10
-83.26747568935843
 20
-306.9370543756406
 10
-83.26747568935843
 20
-279.8882151532521
 42
0.4142135623731387
 10
-87.06747568935861
 20
-276.0882151532523
 10
-103.2557053826022
 20
-276.0882151532523
 42
0.4142135623731477
 10
-107.0557053826023
 20
-279.8882151532521
 10
-107.0557053826023
 20
-306.9370543756406
 42
-0.414213562373139
 10
-110.8557053826025
 20
-310.7370543756403
 10
-111.1851152803483
 20
-310.7370543756403
 42
-0.4142135623732134
 10
-114.9851152803503
 20
-306.9370543756406
 10
-114.9851152803503
 20
-231.9702610842417
 42
0.4142135623731387
 10
-118.7851152803505
 20
-228.1702610842419
 10
-134.9733449735941
 20
-228.1702610842419
 42
0.4142135623731477
 10
-138.7733449735942
 20
-231.9702610842417
 10
-138.7733449735942
 20
-306.9370543756406
 42
-0.414213562373139
 10
-142.5733449735944
 20
-310.7370543756403
 10
-142.9027548713402
 20
-310.7370543756403
 42
-0.4142135623732134
 10
-146.7027548713422
 20
-306.9370543756406
 10
-146.7027548713422
 20
-279.8882151532521
 42
0.4142135623731387
 10
-150.5027548713424
 20
-276.0882151532523
 10
-166.6909845645864
 20
-276.0882151532523
 42
0.4142135623731347
 10
-170.4909845645864
 20
-279.8882151532521
 10
-170.4909845645864
 20
-306.9370543756406
 42
-0.4142135623731261
 10
-174.2909845645863
 20
-310.7370543756405
 10
-174.620394462333
 20
-310.7370543756405
 42
-0.4142135623732396
 10
-178.4203944623343
 20
-306.9370543756406
 10
-178.4203944623343
 20
-186.6420119641053
 42
-0.41421356237313
 10
-174.6203944623344
 20
-182.8420119641054
 10
-174.2909845645869
 20
-182.8420119641054
 42
-0.4142135623731872
 10
-170.4909845645864
 20
-186.6420119641053
 10
-170.4909845645864
 20
-261.6088052555042
 42
0.414213562373126
 10
-166.6909845645864
 20
-265.408805255504
 10
-150.5027548713424
 20
-265.408805255504
 42
0.414213562373139
 10
-146.7027548713422
 20
-261.6088052555042
 10
-146.7027548713422
 20
-186.6420119641053
 42
-0.4142135623731433
 10
-142.902754871342
 20
-182.8420119641054
 10
-142.5733449735953
 20
-182.8420119641054
 42
-0.4142135623732179
 10
-138.7733449735942
 20
-186.6420119641053
 10
-138.7733449735942
 20
-213.6908511864937
 42
0.4142135623731389
 10
-134.9733449735941
 20
-217.4908511864936
 10
-118.7851152803505
 20
-217.4908511864936
 42
0.4142135623731476
 10
-114.9851152803503
 20
-213.6908511864937
 10
-114.9851152803503
 20
-186.6420119641053
 42
-0.4142135623731433
 10
-111.1851152803501
 20
-182.8420119641054
 10
-110.8557053826034
 20
-182.8420119641054
 42
-0.4142135623732179
 10
-107.0557053826023
 20
-186.6420119641053
 10
-107.0557053826023
 20
-261.6088052555042
 42
0.4142135623731389
 10
-103.2557053826022
 20
-265.408805255504
 10
-87.06747568935861
 20
-265.408805255504
 42
0.4142135623731476
 10
-83.26747568935843
 20
-261.6088052555042
 10
-83.26747568935843
 20
-186.6420119641053
 42
-0.4142135623731433
 10
-79.46747568935825
 20
-182.8420119641054
 10
-79.13806579161155
 20
-182.8420119641054
 42
-0.4142135623732179
 10
-75.33806579161044
 20
-186.6420119641053
 10
-75.33806579161044
 20
-213.6908511864937
 42
0.4142135623731389
 10
-71.53806579161027
 20
-217.4908511864936
 10
-55.34983609836672
 20
-217.4908511864936
 42
0.4142135623731476
 10
-51.54983609836653
 20
-213.6908511864937
 10
-51.54983609836653
 20
-186.6420119641053
 42
-0.4142135623731433
 10
-47.74983609836636
 20
-182.8420119641054
 10
-47.42042620061964
 20
-182.8420119641054
 42
-0.4142135623732179
 10
-43.62042620061855
 20
-186.6420119641053
 10
-43.62042620061855
 20
-261.6088052555042
 42
0.4142135623731389
 10
-39.82042620061839
 20
-265.408805255504
 10
-39.49101630287259
 20
-265.408805255504
 42
0.4142135623732134
 10
-35.6910163028706
 20
-261.6088052555042
 10
-35.6910163028706
 20
-228.4375681397981
 42
-0.4142135623731433
 10
-31.89101630287041
 20
-224.6375681397982
 10
-31.56160640512418
 20
-224.6375681397982
 42
-0.4142135623731433
 10
-27.76160640512399
 20
-228.4375681397981
 10
-27.76160640512399
 20
-261.6088052555042
 42
0.4142135623731389
 10
-23.9616064051238
 20
-265.408805255504
 10
-23.63219650737665
 20
-265.408805255504
 42
0.4142135623732134
 10
-19.83219650737465
 20
-261.6088052555042
 10
-19.83219650737465
 20
-82.12415034205401
 42
0.41421356237313
 10
-23.63219650737483
 20
-78.32415034205428
 10
-39.82042620062794
 20
-78.32415034205428
 42
0.414213562373139
 10
-43.62042620062856
 20
-82.12415034205411
 10
-43.62042620062856
 20
-146.690943633453
 42
-0.4142135623731433
 10
-47.4204262006283
 20
-150.4909436334529
 10
-47.74983609837408
 20
-150.4909436334529
 42
-0.4142135623732134
 10
-51.54983609837609
 20
-146.690943633453
 10
-51.54983609837609
 20
-124.8421044110645
 42
0.4142135623731387
 10
-55.34983609837627
 20
-121.0421044110647
 10
-71.53806579161983
 20
-121.0421044110647
 42
0.4142135623731477
 10
-75.33806579162001
 20
-124.8421044110645
 10
-75.33806579162001
 20
-146.690943633453
 42
-0.414213562373139
 10
-79.13806579162019
 20
-150.4909436334529
 10
-79.46747568936598
 20
-150.4909436334529
 42
-0.4142135623732134
 10
-83.26747568936799
 20
-146.690943633453
 10
-83.26747568936799
 20
-82.12415034205401
 42
0.41421356237313
 10
-87.06747568936817
 20
-78.32415034205428
 10
-103.2557053826117
 20
-78.32415034205428
 42
0.414213562373139
 10
-107.0557053826123
 20
-82.12415034205411
 10
-107.0557053826123
 20
-146.690943633453
 42
-0.4142135623731433
 10
-110.8557053826121
 20
-150.4909436334529
 10
-111.1851152803579
 20
-150.4909436334529
 42
-0.4142135623732134
 10
-114.9851152803599
 20
-146.690943633453
 10
-114.9851152803599
 20
-124.8421044110645
 42
0.4142135623731387
 10
-118.78511528036
 20
-121.0421044110647
 10
-134.9733449736036
 20
-121.0421044110647
 42
0.4142135623731477
 10
-138.7733449736038
 20
-124.8421044110645
 10
-138.7733449736038
 20
-146.690943633453
 42
-0.414213562373139
 10
-142.573344973604
 20
-150.4909436334529
 10
-142.9027548713498
 20
-150.4909436334529
 42
-0.4142135623732134
 10
-146.7027548713518
 20
-146.690943633453
 10
-146.7027548713518
 20
-82.12415034205401
 42
0.41421356237313
 10
-150.5027548713519
 20
-78.32415034205428
 10
-166.6909845645957
 20
-78.32415034205428
 42
0.4142135623731038
 10
-170.4909845645957
 20
-82.12415034205411
 10
-170.4909845645957
 20
-146.690943633453
 42
-0.4142135623730995
 10
-174.2909845645956
 20
-150.490943633453
 10
-174.6203944623436
 20
-150.490943633453
 42
-0.4142135623730993
 10
-178.4203944623437
 20
-146.690943633453
 10
-178.4203944623437
 20
-41.99590122191761
 42
-0.4142135623730688
 10
-174.6203944623436
 20
-38.19590122191755
 10
-174.2909845645943
 20
-38.19590122191755
 42
-0.414213562372999
 10
-170.4909845645957
 20
-41.99590122191772
 10
-170.4909845645957
 20
-63.84474044430612
 42
0.4142135623730688
 10
-166.6909845645957
 20
-67.64474044430618
 10
-150.5027548713519
 20
-67.64474044430618
 42
0.4142135623731302
 10
-146.7027548713513
 20
-63.84474044430612
 10
-146.7027548713513
 20
-41.99590122191772
 42
-0.414213562373139
 10
-142.9027548713516
 20
-38.19590122191789
 10
-142.5733449736062
 20
-38.19590122191789
 42
-0.4142135623732616
 10
-138.7733449736038
 20
-41.99590122191761
 10
-138.7733449736038
 20
-106.5626945133165
 42
0.4142135623731389
 10
-134.9733449736036
 20
-110.3626945133164
 10
-118.78511528036
 20
-110.3626945133164
 42
0.4142135623731476
 10
-114.9851152803599
 20
-106.5626945133165
 10
-114.9851152803599
 20
-41.99590122191761
 42
-0.41421356237313
 10
-111.1851152803597
 20
-38.19590122191789
 10
-110.8557053826143
 20
-38.19590122191789
 42
-0.4142135623732616
 10
-107.0557053826119
 20
-41.99590122191761
 10
-107.0557053826119
 20
-63.84474044430612
 42
0.4142135623731302
 10
-103.2557053826117
 20
-67.64474044430585
 10
-87.06747568936817
 20
-67.64474044430585
 42
0.414213562373139
 10
-83.26747568936751
 20
-63.84474044430601
 10
-83.26747568936751
 20
-41.99590122191772
 42
-0.414213562373139
 10
-79.4674756893678
 20
-38.19590122191789
 10
-79.13806579162247
 20
-38.19590122191789
 42
-0.4142135623732616
 10
-75.33806579162001
 20
-41.99590122191761
 10
-75.33806579162001
 20
-106.5626945133165
 42
0.4142135623731389
 10
-71.53806579161983
 20
-110.3626945133164
 10
-55.34983609837627
 20
-110.3626945133164
 42
0.4142135623731476
 10
-51.54983609837609
 20
-106.5626945133165
 10
-51.54983609837609
 20
-41.99590122191761
 42
-0.41421356237313
 10
-47.74983609837589
 20
-38.19590122191789
 10
-47.42042620063057
 20
-38.19590122191789
 42
-0.4142135623732616
 10
-43.62042620062811
 20
-41.99590122191761
 10
-43.62042620062811
 20
-63.84474044430612
 42
0.4142135623731302
 10
-39.82042620062794
 20
-67.64474044430585
 10
-23.63219650738438
 20
-67.64474044430585
 42
0.414213562373139
 10
-19.83219650738374
 20
-63.84474044430601
 10
-19.83219650738374
 20
-41.99590122191772
 42
-0.414213562373139
 10
-16.03219650738401
 20
-38.19590122191789
 10
-15.70278660963868
 20
-38.19590122191789
 42
-0.4142135623732616
 10
-11.90278660963622
 20
-41.99590122191761
 10
-11.90278660963622
 20
-106.5626945133165
 42
0.4142135623731389
 10
-8.102786609636041
 20
-110.3626945133164
 10
8.085443083607515
 20
-110.3626945133164
 42
0.4142135623731476
 10
11.8854430836077
 20
-106.5626945133165
 10
11.8854430836077
 20
-41.99590122191761
 42
-0.41421356237313
 10
15.68544308360788
 20
-38.19590122191789
 10
16.01485298135321
 20
-38.19590122191789
 42
-0.4142135623732616
 10
19.81485298135567
 20
-41.99590122191761
 10
19.81485298135567
 20
-63.84474044430612
 42
0.4142135623731302
 10
23.61485298135585
 20
-67.64474044430585
 10
39.8030826745994
 20
-67.64474044430585
 42
0.414213562373139
 10
43.60308267460005
 20
-63.84474044430601
 10
43.60308267460005
 20
-41.99590122191772
 42
-0.414213562373139
 10
47.40308267459977
 20
-38.19590122191789
 10
47.73249257234509
 20
-38.19590122191789
 42
-0.4142135623732616
 10
51.53249257234756
 20
-41.99590122191761
 10
51.53249257234756
 20
-106.5626945133165
 42
0.4142135623731389
 10
55.33249257234775
 20
-110.3626945133164
 10
71.5207222655913
 20
-110.3626945133164
 42
0.4142135623731476
 10
75.32072226559148
 20
-106.5626945133165
 10
75.32072226559148
 20
-41.99590122191761
 42
-0.41421356237313
 10
79.12072226559167
 20
-38.19590122191789
 10
79.450132163337
 20
-38.19590122191789
 42
-0.4142135623732616
 10
83.25013216333946
 20
-41.99590122191761
 10
83.25013216333946
 20
-63.84474044430612
 42
0.4142135623731302
 10
87.05013216333965
 20
-67.64474044430585
 10
103.2383618565832
 20
-67.64474044430585
 42
0.414213562373139
 10
107.0383618565838
 20
-63.84474044430601
 10
107.0383618565838
 20
-41.99590122191772
 42
-0.414213562373139
 10
110.8383618565835
 20
-38.19590122191789
 10
111.1677717543289
 20
-38.19590122191789
 42
-0.4142135623732616
 10
114.9677717543313
 20
-41.99590122191761
 10
114.9677717543313
 20
-106.5626945133165
 42
0.4142135623731389
 10
118.7677717543315
 20
-110.3626945133164
 10
134.9560014475751
 20
-110.3626945133164
 42
0.4142135623731476
 10
138.7560014475752
 20
-106.5626945133165
 10
138.7560014475752
 20
-41.99590122191761
 42
-0.41421356237313
 10
142.5560014475754
 20
-38.19590122191789
 10
142.8854113453208
 20
-38.19590122191789
 42
-0.4142135623732616
 10
146.6854113453232
 20
-41.99590122191761
 10
146.6854113453232
 20
-63.84474044430612
 42
0.4142135623731302
 10
150.4854113453234
 20
-67.64474044430585
 10
166.673641038567
 20
-67.64474044430585
 42
0.414213562373139
 10
170.4736410385676
 20
-63.84474044430601
 10
170.4736410385676
 20
-41.99590122191772
 42
-0.414213562373139
 10
174.2736410385673
 20
-38.19590122191789
 10
174.6030509363127
 20
-38.19590122191789
 42
-0.4142135623732616
 10
178.4030509363151
 20
-41.99590122191761
 10
178.4030509363151
 20
-106.5626945133165
 42
0.4142135623731389
 10
182.2030509363153
 20
-110.3626945133164
 10
198.3912806295588
 20
-110.3626945133164
 42
0.4142135623731476
 10
202.1912806295591
 20
-106.5626945133165
 10
202.1912806295591
 20
-41.99590122191761
 42
-0.41421356237313
 10
205.9912806295592
 20
-38.19590122191789
 10
206.3206905273046
 20
-38.19590122191789
 42
-0.4142135623732616
 10
210.120690527307
 20
-41.99590122191761
 10
210.120690527307
 20
-149.440943633453
 42
-0.414213562373139
 10
206.3206905273069
 20
-153.2409436334529
 10
205.991280629561
 20
-153.2409436334529
 42
-0.4142135623732134
 10
202.1912806295591
 20
-149.440943633453
 10
202.1912806295591
 20
-124.8421044110645
 42
0.4142135623731387
 10
198.3912806295588
 20
-121.0421044110647
 10
182.2030509363153
 20
-121.0421044110647
 42
0.4142135623731477
 10
178.4030509363151
 20
-124.8421044110645
 10
178.4030509363151
 20
-149.440943633453
 42
-0.414213562373139
 10
174.6030509363149
 20
-153.2409436334529
 10
174.2736410385691
 20
-153.2409436334529
 42
-0.4142135623732134
 10
170.473641038567
 20
-149.440943633453
 10
170.473641038567
 20
-82.12415034205401
 42
0.41421356237313
 10
166.673641038567
 20
-78.32415034205428
 10
150.4854113453234
 20
-78.32415034205428
 42
0.414213562373139
 10
146.6854113453228
 20
-82.12415034205411
 10
146.6854113453228
 20
-146.690943633453
 42
-0.4142135623731433
 10
142.885411345323
 20
-150.4909436334529
 10
142.5560014475772
 20
-150.4909436334529
 42
-0.4142135623732134
 10
138.7560014475752
 20
-146.690943633453
 10
138.7560014475752
 20
-124.8421044110645
 42
0.4142135623731387
 10
134.9560014475751
 20
-121.0421044110647
 10
118.7677717543315
 20
-121.0421044110647
 42
0.4142135623731477
 10
114.9677717543313
 20
-124.8421044110645
 10
114.9677717543313
 20
-146.690943633453
 42
-0.414213562373139
 10
111.1677717543311
 20
-150.4909436334529
 10
110.8383618565853
 20
-150.4909436334529
 42
-0.4142135623732134
 10
107.0383618565833
 20
-146.690943633453
 10
107.0383618565833
 20
-82.12415034205401
 42
0.41421356237313
 10
103.2383618565832
 20
-78.32415034205428
 10
87.05013216333965
 20
-78.32415034205428
 42
0.414213562373139
 10
83.250132163339
 20
-82.12415034205411
 10
83.250132163339
 20
-146.690943633453
 42
-0.4142135623731433
 10
79.45013216333926
 20
-150.4909436334529
 10
79.12072226559349
 20
-150.4909436334529
 42
-0.4142135623732134
 10
75.32072226559148
 20
-146.690943633453
 10
75.32072226559148
 20
-124.8421044110645
 42
0.4142135623731387
 10
71.5207222655913
 20
-121.0421044110647
 10
55.33249257234775
 20
-121.0421044110647
 42
0.4142135623731477
 10
51.53249257234756
 20
-124.8421044110645
 10
51.53249257234756
 20
-146.690943633453
 42
-0.414213562373139
 10
47.73249257234738
 20
-150.4909436334529
 10
47.40308267460159
 20
-150.4909436334529
 42
-0.4142135623732134
 10
43.60308267459958
 20
-146.690943633453
 10
43.60308267459958
 20
-82.12415034205401
 42
0.41421356237313
 10
39.8030826745994
 20
-78.32415034205428
 10
23.61485298135585
 20
-78.32415034205428
 42
0.414213562373139
 10
19.81485298135521
 20
-82.12415034205411
 10
19.81485298135521
 20
-146.690943633453
 42
-0.4142135623731433
 10
16.01485298135549
 20
-150.4909436334529
 10
15.68544308360969
 20
-150.4909436334529
 42
-0.4142135623732134
 10
11.8854430836077
 20
-146.690943633453
 10
11.8854430836077
 20
-124.8421044110645
 42
0.4142135623731387
 10
8.085443083607515
 20
-121.0421044110647
 10
-8.102786609626491
 20
-121.0421044110647
 42
0.4142135623731477
 10
-11.90278660962667
 20
-124.8421044110645
 10
-11.90278660962667
 20
-186.8537636678959
 42
0.1341989024282071
 10
-10.33198336083478
 20
-192.8361990061088
 42
-0.2679374360512652
 10
-10.33198336083478
 20
-196.6360546153456
 42
0.131646918090988
 10
-11.90337671187853
 20
-202.5008317596007
 10
-11.90337671187853
 20
-202.8302416573489
 42
0.3651835212180198
 10
-2.160766119852723
 20
-214.3906561542895
 42
-0.2303579094387481
 10
0.5394441179496427
 20
-216.3308852342278
 42
0.2783502702975645
 10
10.9796143750259
 20
-222.4890614528448
 10
14.9805144732577
 20
-222.4890614528448
 42
-0.1320720471765081
 10
16.88594027601903
 20
-223.0013034766293
 42
0.1320720471763987
 10
18.79136607878126
 20
-223.5135455004134
 10
19.12077597652887
 20
-223.5135455004134
 42
0.414213562373139
 10
22.92077597652906
 20
-219.7135455004134
 10
22.92077597652906
 20
-186.6420119641053
 42
-0.4142135623731433
 10
26.72077597652924
 20
-182.8420119641054
 10
27.05018587427594
 20
-182.8420119641054
 42
-0.4142135623731827
 10
30.85018587427658
 20
-186.6420119641053
 10
30.85018587427658
 20
-261.6088052555042
 42
0.4142135623731433
 10
34.65018587427721
 20
-265.4088052555041
 10
50.83841556752076
 20
-265.4088052555041
 42
0.414213562373139
 10
54.63841556752095
 20
-261.6088052555042
 10
54.63841556752095
 20
-186.6420119641053
 42
-0.4142135623731433
 10
58.43841556752114
 20
-182.8420119641054
 10
58.76782546526783
 20
-182.8420119641054
 42
-0.4142135623731827
 10
62.56782546526847
 20
-186.6420119641053
 10
62.56782546526847
 20
-213.6908511864938
 42
0.4142135623730601
 10
66.36782546526865
 20
-217.490851186494
 10
82.55605515851312
 20
-217.490851186494
 42
0.4142135623730601
 10
86.35605515851285
 20
-213.6908511864937
 10
86.35605515851285
 20
-186.6420119641053
 42
-0.4142135623731433
 10
90.15605515851305
 20
-182.8420119641054
 10
90.48546505625973
 20
-182.8420119641054
 42
-0.4142135623731827
 10
94.28546505626036
 20
-186.6420119641053
 10
94.28546505626036
 20
-261.6088052555042
 42
0.4142135623731433
 10
98.085465056261
 20
-265.4088052555041
 10
114.2736947495045
 20
-265.4088052555041
 42
0.414213562373139
 10
118.0736947495047
 20
-261.6088052555042
 10
118.0736947495047
 20
-186.6420119641053
 42
-0.4142135623731433
 10
121.8736947495049
 20
-182.8420119641054
 10
122.2031046472516
 20
-182.8420119641054
 42
-0.4142135623731827
 10
126.0031046472522
 20
-186.6420119641053
 10
126.0031046472522
 20
-213.6908511864938
 42
0.4142135623730601
 10
129.8031046472524
 20
-217.490851186494
 10
145.9913343404969
 20
-217.490851186494
 42
0.4142135623730601
 10
149.7913343404966
 20
-213.6908511864937
 10
149.7913343404966
 20
-186.6420119641053
 42
-0.4142135623731433
 10
153.5913343404968
 20
-182.8420119641054
 10
153.9207442382435
 20
-182.8420119641054
 42
-0.4142135623731827
 10
157.7207442382441
 20
-186.6420119641053
 10
157.7207442382441
 20
-238.5127186276327
  0
LWPOLYLINE
  5
87ED
330
87A0
100
AcDbEntity
  8
参照
100
AcDbPolyline
 90
      422
 70
     0
 43
0.0
 10
165.6501541359926
 20
-262.7184089022955
 10
165.6501541359926
 20
-314.8664642733885
 42
-0.4142135623731433
 10
161.8501541359924
 20
-318.6664642733885
 10
145.6619244427488
 20
-318.6664642733885
 42
-0.4142135623731433
 10
141.8619244427485
 20
-314.8664642733885
 10
141.8619244427485
 20
-239.8996709819896
 42
0.4142135623731387
 10
138.0619244427484
 20
-236.0996709819897
 10
137.7325145450008
 20
-236.0996709819897
 42
0.414213562373139
 10
133.9325145450007
 20
-239.8996709819896
 10
133.9325145450007
 20
-314.8664642733885
 42
-0.4142135623731433
 10
130.1325145450005
 20
-318.6664642733885
 10
113.9442848517569
 20
-318.6664642733885
 42
-0.4142135623731433
 10
110.1442848517567
 20
-314.8664642733885
 10
110.1442848517567
 20
-287.8176250510001
 42
0.4142135623731387
 10
106.3442848517565
 20
-284.0176250510002
 10
106.014874954009
 20
-284.0176250510002
 42
0.414213562373139
 10
102.2148749540088
 20
-287.8176250510001
 10
102.2148749540088
 20
-314.8664642733885
 42
-0.4142135623731433
 10
98.41487495400862
 20
-318.6664642733885
 10
82.22664526076504
 20
-318.6664642733885
 42
-0.4142135623731433
 10
78.42664526076487
 20
-314.8664642733885
 10
78.42664526076487
 20
-239.8996709819896
 42
0.4142135623731387
 10
74.62664526076469
 20
-236.0996709819897
 10
74.29723536301708
 20
-236.0996709819897
 42
0.414213562373139
 10
70.49723536301691
 20
-239.8996709819896
 10
70.49723536301691
 20
-314.8664642733885
 42
-0.4142135623731433
 10
66.69723536301671
 20
-318.6664642733885
 10
50.50900566977316
 20
-318.6664642733885
 42
-0.4142135623731433
 10
46.70900566977297
 20
-314.8664642733885
 10
46.70900566977297
 20
-287.8176250510001
 42
0.4142135623731387
 10
42.90900566977279
 20
-284.0176250510002
 10
42.57959577202519
 20
-284.0176250510002
 42
0.414213562373139
 10
38.77959577202501
 20
-287.8176250510001
 10
38.77959577202501
 20
-314.8664642733885
 42
-0.4142135623731433
 10
34.97959577202482
 20
-318.6664642733885
 10
18.7907759765294
 20
-318.6664642733885
 42
-0.4142135623731433
 10
14.99077597652922
 20
-314.8664642733885
 10
14.99077597652922
 20
-242.1490614528449
 42
0.4142135623731433
 10
11.19077597652903
 20
-238.3490614528449
 10
11.04240421801478
 20
-238.3490614528449
 42
-0.0916938544913514
 10
1.163053549803407
 20
-236.5886931120324
 42
0.5237953178791851
 10
-3.972786609626836
 20
-240.1461544355683
 10
-3.972786609626836
 20
-243.5017751936572
 42
0.414213562373139
 10
-0.1727866096266553
 20
-247.3017751936573
 10
3.261956181033383
 20
-247.3017751936573
 42
-0.4142135623731387
 10
7.061956181033566
 20
-251.1017751936573
 10
7.061956181033566
 20
-251.4311850914051
 42
-0.4142135623731433
 10
3.261956181033383
 20
-255.2311850914052
 10
-0.1733767118780634
 20
-255.2311850914052
 42
0.4142135623731433
 10
-3.973376711878244
 20
-259.0311850914052
 10
-3.973376711878244
 20
-259.360594989153
 42
0.414213562373139
 10
-0.1733767118780634
 20
-263.1605949891531
 10
3.261956181033383
 20
-263.1605949891531
 42
-0.4142135623731387
 10
7.061956181033566
 20
-266.9605949891531
 10
7.061956181033566
 20
-267.290004886901
 42
-0.4142135623731433
 10
3.261956181033383
 20
-271.090004886901
 10
-0.1733767118780634
 20
-271.090004886901
 42
0.4142135623731433
 10
-3.973376711878244
 20
-274.890004886901
 10
-3.973376711878244
 20
-275.2194147846489
 42
0.414213562373139
 10
-0.1733767118780634
 20
-279.0194147846489
 10
3.261956181033383
 20
-279.0194147846489
 42
-0.4142135623731387
 10
7.061956181033566
 20
-282.819414784649
 10
7.061956181033566
 20
-283.1488246823968
 42
-0.4142135623731433
 10
3.261956181033383
 20
-286.9488246823968
 10
-0.1733767118780634
 20
-286.9488246823968
 42
0.4142135623731433
 10
-3.973376711878244
 20
-290.7488246823969
 10
-3.973376711878244
 20
-291.0782345801447
 42
0.414213562373139
 10
-0.1733767118780634
 20
-294.8782345801447
 10
3.261956181033383
 20
-294.8782345801447
 42
-0.4142135623731387
 10
7.061956181033566
 20
-298.6782345801448
 10
7.061956181033566
 20
-299.0076444778927
 42
-0.4142135623731433
 10
3.261956181033383
 20
-302.8076444778927
 10
-0.1733767118780634
 20
-302.8076444778927
 42
0.4142135623731433
 10
-3.973376711878244
 20
-306.6076444778927
 10
-3.973376711878244
 20
-306.9370543756405
 42
0.414213562373139
 10
-0.1733767118780634
 20
-310.7370543756406
 10
3.261956181033383
 20
-310.7370543756406
 42
-0.4142135623731387
 10
7.061956181033566
 20
-314.5370543756407
 10
7.061956181033566
 20
-314.8664642733885
 42
-0.4142135623731433
 10
3.261956181033383
 20
-318.6664642733885
 10
-23.96160640512244
 20
-318.6664642733885
 42
-0.4142135623731433
 10
-27.76160640512263
 20
-314.8664642733885
 10
-27.76160640512263
 20
-287.8176250510001
 42
0.4142135623731387
 10
-31.5616064051228
 20
-284.0176250510002
 10
-31.89101630287041
 20
-284.0176250510002
 42
0.414213562373139
 10
-35.6910163028706
 20
-287.8176250510001
 10
-35.6910163028706
 20
-314.8664642733885
 42
-0.4142135623731433
 10
-39.49101630287078
 20
-318.6664642733885
 10
-55.67924599611433
 20
-318.6664642733885
 42
-0.4142135623731433
 10
-59.47924599611451
 20
-314.8664642733885
 10
-59.47924599611451
 20
-239.8996709819896
 42
0.4142135623731387
 10
-63.27924599611471
 20
-236.0996709819897
 10
-63.6086558938623
 20
-236.0996709819897
 42
0.414213562373139
 10
-67.4086558938625
 20
-239.8996709819896
 10
-67.4086558938625
 20
-314.8664642733885
 42
-0.4142135623731433
 10
-71.20865589386268
 20
-318.6664642733885
 10
-87.39688558710623
 20
-318.6664642733885
 42
-0.4142135623731433
 10
-91.1968855871064
 20
-314.8664642733885
 10
-91.1968855871064
 20
-287.8176250510001
 42
0.4142135623731387
 10
-94.99688558710657
 20
-284.0176250510002
 10
-95.3262954848542
 20
-284.0176250510002
 42
0.414213562373139
 10
-99.1262954848544
 20
-287.8176250510001
 10
-99.1262954848544
 20
-314.8664642733885
 42
-0.4142135623731433
 10
-102.9262954848545
 20
-318.6664642733885
 10
-119.1145251780981
 20
-318.6664642733885
 42
-0.4142135623731433
 10
-122.9145251780983
 20
-314.8664642733885
 10
-122.9145251780983
 20
-239.8996709819896
 42
0.4142135623731387
 10
-126.7145251780985
 20
-236.0996709819897
 10
-127.0439350758461
 20
-236.0996709819897
 42
0.414213562373139
 10
-130.8439350758463
 20
-239.8996709819896
 10
-130.8439350758463
 20
-314.8664642733885
 42
-0.4142135623731433
 10
-134.6439350758464
 20
-318.6664642733885
 10
-150.83216476909
 20
-318.6664642733885
 42
-0.4142135623731433
 10
-154.6321647690902
 20
-314.8664642733885
 10
-154.6321647690902
 20
-287.8176250510001
 42
0.4142135623731387
 10
-158.4321647690904
 20
-284.0176250510002
 10
-158.7615746668384
 20
-284.0176250510002
 42
0.4142135623731084
 10
-162.5615746668384
 20
-287.8176250510001
 10
-162.5615746668384
 20
-314.8664642733885
 42
-0.4142135623731302
 10
-166.3615746668383
 20
-318.6664642733885
 10
-182.5498043600823
 20
-318.6664642733885
 42
-0.4142135623731302
 10
-186.3498043600823
 20
-314.8664642733885
 10
-186.3498043600823
 20
-178.7126020663573
 42
-0.41421356237313
 10
-182.5498043600823
 20
-174.9126020663573
 10
-166.3615746668383
 20
-174.9126020663573
 42
-0.4142135623731302
 10
-162.5615746668384
 20
-178.7126020663573
 10
-162.5615746668384
 20
-253.6793953577562
 42
0.4142135623731082
 10
-158.7615746668384
 20
-257.4793953577562
 10
-158.4321647690904
 20
-257.4793953577562
 42
0.414213562373139
 10
-154.6321647690902
 20
-253.6793953577562
 10
-154.6321647690902
 20
-178.7126020663573
 42
-0.4142135623731433
 10
-150.83216476909
 20
-174.9126020663573
 10
-134.6439350758464
 20
-174.9126020663573
 42
-0.4142135623731433
 10
-130.8439350758463
 20
-178.7126020663573
 10
-130.8439350758463
 20
-205.7614412887457
 42
0.414213562373139
 10
-127.0439350758461
 20
-209.5614412887457
 10
-126.7145251780985
 20
-209.5614412887457
 42
0.414213562373139
 10
-122.9145251780983
 20
-205.7614412887458
 10
-122.9145251780983
 20
-178.7126020663573
 42
-0.4142135623731433
 10
-119.1145251780981
 20
-174.9126020663573
 10
-102.9262954848545
 20
-174.9126020663573
 42
-0.4142135623731433
 10
-99.1262954848544
 20
-178.7126020663573
 10
-99.1262954848544
 20
-253.6793953577561
 42
0.414213562373139
 10
-95.3262954848542
 20
-257.4793953577562
 10
-94.99688558710657
 20
-257.4793953577562
 42
0.414213562373139
 10
-91.1968855871064
 20
-253.6793953577562
 10
-91.1968855871064
 20
-178.7126020663573
 42
-0.4142135623731433
 10
-87.39688558710623
 20
-174.9126020663573
 10
-71.20865589386268
 20
-174.9126020663573
 42
-0.4142135623731433
 10
-67.4086558938625
 20
-178.7126020663573
 10
-67.4086558938625
 20
-205.7614412887457
 42
0.414213562373139
 10
-63.6086558938623
 20
-209.5614412887457
 10
-63.27924599611471
 20
-209.5614412887457
 42
0.414213562373139
 10
-59.47924599611451
 20
-205.7614412887458
 10
-59.47924599611451
 20
-178.7126020663573
 42
-0.4142135623731433
 10
-55.67924599611433
 20
-174.9126020663573
 10
-39.49101630287078
 20
-174.9126020663573
 42
-0.4142135623731433
 10
-35.6910163028706
 20
-178.7126020663573
 10
-35.6910163028706
 20
-212.9081582420502
 42
0.4142135623731389
 10
-31.89101630287041
 20
-216.7081582420503
 10
-31.56160640512327
 20
-216.7081582420503
 42
0.4142135623731213
 10
-27.76160640512308
 20
-212.9081582420498
 10
-27.76160640513217
 20
-174.9126020663573
 10
-27.76160640513217
 20
-90.05356023980198
 42
0.4142135623731302
 10
-31.56160640513235
 20
-86.253560239802
 10
-31.89101630287996
 20
-86.253560239802
 42
0.4142135623731301
 10
-35.69101630288014
 20
-90.05356023980198
 10
-35.69101630288014
 20
-154.620353531201
 42
-0.4142135623731433
 10
-39.49101630288033
 20
-158.420353531201
 10
-55.67924599612389
 20
-158.420353531201
 42
-0.4142135623731433
 10
-59.47924599612406
 20
-154.620353531201
 10
-59.47924599612406
 20
-132.7715143088125
 42
0.4142135623731387
 10
-63.27924599612424
 20
-128.9715143088125
 10
-63.60865589387184
 20
-128.9715143088125
 42
0.414213562373139
 10
-67.40865589387204
 20
-132.7715143088124
 10
-67.40865589387204
 20
-154.620353531201
 42
-0.4142135623731433
 10
-71.20865589387221
 20
-158.420353531201
 10
-87.39688558711575
 20
-158.420353531201
 42
-0.4142135623731433
 10
-91.19688558711596
 20
-154.620353531201
 10
-91.19688558711596
 20
-90.05356023980198
 42
0.4142135623731302
 10
-94.99688558711614
 20
-86.253560239802
 10
-95.32629548486374
 20
-86.253560239802
 42
0.4142135623731301
 10
-99.12629548486393
 20
-90.05356023980198
 10
-99.12629548486393
 20
-154.620353531201
 42
-0.4142135623731433
 10
-102.9262954848641
 20
-158.420353531201
 10
-119.1145251781076
 20
-158.420353531201
 42
-0.4142135623731433
 10
-122.9145251781078
 20
-154.620353531201
 10
-122.9145251781078
 20
-132.7715143088125
 42
0.4142135623731387
 10
-126.714525178108
 20
-128.9715143088125
 10
-127.0439350758556
 20
-128.9715143088125
 42
0.414213562373139
 10
-130.8439350758558
 20
-132.7715143088124
 10
-130.8439350758558
 20
-154.620353531201
 42
-0.4142135623731433
 10
-134.643935075856
 20
-158.420353531201
 10
-150.8321647690995
 20
-158.420353531201
 42
-0.4142135623731433
 10
-154.6321647690997
 20
-154.620353531201
 10
-154.6321647690997
 20
-90.05356023980198
 42
0.4142135623731302
 10
-158.4321647690999
 20
-86.253560239802
 10
-158.7615746668475
 20
-86.253560239802
 42
0.41421356237313
 10
-162.5615746668479
 20
-90.05356023980198
 10
-162.5615746668479
 20
-154.620353531201
 42
-0.4142135623731039
 10
-166.3615746668476
 20
-158.420353531201
 10
-182.5498043600917
 20
-158.420353531201
 42
-0.4142135623731038
 10
-186.3498043600916
 20
-154.620353531201
 10
-186.3498043600916
 20
-34.06649132416965
 42
-0.4142135623730688
 10
-182.5498043600917
 20
-30.26649132416969
 10
-166.3615746668476
 20
-30.26649132416969
 42
-0.4142135623730688
 10
-162.5615746668477
 20
-34.06649132416965
 10
-162.5615746668477
 20
-55.91533054655815
 42
0.4142135623731303
 10
-158.7615746668475
 20
-59.71533054655811
 10
-158.4321647690999
 20
-59.71533054655811
 42
0.4142135623731302
 10
-154.6321647690997
 20
-55.91533054655815
 10
-154.6321647690997
 20
-34.06649132416965
 42
-0.41421356237313
 10
-150.8321647690995
 20
-30.26649132416969
 10
-134.643935075856
 20
-30.26649132416969
 42
-0.41421356237313
 10
-130.8439350758558
 20
-34.06649132416965
 10
-130.8439350758558
 20
-98.63328461556854
 42
0.414213562373139
 10
-127.0439350758556
 20
-102.4332846155686
 10
-126.714525178108
 20
-102.4332846155686
 42
0.414213562373139
 10
-122.9145251781078
 20
-98.63328461556861
 10
-122.9145251781078
 20
-34.06649132416965
 42
-0.41421356237313
 10
-119.1145251781076
 20
-30.26649132416969
 10
-102.9262954848641
 20
-30.26649132416969
 42
-0.41421356237313
 10
-99.12629548486393
 20
-34.06649132416965
 10
-99.12629548486393
 20
-55.91533054655815
 42
0.4142135623731303
 10
-95.32629548486374
 20
-59.71533054655811
 10
-94.99688558711614
 20
-59.71533054655811
 42
0.4142135623731302
 10
-91.19688558711596
 20
-55.91533054655815
 10
-91.19688558711596
 20
-34.06649132416965
 42
-0.41421356237313
 10
-87.39688558711575
 20
-30.26649132416969
 10
-71.20865589387221
 20
-30.26649132416969
 42
-0.41421356237313
 10
-67.40865589387204
 20
-34.06649132416965
 10
-67.40865589387204
 20
-98.63328461556854
 42
0.414213562373139
 10
-63.60865589387184
 20
-102.4332846155686
 10
-63.27924599612424
 20
-102.4332846155686
 42
0.414213562373139
 10
-59.47924599612406
 20
-98.63328461556861
 10
-59.47924599612406
 20
-34.06649132416965
 42
-0.41421356237313
 10
-55.67924599612389
 20
-30.26649132416969
 10
-39.49101630288033
 20
-30.26649132416969
 42
-0.41421356237313
 10
-35.69101630288014
 20
-34.06649132416965
 10
-35.69101630288014
 20
-55.91533054655815
 42
0.4142135623731303
 10
-31.89101630287996
 20
-59.71533054655811
 10
-31.56160640513235
 20
-59.71533054655811
 42
0.4142135623731302
 10
-27.76160640513217
 20
-55.91533054655815
 10
-27.76160640513217
 20
-34.06649132416965
 42
-0.41421356237313
 10
-23.96160640513199
 20
-30.26649132416969
 10
-7.773376711888431
 20
-30.26649132416969
 42
-0.41421356237313
 10
-3.973376711888248
 20
-34.06649132416965
 10
-3.973376711888248
 20
-98.63328461556854
 42
0.414213562373139
 10
-0.1733767118880678
 20
-102.4332846155686
 10
0.1560331858595418
 20
-102.4332846155686
 42
0.414213562373139
 10
3.956033185859723
 20
-98.63328461556861
 10
3.956033185859723
 20
-34.06649132416965
 42
-0.41421356237313
 10
7.756033185859905
 20
-30.26649132416969
 10
23.94426287910346
 20
-30.26649132416969
 42
-0.41421356237313
 10
27.74426287910364
 20
-34.06649132416965
 10
27.74426287910364
 20
-55.91533054655815
 42
0.4142135623731303
 10
31.54426287910383
 20
-59.71533054655811
 10
31.87367277685144
 20
-59.71533054655811
 42
0.4142135623731302
 10
35.67367277685162
 20
-55.91533054655815
 10
35.67367277685162
 20
-34.06649132416965
 42
-0.41421356237313
 10
39.4736727768518
 20
-30.26649132416969
 10
55.66190247009536
 20
-30.26649132416969
 42
-0.41421356237313
 10
59.46190247009553
 20
-34.06649132416965
 10
59.46190247009553
 20
-98.63328461556854
 42
0.414213562373139
 10
63.26190247009572
 20
-102.4332846155686
 10
63.59131236784333
 20
-102.4332846155686
 42
0.414213562373139
 10
67.39131236784349
 20
-98.63328461556861
 10
67.39131236784349
 20
-34.06649132416965
 42
-0.41421356237313
 10
71.19131236784368
 20
-30.26649132416969
 10
87.37954206108723
 20
-30.26649132416969
 42
-0.41421356237313
 10
91.17954206108743
 20
-34.06649132416965
 10
91.17954206108743
 20
-55.91533054655815
 42
0.4142135623731303
 10
94.97954206108763
 20
-59.71533054655811
 10
95.3089519588352
 20
-59.71533054655811
 42
0.4142135623731302
 10
99.1089519588354
 20
-55.91533054655815
 10
99.1089519588354
 20
-34.06649132416965
 42
-0.41421356237313
 10
102.9089519588356
 20
-30.26649132416969
 10
119.0971816520791
 20
-30.26649132416969
 42
-0.41421356237313
 10
122.8971816520793
 20
-34.06649132416965
 10
122.8971816520793
 20
-98.63328461556854
 42
0.414213562373139
 10
126.6971816520795
 20
-102.4332846155686
 10
127.0265915498271
 20
-102.4332846155686
 42
0.414213562373139
 10
130.8265915498273
 20
-98.63328461556861
 10
130.8265915498273
 20
-34.06649132416965
 42
-0.41421356237313
 10
134.6265915498275
 20
-30.26649132416969
 10
150.814821243071
 20
-30.26649132416969
 42
-0.41421356237313
 10
154.6148212430712
 20
-34.06649132416965
 10
154.6148212430712
 20
-55.91533054655815
 42
0.4142135623731303
 10
158.4148212430714
 20
-59.71533054655811
 10
158.744231140819
 20
-59.71533054655811
 42
0.4142135623731302
 10
162.5442311408192
 20
-55.91533054655815
 10
162.5442311408192
 20
-34.06649132416965
 42
-0.41421356237313
 10
166.3442311408194
 20
-30.26649132416969
 10
182.5324608340629
 20
-30.26649132416969
 42
-0.41421356237313
 10
186.3324608340631
 20
-34.06649132416965
 10
186.3324608340631
 20
-98.63328461556854
 42
0.414213562373139
 10
190.1324608340633
 20
-102.4332846155686
 10
190.4618707318109
 20
-102.4332846155686
 42
0.414213562373139
 10
194.2618707318111
 20
-98.63328461556861
 10
194.2618707318111
 20
-34.06649132416965
 42
-0.41421356237313
 10
198.0618707318113
 20
-30.26649132416969
 10
214.2501004250548
 20
-30.26649132416969
 42
-0.41421356237313
 10
218.050100425055
 20
-34.06649132416965
 10
218.050100425055
 20
-157.370353531201
 42
-0.4142135623731433
 10
214.2501004250548
 20
-161.170353531201
 10
198.0618707318113
 20
-161.170353531201
 42
-0.4142135623731433
 10
194.2618707318111
 20
-157.370353531201
 10
194.2618707318111
 20
-132.7715143088125
 42
0.4142135623731387
 10
190.4618707318109
 20
-128.9715143088125
 10
190.1324608340633
 20
-128.9715143088125
 42
0.414213562373139
 10
186.3324608340631
 20
-132.7715143088124
 10
186.3324608340631
 20
-157.370353531201
 42
-0.4142135623731433
 10
182.5324608340629
 20
-161.170353531201
 10
167.0906736598913
 20
-161.170353531201
 42
-0.1831818476776281
 10
164.5716327415784
 20
-160.2154252090088
 10
163.8251902225061
 20
-159.5545212102171
 42
-0.2147381553065565
 10
162.5442311408192
 20
-156.7094495324094
 10
162.5442311408192
 20
-90.05356023980198
 42
0.4142135623731302
 10
158.744231140819
 20
-86.253560239802
 10
158.4148212430714
 20
-86.253560239802
 42
0.4142135623731301
 10
154.6148212430712
 20
-90.05356023980198
 10
154.6148212430712
 20
-154.620353531201
 42
-0.4142135623731433
 10
150.814821243071
 20
-158.420353531201
 10
134.6265915498275
 20
-158.420353531201
 42
-0.4142135623731433
 10
130.8265915498273
 20
-154.620353531201
 10
130.8265915498273
 20
-132.7715143088125
 42
0.4142135623731387
 10
127.0265915498271
 20
-128.9715143088125
 10
126.6971816520795
 20
-128.9715143088125
 42
0.414213562373139
 10
122.8971816520793
 20
-132.7715143088124
 10
122.8971816520793
 20
-154.620353531201
 42
-0.4142135623731433
 10
119.0971816520791
 20
-158.420353531201
 10
102.9089519588356
 20
-158.420353531201
 42
-0.4142135623731433
 10
99.1089519588354
 20
-154.620353531201
 10
99.1089519588354
 20
-90.05356023980198
 42
0.4142135623731302
 10
95.3089519588352
 20
-86.253560239802
 10
94.97954206108763
 20
-86.253560239802
 42
0.4142135623731301
 10
91.17954206108743
 20
-90.05356023980198
 10
91.17954206108743
 20
-154.620353531201
 42
-0.4142135623731433
 10
87.37954206108723
 20
-158.420353531201
 10
71.19131236784368
 20
-158.420353531201
 42
-0.4142135623731433
 10
67.39131236784349
 20
-154.620353531201
 10
67.39131236784349
 20
-132.7715143088125
 42
0.4142135623731387
 10
63.59131236784333
 20
-128.9715143088125
 10
63.26190247009572
 20
-128.9715143088125
 42
0.414213562373139
 10
59.46190247009553
 20
-132.7715143088124
 10
59.46190247009553
 20
-154.620353531201
 42
-0.4142135623731433
 10
55.66190247009536
 20
-158.420353531201
 10
39.4736727768518
 20
-158.420353531201
 42
-0.4142135623731433
 10
35.67367277685162
 20
-154.620353531201
 10
35.67367277685162
 20
-90.05356023980198
 42
0.4142135623731302
 10
31.87367277685144
 20
-86.253560239802
 10
31.54426287910383
 20
-86.253560239802
 42
0.4142135623731301
 10
27.74426287910364
 20
-90.05356023980198
 10
27.74426287910364
 20
-154.620353531201
 42
-0.4142135623731433
 10
23.94426287910346
 20
-158.420353531201
 10
7.756033185859905
 20
-158.420353531201
 42
-0.4142135623731433
 10
3.956033185859723
 20
-154.620353531201
 10
3.956033185859723
 20
-132.7715143088125
 42
0.4142135623731387
 10
0.1560331858595418
 20
-128.9715143088125
 10
-0.1733767118780634
 20
-128.9715143088125
 42
0.4142135623731126
 10
-3.9733767118787
 20
-132.7715143088124
 10
-3.9733767118787
 20
-171.1126020663573
 42
0.4142135623731435
 10
-0.1733767118785181
 20
-174.9126020663573
 10
3.261956181032928
 20
-174.9126020663573
 42
-0.4142135623731433
 10
7.06195618103311
 20
-178.7126020663573
 10
7.06195618103311
 20
-179.0420119641052
 42
-0.414213562373139
 10
3.261956181032928
 20
-182.8420119641052
 10
-0.1733767118785181
 20
-182.8420119641052
 42
0.414213562373139
 10
-3.9733767118787
 20
-186.6420119641052
 10
-3.9733767118787
 20
-186.9714218618532
 42
0.4142135623731433
 10
-0.1733767118785181
 20
-190.7714218618531
 10
3.261956181032928
 20
-190.7714218618531
 42
-0.4142135623731433
 10
7.06195618103311
 20
-194.5714218618531
 10
7.06195618103311
 20
-194.9008317596011
 42
-0.414213562373139
 10
3.261956181032928
 20
-198.7008317596011
 10
-0.1733767118785181
 20
-198.7008317596011
 42
0.414213562373139
 10
-3.9733767118787
 20
-202.500831759601
 10
-3.9733767118787
 20
-202.830241657349
 42
0.4142135623731433
 10
-0.1733767118785181
 20
-206.630241657349
 10
3.261956181033837
 20
-206.630241657349
 42
-0.4142135623730776
 10
7.061956181033566
 20
-210.4302416573482
 10
7.061956181033566
 20
-210.7596515550969
 42
0.414213562373139
 10
10.86195618103374
 20
-214.5596515550969
 10
11.1913660787809
 20
-214.5596515550969
 42
0.414213562373139
 10
14.99136607878108
 20
-210.7596515550969
 10
14.99136607878108
 20
-178.7126020663573
 42
-0.4142135623731433
 10
18.79136607878126
 20
-174.9126020663573
 10
34.97959577202482
 20
-174.9126020663573
 42
-0.4142135623731433
 10
38.77959577202501
 20
-178.7126020663573
 10
38.77959577202501
 20
-253.6793953577561
 42
0.414213562373139
 10
42.57959577202519
 20
-257.4793953577562
 10
42.90900566977279
 20
-257.4793953577562
 42
0.414213562373139
 10
46.70900566977297
 20
-253.6793953577562
 10
46.70900566977297
 20
-178.7126020663573
 42
-0.4142135623731433
 10
50.50900566977316
 20
-174.9126020663573
 10
66.69723536301671
 20
-174.9126020663573
 42
-0.4142135623731433
 10
70.49723536301691
 20
-178.7126020663573
 10
70.49723536301691
 20
-205.7614412887457
 42
0.414213562373139
 10
74.29723536301708
 20
-209.5614412887457
 10
74.62664526076469
 20
-209.5614412887457
 42
0.414213562373139
 10
78.42664526076487
 20
-205.7614412887458
 10
78.42664526076487
 20
-178.7126020663573
 42
-0.4142135623731433
 10
82.22664526076504
 20
-174.9126020663573
 10
98.41487495400862
 20
-174.9126020663573
 42
-0.4142135623731433
 10
102.2148749540088
 20
-178.7126020663573
 10
102.2148749540088
 20
-253.6793953577561
 42
0.414213562373139
 10
106.014874954009
 20
-257.4793953577562
 10
106.3442848517565
 20
-257.4793953577562
 42
0.414213562373139
 10
110.1442848517567
 20
-253.6793953577562
 10
110.1442848517567
 20
-178.7126020663573
 42
-0.4142135623731433
 10
113.9442848517569
 20
-174.9126020663573
 10
130.1325145450005
 20
-174.9126020663573
 42
-0.4142135623731433
 10
133.9325145450007
 20
-178.7126020663573
 10
133.9325145450007
 20
-205.7614412887457
 42
0.414213562373139
 10
137.7325145450008
 20
-209.5614412887457
 10
138.0619244427484
 20
-209.5614412887457
 42
0.414213562373139
 10
141.8619244427485
 20
-205.7614412887458
 10
141.8619244427485
 20
-178.7126020663573
 42
-0.4142135623731433
 10
145.6619244427488
 20
-174.9126020663573
 10
161.8501541359924
 20
-174.9126020663573
 42
-0.4142135623731433
 10
165.6501541359926
 20
-178.7126020663573
 10
165.6501541359926
 20
-232.7184089022948
  0
LWPOLYLINE
  5
87EE
330
87A0
100
AcDbEntity
  8
发热丝
100
AcDbPolyline
 90
      803
 70
     1
 43
0.0
 10
163.2515436627209
 20
-232.7184089022948
 10
163.2515436627209
 20
-178.7126020663571
 42
0.4142135623730959
 10
161.8501541359928
 20
-177.3112125396291
 10
145.6619244427484
 20
-177.3112125396291
 42
0.4142135623730955
 10
144.2605349160203
 20
-178.7126020663571
 10
144.2605349160203
 20
-205.7614412887459
 42
-0.4142135623730942
 10
138.0619244427489
 20
-211.9600517620177
 10
137.7325145450004
 20
-211.9600517620177
 42
-0.4142135623730951
 10
131.533904071729
 20
-205.7614412887459
 10
131.533904071729
 20
-178.7126020663571
 42
0.4142135623730959
 10
130.1325145450009
 20
-177.3112125396291
 10
113.9442848517565
 20
-177.3112125396291
 42
0.4142135623730952
 10
112.5428953250284
 20
-178.7126020663571
 10
112.5428953250284
 20
-253.6793953577564
 42
-0.4142135623730931
 10
106.344284851757
 20
-259.8780058310281
 10
106.0148749540085
 20
-259.8780058310281
 42
-0.4142135623730959
 10
99.81626448073713
 20
-253.6793953577563
 10
99.81626448073713
 20
-178.7126020663571
 42
0.4142135623730959
 10
98.41487495400905
 20
-177.3112125396291
 10
82.22664526076458
 20
-177.3112125396291
 42
0.4142135623730921
 10
80.82525573403655
 20
-178.7126020663571
 10
80.82525573403655
 20
-205.7614412887459
 42
-0.4142135623730952
 10
74.62664526076514
 20
-211.9600517620177
 10
74.29723536301662
 20
-211.9600517620177
 42
-0.4142135623730951
 10
68.09862488974521
 20
-205.7614412887459
 10
68.09862488974521
 20
-178.7126020663571
 42
0.4142135623730959
 10
66.69723536301717
 20
-177.3112125396291
 10
50.50900566977269
 20
-177.3112125396291
 42
0.4142135623730937
 10
49.10761614304465
 20
-178.7126020663571
 10
49.10761614304465
 20
-253.6793953577564
 42
-0.4142135623730944
 10
42.90900566977325
 20
-259.8780058310281
 10
42.57959577202472
 20
-259.8780058310281
 42
-0.4142135623730952
 10
36.38098529875333
 20
-253.6793953577563
 10
36.38098529875333
 20
-178.7126020663571
 42
0.4142135623730952
 10
34.97959577202528
 20
-177.3112125396291
 10
18.79136607878081
 20
-177.3112125396291
 42
0.4142135623730951
 10
17.38997655205276
 20
-178.7126020663571
 10
17.38997655205276
 20
-210.7596515550971
 42
-0.4142135623730955
 10
11.19136607878135
 20
-216.9582620283688
 10
10.86195618103329
 20
-216.9582620283688
 42
-0.4142135623730952
 10
4.663345707761891
 20
-210.7596515550971
 10
4.663345707761891
 20
-210.4302416573486
 42
0.4142135623730951
 10
3.261956181033837
 20
-209.0288521306209
 10
-0.1733767118789729
 20
-209.0288521306209
 42
-0.4142135623730952
 10
-6.371987185150372
 20
-202.8302416573492
 10
-6.371987185150372
 20
-202.5008317596009
 42
-0.4142135623730951
 10
-0.1733767118789729
 20
-196.3022212863292
 10
3.261956181033383
 20
-196.3022212863292
 42
0.4142135623730951
 10
4.663345707761436
 20
-194.9008317596011
 10
4.663345707761436
 20
-194.5714218618529
 42
0.4142135623730943
 10
3.261956181033383
 20
-193.1700323351251
 10
-0.1733767118789729
 20
-193.1700323351251
 42
-0.4142135623730951
 10
-6.371987185150372
 20
-186.9714218618534
 10
-6.371987185150372
 20
-186.642011964105
 42
-0.4142135623730951
 10
-0.1733767118789729
 20
-180.4434014908333
 10
3.261956181033383
 20
-180.4434014908333
 42
0.4142135623730958
 10
4.663345707761436
 20
-179.0420119641055
 10
4.663345707761436
 20
-178.7126020663571
 42
0.414213562373095
 10
3.261956181033383
 20
-177.3112125396291
 10
-0.1733767118789729
 20
-177.3112125396291
 42
-0.4142135623730951
 10
-6.371987185150372
 20
-171.1126020663575
 10
-6.371987185150372
 20
-132.7715143088127
 42
-0.4142135623730949
 10
-0.1733767118785181
 20
-126.5729038355406
 10
0.1560331858599966
 20
-126.5729038355406
 42
-0.4142135623730955
 10
6.354643659131396
 20
-132.7715143088123
 10
6.354643659131396
 20
-154.6203535312012
 42
0.4142135623730948
 10
7.75603318585945
 20
-156.0217430579291
 10
23.94426287910393
 20
-156.0217430579291
 42
0.4142135623730955
 10
25.34565240583197
 20
-154.6203535312012
 10
25.34565240583197
 20
-90.05356023980189
 42
-0.4142135623730959
 10
31.54426287910337
 20
-83.85494976653012
 10
31.8736727768519
 20
-83.85494976653012
 42
-0.4142135623730946
 10
38.07228325012329
 20
-90.05356023980189
 10
38.07228325012329
 20
-154.6203535312012
 42
0.4142135623730943
 10
39.47367277685135
 20
-156.0217430579291
 10
55.66190247009582
 20
-156.0217430579291
 42
0.4142135623730974
 10
57.06329199682386
 20
-154.6203535312012
 10
57.06329199682386
 20
-132.7715143088123
 42
-0.4142135623730951
 10
63.26190247009527
 20
-126.5729038355406
 10
63.59131236784378
 20
-126.5729038355406
 42
-0.4142135623730955
 10
69.78992284111519
 20
-132.7715143088123
 10
69.78992284111519
 20
-154.6203535312012
 42
0.4142135623730943
 10
71.19131236784324
 20
-156.0217430579291
 10
87.37954206108771
 20
-156.0217430579291
 42
0.4142135623730943
 10
88.78093158781576
 20
-154.6203535312012
 10
88.78093158781576
 20
-90.05356023980189
 42
-0.4142135623730951
 10
94.97954206108714
 20
-83.85494976653012
 10
95.30895195883568
 20
-83.85494976653012
 42
-0.4142135623730943
 10
101.5075624321071
 20
-90.05356023980189
 10
101.5075624321071
 20
-154.6203535312012
 42
0.4142135623730996
 10
102.9089519588351
 20
-156.0217430579291
 10
119.0971816520796
 20
-156.0217430579291
 42
0.4142135623730959
 10
120.4985711788076
 20
-154.6203535312012
 10
120.4985711788076
 20
-132.7715143088123
 42
-0.4142135623730951
 10
126.697181652079
 20
-126.5729038355406
 10
127.0265915498276
 20
-126.5729038355406
 42
-0.4142135623730967
 10
133.2252020230989
 20
-132.7715143088123
 10
133.2252020230989
 20
-154.6203535312012
 42
0.4142135623730959
 10
134.626591549827
 20
-156.0217430579291
 10
150.8148212430715
 20
-156.0217430579291
 42
0.4142135623730943
 10
152.2162107697995
 20
-154.6203535312012
 10
152.2162107697995
 20
-90.05356023980189
 42
-0.4142135623730951
 10
158.4148212430709
 20
-83.85494976653012
 10
158.7442311408194
 20
-83.85494976653012
 42
-0.4142135623730931
 10
164.9428416140908
 20
-90.05356023980189
 10
164.9428416140908
 20
-156.7094495324087
 42
0.2147381553066548
 10
165.4152423091554
 20
-157.7586741776916
 10
166.1616848282278
 20
-158.4195781764831
 42
0.1831818476775695
 10
167.0906736598908
 20
-158.7717430579291
 10
182.5324608340634
 20
-158.7717430579291
 42
0.4142135623731011
 10
183.9338503607914
 20
-157.3703535312012
 10
183.9338503607914
 20
-132.7715143088123
 42
-0.4142135623730944
 10
190.1324608340628
 20
-126.5729038355406
 10
190.4618707318113
 20
-126.5729038355406
 42
-0.4142135623730942
 10
196.6604812050827
 20
-132.7715143088123
 10
196.6604812050827
 20
-157.3703535312012
 42
0.4142135623731011
 10
198.0618707318108
 20
-158.7717430579291
 10
214.2501004250553
 20
-158.7717430579291
 42
0.4142135623730898
 10
215.6514899517834
 20
-157.3703535312012
 10
215.6514899517834
 20
-34.06649132416954
 42
0.4142135623730891
 10
214.2501004250553
 20
-32.66510179744159
 10
198.0618707318108
 20
-32.66510179744159
 42
0.4142135623731071
 10
196.6604812050827
 20
-34.06649132416954
 10
196.6604812050827
 20
-98.63328461556877
 42
-0.4142135623730971
 10
190.4618707318113
 20
-104.8318950888405
 10
190.1324608340628
 20
-104.8318950888405
 42
-0.4142135623730966
 10
183.9338503607914
 20
-98.63328461556877
 10
183.9338503607914
 20
-34.06649132416954
 42
0.4142135623730951
 10
182.5324608340634
 20
-32.66510179744159
 10
166.3442311408189
 20
-32.66510179744159
 42
0.4142135623730951
 10
164.9428416140908
 20
-34.06649132416954
 10
164.9428416140908
 20
-55.91533054655826
 42
-0.4142135623730944
 10
158.7442311408194
 20
-62.11394101983001
 10
158.4148212430709
 20
-62.11394101983001
 42
-0.4142135623730959
 10
152.2162107697995
 20
-55.91533054655826
 10
152.2162107697995
 20
-34.06649132416954
 42
0.4142135623730951
 10
150.8148212430715
 20
-32.66510179744159
 10
134.626591549827
 20
-32.66510179744159
 42
0.4142135623730951
 10
133.2252020230989
 20
-34.06649132416954
 10
133.2252020230989
 20
-98.63328461556877
 42
-0.4142135623730951
 10
127.0265915498276
 20
-104.8318950888405
 10
126.697181652079
 20
-104.8318950888405
 42
-0.4142135623730971
 10
120.4985711788076
 20
-98.63328461556877
 10
120.4985711788076
 20
-34.06649132416954
 42
0.4142135623730863
 10
119.0971816520796
 20
-32.66510179744159
 10
102.9089519588351
 20
-32.66510179744159
 42
0.4142135623730982
 10
101.5075624321071
 20
-34.06649132416954
 10
101.5075624321071
 20
-55.91533054655826
 42
-0.4142135623730931
 10
95.30895195883568
 20
-62.11394101983001
 10
94.97954206108714
 20
-62.11394101983001
 42
-0.4142135623730966
 10
88.78093158781576
 20
-55.91533054655826
 10
88.78093158781576
 20
-34.06649132416954
 42
0.4142135623730831
 10
87.37954206108771
 20
-32.66510179744159
 10
71.19131236784324
 20
-32.66510179744159
 42
0.4142135623730982
 10
69.78992284111519
 20
-34.06649132416954
 10
69.78992284111519
 20
-98.63328461556877
 42
-0.4142135623730966
 10
63.59131236784378
 20
-104.8318950888405
 10
63.26190247009527
 20
-104.8318950888405
 42
-0.4142135623730961
 10
57.06329199682386
 20
-98.63328461556877
 10
57.06329199682386
 20
-34.06649132416954
 42
0.4142135623731011
 10
55.66190247009582
 20
-32.66510179744159
 10
39.47367277685135
 20
-32.66510179744159
 42
0.4142135623730855
 10
38.07228325012329
 20
-34.06649132416942
 10
38.07228325012329
 20
-55.91533054655826
 42
-0.4142135623730943
 10
31.8736727768519
 20
-62.11394101983001
 10
31.54426287910337
 20
-62.11394101983001
 42
-0.4142135623730953
 10
25.34565240583197
 20
-55.91533054655826
 10
25.34565240583197
 20
-34.06649132416954
 42
0.4142135623730921
 10
23.94426287910393
 20
-32.66510179744159
 10
7.75603318585945
 20
-32.66510179744159
 42
0.4142135623730921
 10
6.354643659131396
 20
-34.06649132416954
 10
6.354643659131396
 20
-98.63328461556877
 42
-0.4142135623730961
 10
0.1560331858599966
 20
-104.8318950888405
 10
-0.1733767118885225
 20
-104.8318950888405
 42
-0.4142135623730959
 10
-6.371987185159922
 20
-98.63328461556877
 10
-6.371987185159922
 20
-34.06649132416954
 42
0.4142135623730878
 10
-7.773376711887976
 20
-32.66510179744159
 10
-23.96160640513244
 20
-32.66510179744159
 42
0.4142135623730921
 10
-25.3629959318605
 20
-34.06649132416954
 10
-25.3629959318605
 20
-55.91533054655826
 42
-0.4142135623730935
 10
-31.5616064051319
 20
-62.11394101983001
 10
-31.89101630288042
 20
-62.11394101983001
 42
-0.4142135623730943
 10
-38.08962677615182
 20
-55.91533054655826
 10
-38.08962677615182
 20
-34.06649132416954
 42
0.4142135623730951
 10
-39.49101630287987
 20
-32.66510179744159
 10
-55.67924599612434
 20
-32.66510179744159
 42
0.4142135623730951
 10
-57.08063552285238
 20
-34.06649132416954
 10
-57.08063552285238
 20
-98.63328461556877
 42
-0.4142135623730966
 10
-63.27924599612379
 20
-104.8318950888405
 10
-63.60865589387231
 20
-104.8318950888405
 42
-0.4142135623730966
 10
-69.80726636714371
 20
-98.63328461556877
 10
-69.80726636714371
 20
-34.06649132416954
 42
0.4142135623730921
 10
-71.20865589387176
 20
-32.66510179744159
 10
-87.39688558711625
 20
-32.66510179744159
 42
0.4142135623730982
 10
-88.79827511384428
 20
-34.06649132416954
 10
-88.79827511384428
 20
-55.91533054655826
 42
-0.4142135623730966
 10
-94.99688558711568
 20
-62.11394101983001
 10
-95.32629548486418
 20
-62.11394101983001
 42
-0.4142135623730931
 10
-101.5249059581356
 20
-55.91533054655826
 10
-101.5249059581356
 20
-34.06649132416954
 42
0.4142135623730982
 10
-102.9262954848636
 20
-32.66510179744159
 10
-119.1145251781081
 20
-32.66510179744159
 42
0.4142135623731011
 10
-120.5159147048362
 20
-34.06649132416954
 10
-120.5159147048362
 20
-98.63328461556877
 42
-0.4142135623730959
 10
-126.7145251781075
 20
-104.8318950888405
 10
-127.0439350758561
 20
-104.8318950888405
 42
-0.4142135623730937
 10
-133.2425455491275
 20
-98.63328461556877
 10
-133.2425455491275
 20
-34.06649132416954
 42
0.4142135623730951
 10
-134.6439350758555
 20
-32.66510179744159
 10
-150.8321647691
 20
-32.66510179744159
 42
0.4142135623731011
 10
-152.233554295828
 20
-34.06649132416954
 10
-152.233554295828
 20
-55.91533054655826
 42
-0.4142135623730944
 10
-158.4321647690994
 20
-62.11394101983001
 10
-158.761574666848
 20
-62.11394101983001
 42
-0.4142135623730944
 10
-164.9601851401196
 20
-55.91533054655826
 10
-164.9601851401196
 20
-34.06649132416987
 42
0.4142135623730951
 10
-166.3615746668479
 20
-32.66510179744159
 10
-182.5498043600914
 20
-32.66510179744159
 42
0.4142135623730951
 10
-183.9511938868197
 20
-34.06649132416987
 10
-183.9511938868197
 20
-154.6203535312011
 42
0.4142135623730817
 10
-182.5498043600919
 20
-156.0217430579291
 10
-166.3615746668476
 20
-156.0217430579291
 42
0.4142135623730996
 10
-164.9601851401196
 20
-154.6203535312011
 10
-164.9601851401196
 20
-90.05356023980198
 42
-0.4142135623730966
 10
-158.761574666848
 20
-83.85494976653012
 10
-158.4321647690994
 20
-83.85494976653012
 42
-0.4142135623730965
 10
-152.233554295828
 20
-90.05356023980189
 10
-152.233554295828
 20
-154.6203535312012
 42
0.4142135623730906
 10
-150.8321647691
 20
-156.0217430579291
 10
-134.6439350758555
 20
-156.0217430579291
 42
0.4142135623730951
 10
-133.2425455491275
 20
-154.6203535312012
 10
-133.2425455491275
 20
-132.7715143088123
 42
-0.4142135623730951
 10
-127.0439350758561
 20
-126.5729038355406
 10
-126.7145251781075
 20
-126.5729038355406
 42
-0.4142135623730966
 10
-120.5159147048362
 20
-132.7715143088123
 10
-120.5159147048362
 20
-154.6203535312012
 42
0.4142135623730906
 10
-119.1145251781081
 20
-156.0217430579291
 10
-102.9262954848636
 20
-156.0217430579291
 42
0.4142135623730951
 10
-101.5249059581356
 20
-154.6203535312012
 10
-101.5249059581356
 20
-90.05356023980189
 42
-0.4142135623730951
 10
-95.32629548486418
 20
-83.85494976653012
 10
-94.99688558711568
 20
-83.85494976653012
 42
-0.4142135623730943
 10
-88.79827511384428
 20
-90.05356023980189
 10
-88.79827511384428
 20
-154.6203535312012
 42
0.4142135623730884
 10
-87.39688558711625
 20
-156.0217430579291
 10
-71.20865589387176
 20
-156.0217430579291
 42
0.4142135623730943
 10
-69.80726636714371
 20
-154.6203535312012
 10
-69.80726636714371
 20
-132.7715143088123
 42
-0.4142135623730944
 10
-63.60865589387231
 20
-126.5729038355406
 10
-63.27924599612379
 20
-126.5729038355406
 42
-0.4142135623730955
 10
-57.08063552285238
 20
-132.7715143088123
 10
-57.08063552285238
 20
-154.6203535312012
 42
0.4142135623730959
 10
-55.67924599612434
 20
-156.0217430579291
 10
-39.49101630287987
 20
-156.0217430579291
 42
0.4142135623730935
 10
-38.08962677615182
 20
-154.6203535312012
 10
-38.08962677615182
 20
-90.05356023980189
 42
-0.414213562373096
 10
-31.89101630288042
 20
-83.85494976653012
 10
-31.5616064051319
 20
-83.85494976653012
 42
-0.4142135623730951
 10
-25.3629959318605
 20
-90.05356023980189
 10
-25.3629959318605
 20
-174.9126020663573
 10
-25.3629959318514
 20
-212.9081582420486
 42
-0.4142135623731149
 10
-31.56160640512235
 20
-219.1067687153221
 10
-31.89101630286951
 20
-219.1067687153221
 42
-0.4142135623731454
 10
-38.08962677614228
 20
-212.9081582420504
 10
-38.08962677614228
 20
-178.7126020663571
 42
0.4142135623730943
 10
-39.49101630287032
 20
-177.3112125396291
 10
-55.67924599611479
 20
-177.3112125396291
 42
0.4142135623730925
 10
-57.08063552284285
 20
-178.7126020663571
 10
-57.08063552284285
 20
-205.761441288746
 42
-0.4142135623730959
 10
-63.27924599611424
 20
-211.9600517620177
 10
-63.60865589386276
 20
-211.9600517620177
 42
-0.4142135623730951
 10
-69.80726636713416
 20
-205.7614412887459
 10
-69.80726636713416
 20
-178.7126020663571
 42
0.4142135623730931
 10
-71.2086558938622
 20
-177.3112125396291
 10
-87.39688558710668
 20
-177.3112125396291
 42
0.4142135623730951
 10
-88.79827511383474
 20
-178.7126020663571
 10
-88.79827511383474
 20
-253.6793953577564
 42
-0.4142135623730937
 10
-94.99688558710614
 20
-259.8780058310281
 10
-95.32629548485465
 20
-259.8780058310281
 42
-0.4142135623730959
 10
-101.524905958126
 20
-253.6793953577563
 10
-101.524905958126
 20
-178.7126020663571
 42
0.4142135623730931
 10
-102.9262954848541
 20
-177.3112125396291
 10
-119.1145251780985
 20
-177.3112125396291
 42
0.4142135623730952
 10
-120.5159147048261
 20
-178.7126020663571
 10
-120.5159147048261
 20
-205.761441288746
 42
-0.4142135623730937
 10
-126.714525178098
 20
-211.9600517620177
 10
-127.0439350758465
 20
-211.9600517620177
 42
-0.4142135623730951
 10
-133.2425455491184
 20
-205.7614412887459
 10
-133.2425455491184
 20
-178.7126020663571
 42
0.4142135623730839
 10
-134.643935075846
 20
-177.3112125396291
 10
-150.8321647690904
 20
-177.3112125396291
 42
0.4142135623730951
 10
-152.233554295818
 20
-178.7126020663571
 10
-152.233554295818
 20
-253.6793953577564
 42
-0.4142135623730919
 10
-158.4321647690899
 20
-259.8780058310281
 10
-158.7615746668384
 20
-259.8780058310281
 42
-0.4142135623730966
 10
-164.9601851401103
 20
-253.6793953577563
 10
-164.9601851401103
 20
-178.7126020663571
 42
0.4142135623730989
 10
-166.3615746668381
 20
-177.3112125396291
 10
-182.5498043600826
 20
-177.3112125396291
 42
0.4142135623730935
 10
-183.9511938868104
 20
-178.7126020663571
 10
-183.9511938868104
 20
-314.8664642733888
 42
0.4142135623730891
 10
-182.5498043600826
 20
-316.2678538001166
 10
-166.3615746668381
 20
-316.2678538001166
 42
0.4142135623730891
 10
-164.9601851401103
 20
-314.8664642733888
 10
-164.9601851401103
 20
-287.817625051
 42
-0.4142135623730944
 10
-158.7615746668384
 20
-281.6190145777282
 10
-158.4321647690899
 20
-281.6190145777282
 42
-0.4142135623730951
 10
-152.233554295818
 20
-287.8176250509999
 10
-152.233554295818
 20
-314.8664642733887
 42
0.4142135623730891
 10
-150.8321647690904
 20
-316.2678538001166
 10
-134.643935075846
 20
-316.2678538001166
 42
0.4142135623730951
 10
-133.2425455491184
 20
-314.8664642733887
 10
-133.2425455491184
 20
-239.8996709819895
 42
-0.4142135623730966
 10
-127.0439350758465
 20
-233.7010605087178
 10
-126.714525178098
 20
-233.7010605087178
 42
-0.4142135623730944
 10
-120.5159147048261
 20
-239.8996709819895
 10
-120.5159147048261
 20
-314.8664642733887
 42
0.4142135623730891
 10
-119.1145251780985
 20
-316.2678538001166
 10
-102.9262954848541
 20
-316.2678538001166
 42
0.4142135623731011
 10
-101.524905958126
 20
-314.8664642733887
 10
-101.524905958126
 20
-287.8176250509999
 42
-0.4142135623730944
 10
-95.32629548485465
 20
-281.6190145777282
 10
-94.99688558710614
 20
-281.6190145777282
 42
-0.4142135623730951
 10
-88.79827511383474
 20
-287.8176250509999
 10
-88.79827511383474
 20
-314.8664642733887
 42
0.4142135623730891
 10
-87.39688558710668
 20
-316.2678538001166
 10
-71.2086558938622
 20
-316.2678538001166
 42
0.4142135623730982
 10
-69.80726636713416
 20
-314.8664642733887
 10
-69.80726636713416
 20
-239.8996709819895
 42
-0.4142135623730951
 10
-63.60865589386276
 20
-233.7010605087178
 10
-63.27924599611424
 20
-233.7010605087178
 42
-0.4142135623730937
 10
-57.08063552284285
 20
-239.8996709819895
 10
-57.08063552284285
 20
-314.8664642733887
 42
0.4142135623730863
 10
-55.67924599611479
 20
-316.2678538001166
 10
-39.49101630287032
 20
-316.2678538001166
 42
0.4142135623730935
 10
-38.08962677614228
 20
-314.8664642733887
 10
-38.08962677614228
 20
-287.8176250509999
 42
-0.4142135623730961
 10
-31.89101630287087
 20
-281.6190145777282
 10
-31.56160640512235
 20
-281.6190145777282
 42
-0.4142135623730942
 10
-25.36299593185095
 20
-287.8176250509999
 10
-25.36299593185095
 20
-314.8664642733887
 42
0.4142135623730878
 10
-23.96160640512289
 20
-316.2678538001166
 10
3.261956181033837
 20
-316.2678538001166
 42
0.4142135623731006
 10
4.663345707761891
 20
-314.8664642733887
 10
4.663345707761891
 20
-314.5370543756404
 42
0.4142135623730984
 10
3.261956181033837
 20
-313.1356648489125
 10
-0.1733767118785181
 20
-313.1356648489125
 42
-0.414213562373094
 10
-6.371987185149918
 20
-306.9370543756408
 10
-6.371987185149918
 20
-306.6076444778925
 42
-0.4142135623730967
 10
-0.1733767118785181
 20
-300.4090340046208
 10
3.261956181033837
 20
-300.4090340046208
 42
0.4142135623730977
 10
4.663345707761891
 20
-299.0076444778929
 10
4.663345707761891
 20
-298.6782345801446
 42
0.4142135623730955
 10
3.261956181033837
 20
-297.2768450534167
 10
-0.1733767118785181
 20
-297.2768450534167
 42
-0.414213562373094
 10
-6.371987185149918
 20
-291.0782345801449
 10
-6.371987185149918
 20
-290.7488246823966
 42
-0.4142135623730955
 10
-0.1733767118785181
 20
-284.5502142091249
 10
3.261956181033837
 20
-284.5502142091249
 42
0.4142135623730977
 10
4.663345707761891
 20
-283.148824682397
 10
4.663345707761891
 20
-282.8194147846488
 42
0.4142135623730925
 10
3.261956181033837
 20
-281.4180252579208
 10
-0.1733767118785181
 20
-281.4180252579208
 42
-0.4142135623730937
 10
-6.371987185149918
 20
-275.2194147846491
 10
-6.371987185149918
 20
-274.8900048869008
 42
-0.4142135623730952
 10
-0.1733767118785181
 20
-268.6913944136291
 10
3.261956181033837
 20
-268.6913944136291
 42
0.4142135623730951
 10
4.663345707761891
 20
-267.2900048869012
 10
4.663345707761891
 20
-266.9605949891529
 42
0.4142135623730959
 10
3.261956181033837
 20
-265.559205462425
 10
-0.1733767118785181
 20
-265.559205462425
 42
-0.4142135623730955
 10
-6.371987185149918
 20
-259.3605949891532
 10
-6.371987185149918
 20
-259.031185091405
 42
-0.4142135623730961
 10
-0.1733767118785181
 20
-252.8325746181333
 10
3.261956181033837
 20
-252.8325746181333
 42
0.4142135623730951
 10
4.663345707761891
 20
-251.4311850914054
 10
4.663345707761891
 20
-251.1017751936571
 42
0.4142135623730955
 10
3.261956181033837
 20
-249.7003856669291
 10
-0.17278660962711
 20
-249.7003856669291
 42
-0.4142135623730951
 10
-6.371397082898512
 20
-243.5017751936574
 10
-6.371397082898512
 20
-240.1461544355685
 42
-0.5237953178792089
 10
2.006253601652588
 20
-234.3431762728501
 42
0.0917705685376284
 10
11.03438194234968
 20
-235.950450979573
 10
11.19077597652949
 20
-235.950450979573
 42
-0.4142135623730951
 10
17.38938644980089
 20
-242.1490614528447
 10
17.38938644980089
 20
-314.8664642733887
 42
0.4142135623730999
 10
18.79077597652895
 20
-316.2678538001166
 10
34.97959577202528
 20
-316.2678538001166
 42
0.4142135623730943
 10
36.38098529875333
 20
-314.8664642733887
 10
36.38098529875333
 20
-287.8176250509999
 42
-0.4142135623730951
 10
42.57959577202472
 20
-281.6190145777282
 10
42.90900566977325
 20
-281.6190145777282
 42
-0.4142135623730951
 10
49.10761614304465
 20
-287.8176250509999
 10
49.10761614304465
 20
-314.8664642733887
 42
0.4142135623730878
 10
50.50900566977269
 20
-316.2678538001166
 10
66.69723536301717
 20
-316.2678538001166
 42
0.4142135623731011
 10
68.09862488974521
 20
-314.8664642733887
 10
68.09862488974521
 20
-239.8996709819895
 42
-0.4142135623730955
 10
74.29723536301662
 20
-233.7010605087178
 10
74.62664526076514
 20
-233.7010605087178
 42
-0.4142135623730951
 10
80.82525573403655
 20
-239.8996709819895
 10
80.82525573403655
 20
-314.8664642733887
 42
0.4142135623730863
 10
82.22664526076458
 20
-316.2678538001166
 10
98.41487495400905
 20
-316.2678538001166
 42
0.4142135623731011
 10
99.81626448073713
 20
-314.8664642733887
 10
99.81626448073713
 20
-287.8176250509999
 42
-0.4142135623730944
 10
106.0148749540085
 20
-281.6190145777282
 10
106.344284851757
 20
-281.6190145777282
 42
-0.4142135623730931
 10
112.5428953250284
 20
-287.8176250509999
 10
112.5428953250284
 20
-314.8664642733887
 42
0.4142135623730891
 10
113.9442848517565
 20
-316.2678538001166
 10
130.1325145450009
 20
-316.2678538001166
 42
0.4142135623731039
 10
131.533904071729
 20
-314.8664642733887
 10
131.533904071729
 20
-239.8996709819895
 42
-0.4142135623730951
 10
137.7325145450004
 20
-233.7010605087178
 10
138.0619244427489
 20
-233.7010605087178
 42
-0.4142135623730959
 10
144.2605349160203
 20
-239.8996709819895
 10
144.2605349160203
 20
-314.8664642733887
 42
0.4142135623730951
 10
145.6619244427484
 20
-316.2678538001166
 10
161.8501541359928
 20
-316.2678538001166
 42
0.4142135623731011
 10
163.2515436627209
 20
-314.8664642733887
 10
163.2515436627209
 20
-262.7184089022955
 42
0.9999999999999998
 10
160.1193547115163
 20
-262.7184089022955
 10
160.1193547115163
 20
-306.9370543756407
 42
-0.4142135623729421
 10
153.920744238248
 20
-313.1356648489123
 10
153.5913343405
 20
-313.1356648489123
 42
-0.4142135623732468
 10
147.3927238672249
 20
-306.9370543756404
 10
147.3927238672249
 20
-231.9702610842416
 42
0.4142135623730878
 10
145.9913343404969
 20
-230.5688715575138
 10
129.8031046472524
 20
-230.5688715575138
 42
0.4142135623730966
 10
128.4017151205244
 20
-231.9702610842414
 10
128.4017151205244
 20
-306.9370543756406
 42
-0.4142135623729434
 10
122.2031046472561
 20
-313.1356648489123
 10
121.8736947495081
 20
-313.1356648489123
 42
-0.4142135623732468
 10
115.675084276233
 20
-306.9370543756404
 10
115.675084276233
 20
-279.888215153252
 42
0.4142135623730921
 10
114.273694749505
 20
-278.4868256265242
 10
98.08546505626054
 20
-278.4868256265242
 42
0.4142135623730951
 10
96.68407552953249
 20
-279.8882151532518
 10
96.68407552953249
 20
-306.9370543756406
 42
-0.4142135623729441
 10
90.48546505626429
 20
-313.1356648489123
 10
90.15605515851619
 20
-313.1356648489123
 42
-0.4142135623732468
 10
83.95744468524117
 20
-306.9370543756404
 10
83.95744468524117
 20
-231.9702610842416
 42
0.4142135623730921
 10
82.55605515851312
 20
-230.5688715575138
 10
66.36782546526865
 20
-230.5688715575138
 42
0.4142135623730982
 10
64.96643593854059
 20
-231.9702610842414
 10
64.96643593854059
 20
-306.9370543756406
 42
-0.4142135623729436
 10
58.76782546527238
 20
-313.1356648489123
 10
58.43841556752431
 20
-313.1356648489123
 42
-0.4142135623732468
 10
52.23980509424928
 20
-306.9370543756404
 10
52.23980509424928
 20
-279.888215153252
 42
0.4142135623730906
 10
50.83841556752123
 20
-278.4868256265242
 10
34.65018587427677
 20
-278.4868256265242
 42
0.414213562373099
 10
33.24879634754871
 20
-279.8882151532518
 10
33.24879634754871
 20
-306.9370543756406
 42
-0.4142135623729442
 10
27.05018587428049
 20
-313.1356648489123
 10
26.72077597653242
 20
-313.1356648489123
 42
-0.4142135623732468
 10
20.52216550325738
 20
-306.9370543756404
 10
20.52216550325738
 20
-234.2190614528447
 42
0.4142135623730971
 10
19.12077597652933
 20
-232.8176719261167
 10
11.02330463381941
 20
-232.8176719261167
 42
-0.2403453100536041
 10
-6.901711080515268
 20
-223.837664455859
 42
-0.0087071204056947
 10
-7.629121137169478
 20
-223.5906407642131
 42
0.5192084795077341
 10
-9.504176136354999
 20
-224.9095545695188
 10
-9.504176136354999
 20
-306.9370543756406
 42
-0.4142135623729441
 10
-15.70278660962322
 20
-313.1356648489123
 10
-16.03219650737128
 20
-313.1356648489123
 42
-0.4142135623732476
 10
-22.23080698064632
 20
-306.9370543756403
 10
-22.23080698064632
 20
-279.888215153252
 42
0.4142135623730936
 10
-23.63219650737438
 20
-278.4868256265242
 10
-39.82042620061885
 20
-278.4868256265242
 42
0.4142135623730982
 10
-41.22181572734689
 20
-279.8882151532518
 10
-41.22181572734689
 20
-306.9370543756406
 42
-0.4142135623729461
 10
-47.42042620061511
 20
-313.1356648489123
 10
-47.74983609836318
 20
-313.1356648489123
 42
-0.4142135623732484
 10
-53.94844657163821
 20
-306.9370543756403
 10
-53.94844657163821
 20
-231.9702610842416
 42
0.4142135623730951
 10
-55.34983609836626
 20
-230.5688715575138
 10
-71.53806579161074
 20
-230.5688715575138
 42
0.4142135623730982
 10
-72.9394553183388
 20
-231.9702610842414
 10
-72.9394553183388
 20
-306.9370543756407
 42
-0.4142135623729426
 10
-79.138065791607
 20
-313.1356648489123
 10
-79.46747568935506
 20
-313.1356648489123
 42
-0.4142135623732468
 10
-85.66608616263009
 20
-306.9370543756404
 10
-85.66608616263009
 20
-279.888215153252
 42
0.4142135623730891
 10
-87.06747568935815
 20
-278.4868256265242
 10
-103.2557053826026
 20
-278.4868256265242
 42
0.414213562373104
 10
-104.6570949093307
 20
-279.8882151532518
 10
-104.6570949093307
 20
-306.9370543756406
 42
-0.4142135623729434
 10
-110.8557053825989
 20
-313.1356648489123
 10
-111.1851152803469
 20
-313.1356648489123
 42
-0.4142135623732468
 10
-117.3837257536224
 20
-306.9370543756404
 10
-117.3837257536224
 20
-231.9702610842416
 42
0.4142135623730878
 10
-118.78511528035
 20
-230.5688715575138
 10
-134.9733449735945
 20
-230.5688715575138
 42
0.4142135623730995
 10
-136.3747345003221
 20
-231.9702610842414
 10
-136.3747345003221
 20
-306.9370543756406
 42
-0.4142135623729421
 10
-142.5733449735908
 20
-313.1356648489123
 10
-142.9027548713388
 20
-313.1356648489123
 42
-0.4142135623732468
 10
-149.1013653446143
 20
-306.9370543756404
 10
-149.1013653446143
 20
-279.8882151532521
 42
0.4142135623730982
 10
-150.5027548713419
 20
-278.4868256265242
 10
-166.6909845645866
 20
-278.4868256265242
 42
0.414213562373104
 10
-168.0923740913145
 20
-279.8882151532518
 10
-168.0923740913145
 20
-306.9370543756408
 42
-0.4142135623729943
 10
-174.290984564584
 20
-313.1356648489124
 10
-174.6203944623325
 20
-313.1356648489124
 42
-0.4142135623731932
 10
-180.8190049356062
 20
-306.9370543756408
 10
-180.8190049356062
 20
-186.6420119641051
 42
-0.4142135623730442
 10
-174.6203944623357
 20
-180.4434014908335
 10
-174.2909845645872
 20
-180.4434014908335
 42
-0.4142135623731451
 10
-168.0923740913145
 20
-186.642011964105
 10
-168.0923740913145
 20
-261.6088052555043
 42
0.4142135623731011
 10
-166.6909845645866
 20
-263.0101947822321
 10
-150.5027548713419
 20
-263.0101947822321
 42
0.4142135623731011
 10
-149.1013653446143
 20
-261.6088052555043
 10
-149.1013653446143
 20
-186.6420119641052
 42
-0.4142135623729934
 10
-142.9027548713447
 20
-180.4434014908335
 10
-142.5733449735962
 20
-180.4434014908335
 42
-0.4142135623731954
 10
-136.3747345003221
 20
-186.6420119641051
 10
-136.3747345003221
 20
-213.6908511864938
 42
0.4142135623730936
 10
-134.9733449735945
 20
-215.0922407132217
 10
-118.78511528035
 20
-215.0922407132217
 42
0.4142135623731026
 10
-117.3837257536224
 20
-213.690851186494
 10
-117.3837257536224
 20
-186.6420119641052
 42
-0.4142135623729934
 10
-111.1851152803529
 20
-180.4434014908335
 10
-110.8557053826043
 20
-180.4434014908335
 42
-0.4142135623731967
 10
-104.6570949093307
 20
-186.6420119641051
 10
-104.6570949093307
 20
-261.6088052555042
 42
0.4142135623730951
 10
-103.2557053826026
 20
-263.0101947822321
 10
-87.06747568935815
 20
-263.0101947822321
 42
0.4142135623731039
 10
-85.66608616263009
 20
-261.6088052555044
 10
-85.66608616263009
 20
-186.6420119641052
 42
-0.4142135623729933
 10
-79.46747568936098
 20
-180.4434014908335
 10
-79.13806579161245
 20
-180.4434014908335
 42
-0.4142135623731967
 10
-72.9394553183388
 20
-186.642011964105
 10
-72.9394553183388
 20
-213.6908511864938
 42
0.4142135623730966
 10
-71.53806579161074
 20
-215.0922407132217
 10
-55.34983609836626
 20
-215.0922407132217
 42
0.4142135623730996
 10
-53.94844657163821
 20
-213.690851186494
 10
-53.94844657163821
 20
-186.6420119641052
 42
-0.4142135623729942
 10
-47.74983609836907
 20
-180.4434014908335
 10
-47.42042620062057
 20
-180.4434014908335
 42
-0.4142135623731959
 10
-41.22181572734689
 20
-186.642011964105
 10
-41.22181572734689
 20
-261.6088052555042
 42
0.4142135623729465
 10
-39.82042620061975
 20
-263.0101947822321
 10
-39.49101630287169
 20
-263.0101947822321
 42
0.4142135623732436
 10
-38.08962677614228
 20
-261.6088052555039
 10
-38.08962677614228
 20
-228.4375681397979
 42
-0.4142135623730959
 10
-31.89101630287087
 20
-222.2389576665262
 10
-31.56160640512371
 20
-222.2389576665262
 42
-0.4142135623730959
 10
-25.36299593185231
 20
-228.4375681397979
 10
-25.36299593185231
 20
-261.6088052555042
 42
0.4142135623729465
 10
-23.96160640512517
 20
-263.0101947822321
 10
-23.63219650737574
 20
-263.0101947822321
 42
0.4142135623732496
 10
-22.23080698064632
 20
-261.6088052555039
 10
-22.23080698064632
 20
-82.12415034205401
 42
0.4142135623730906
 10
-23.63219650737438
 20
-80.72276081532619
 10
-39.82042620062839
 20
-80.72276081532619
 42
0.4142135623731024
 10
-41.2218157273569
 20
-82.12415034205411
 10
-41.2218157273569
 20
-146.6909436334531
 42
-0.4142135623729457
 10
-47.42042620062465
 20
-152.8895541067248
 10
-47.74983609837271
 20
-152.8895541067248
 42
-0.4142135623732468
 10
-53.94844657164775
 20
-146.6909436334528
 10
-53.94844657164775
 20
-124.8421044110644
 42
0.4142135623730936
 10
-55.34983609837581
 20
-123.4407148843366
 10
-71.53806579162028
 20
-123.4407148843366
 42
0.4142135623730966
 10
-72.93945531834833
 20
-124.8421044110642
 10
-72.93945531834833
 20
-146.6909436334532
 42
-0.4142135623729441
 10
-79.13806579161654
 20
-152.8895541067248
 10
-79.46747568936462
 20
-152.8895541067248
 42
-0.4142135623732475
 10
-85.66608616263966
 20
-146.6909436334528
 10
-85.66608616263966
 20
-82.12415034205401
 42
0.4142135623730921
 10
-87.06747568936769
 20
-80.72276081532619
 10
-103.2557053826121
 20
-80.72276081532619
 42
0.4142135623731011
 10
-104.6570949093407
 20
-82.12415034205411
 10
-104.6570949093407
 20
-146.6909436334531
 42
-0.4142135623729473
 10
-110.8557053826084
 20
-152.8895541067248
 10
-111.1851152803565
 20
-152.8895541067248
 42
-0.4142135623732462
 10
-117.3837257536315
 20
-146.6909436334528
 10
-117.3837257536315
 20
-124.8421044110644
 42
0.4142135623730936
 10
-118.7851152803596
 20
-123.4407148843366
 10
-134.973344973604
 20
-123.4407148843366
 42
0.4142135623731011
 10
-136.3747345003321
 20
-124.8421044110642
 10
-136.3747345003321
 20
-146.6909436334532
 42
-0.4142135623729427
 10
-142.5733449736003
 20
-152.8895541067248
 10
-142.9027548713484
 20
-152.8895541067248
 42
-0.4142135623732468
 10
-149.1013653446234
 20
-146.6909436334528
 10
-149.1013653446234
 20
-82.12415034205401
 42
0.4142135623730891
 10
-150.5027548713515
 20
-80.72276081532619
 10
-166.6909845645957
 20
-80.72276081532619
 42
0.4142135623730863
 10
-168.0923740913238
 20
-82.12415034205401
 10
-168.0923740913238
 20
-146.6909436334531
 42
-0.4142135623730931
 10
-174.2909845645956
 20
-152.889554106725
 10
-174.6203944623436
 20
-152.889554106725
 42
-0.4142135623730946
 10
-180.8190049356156
 20
-146.6909436334531
 10
-180.8190049356156
 20
-41.99590122191772
 42
-0.414213562373197
 10
-174.6203944623414
 20
-35.79729074864565
 10
-174.2909845645935
 20
-35.79729074864565
 42
-0.4142135623729942
 10
-168.0923740913238
 20
-41.99590122191761
 10
-168.0923740913238
 20
-63.84474044430601
 42
0.41421356237311
 10
-166.6909845645955
 20
-65.24612997103429
 10
-150.5027548713515
 20
-65.24612997103429
 42
0.4142135623730951
 10
-149.1013653446234
 20
-63.84474044430601
 10
-149.1013653446234
 20
-41.99590122191772
 42
-0.4142135623728977
 10
-142.9027548713561
 20
-35.79729074864599
 10
-142.573344973608
 20
-35.79729074864599
 42
-0.414213562373298
 10
-136.3747345003321
 20
-41.99590122191785
 10
-136.3747345003321
 20
-106.5626945133167
 42
0.4142135623730921
 10
-134.973344973604
 20
-107.9640840400445
 10
-118.7851152803596
 20
-107.9640840400445
 42
0.4142135623731011
 10
-117.3837257536315
 20
-106.5626945133168
 10
-117.3837257536315
 20
-41.99590122191761
 42
-0.414213562372893
 10
-111.1851152803642
 20
-35.79729074864599
 10
-110.8557053826161
 20
-35.79729074864599
 42
-0.4142135623732959
 10
-104.6570949093402
 20
-41.99590122191772
 10
-104.6570949093402
 20
-63.84474044430612
 42
0.4142135623730921
 10
-103.2557053826121
 20
-65.24612997103395
 10
-87.06747568936769
 20
-65.24612997103395
 42
0.4142135623731011
 10
-85.6660861626392
 20
-63.84474044430601
 10
-85.6660861626392
 20
-41.99590122191785
 42
-0.414213562372901
 10
-79.46747568937233
 20
-35.79729074864599
 10
-79.1380657916243
 20
-35.79729074864599
 42
-0.4142135623732952
 10
-72.93945531834833
 20
-41.99590122191772
 10
-72.93945531834833
 20
-106.5626945133167
 42
0.4142135623730951
 10
-71.53806579162028
 20
-107.9640840400445
 10
-55.34983609837581
 20
-107.9640840400445
 42
0.4142135623731011
 10
-53.94844657164775
 20
-106.5626945133168
 10
-53.94844657164775
 20
-41.99590122191761
 42
-0.414213562372893
 10
-47.74983609838044
 20
-35.79729074864599
 10
-47.42042620063239
 20
-35.79729074864599
 42
-0.414213562373296
 10
-41.22181572735644
 20
-41.99590122191772
 10
-41.22181572735644
 20
-63.84474044430612
 42
0.4142135623730906
 10
-39.82042620062839
 20
-65.24612997103395
 10
-23.63219650738392
 20
-65.24612997103395
 42
0.4142135623731054
 10
-22.23080698065542
 20
-63.84474044430601
 10
-22.23080698065542
 20
-41.99590122191772
 42
-0.4142135623728992
 10
-16.03219650738856
 20
-35.79729074864599
 10
-15.70278660964049
 20
-35.79729074864599
 42
-0.4142135623732968
 10
-9.504176136364547
 20
-41.99590122191772
 10
-9.504176136364547
 20
-106.5626945133167
 42
0.4142135623730951
 10
-8.102786609636495
 20
-107.9640840400445
 10
8.08544308360797
 20
-107.9640840400445
 42
0.4142135623731011
 10
9.486832610336023
 20
-106.5626945133168
 10
9.486832610336023
 20
-41.99590122191761
 42
-0.4142135623728928
 10
15.68544308360333
 20
-35.79729074864599
 10
16.01485298135139
 20
-35.79729074864599
 42
-0.414213562373295
 10
22.21346345462734
 20
-41.99590122191772
 10
22.21346345462734
 20
-63.84474044430612
 42
0.4142135623730904
 10
23.6148529813554
 20
-65.24612997103395
 10
39.80308267459987
 20
-65.24612997103395
 42
0.4142135623731024
 10
41.20447220132837
 20
-63.84474044430601
 10
41.20447220132837
 20
-41.99590122191772
 42
-0.4142135623728992
 10
47.40308267459522
 20
-35.79729074864599
 10
47.73249257234328
 20
-35.79729074864599
 42
-0.4142135623732968
 10
53.93110304561924
 20
-41.99590122191772
 10
53.93110304561924
 20
-106.5626945133167
 42
0.4142135623730891
 10
55.33249257234729
 20
-107.9640840400445
 10
71.52072226559176
 20
-107.9640840400445
 42
0.4142135623731011
 10
72.92211179231981
 20
-106.5626945133168
 10
72.92211179231981
 20
-41.99590122191761
 42
-0.4142135623728933
 10
79.12072226558713
 20
-35.79729074864599
 10
79.45013216333518
 20
-35.79729074864599
 42
-0.4142135623732974
 10
85.64874263661113
 20
-41.99590122191785
 10
85.64874263661113
 20
-63.84474044430612
 42
0.4142135623730891
 10
87.0501321633392
 20
-65.24612997103395
 10
103.2383618565836
 20
-65.24612997103395
 42
0.4142135623731011
 10
104.6397513833121
 20
-63.84474044430601
 10
104.6397513833121
 20
-41.99590122191772
 42
-0.4142135623728997
 10
110.838361856579
 20
-35.79729074864599
 10
111.1677717543271
 20
-35.79729074864599
 42
-0.4142135623732959
 10
117.366382227603
 20
-41.99590122191772
 10
117.366382227603
 20
-106.5626945133167
 42
0.4142135623730921
 10
118.7677717543311
 20
-107.9640840400445
 10
134.9560014475755
 20
-107.9640840400445
 42
0.4142135623730951
 10
136.3573909743036
 20
-106.5626945133168
 10
136.3573909743036
 20
-41.99590122191761
 42
-0.4142135623728949
 10
142.5560014475709
 20
-35.79729074864599
 10
142.885411345319
 20
-35.79729074864599
 42
-0.414213562373294
 10
149.0840218185949
 20
-41.99590122191772
 10
149.0840218185949
 20
-63.84474044430612
 42
0.4142135623730891
 10
150.485411345323
 20
-65.24612997103395
 10
166.6736410385674
 20
-65.24612997103395
 42
0.41421356237311
 10
168.0750305652955
 20
-63.84474044430601
 10
168.0750305652955
 20
-41.99590122191772
 42
-0.4142135623728977
 10
174.2736410385628
 20
-35.79729074864599
 10
174.6030509363109
 20
-35.79729074864599
 42
-0.414213562373294
 10
180.8016614095868
 20
-41.99590122191772
 10
180.8016614095868
 20
-106.5626945133167
 42
0.4142135623730921
 10
182.2030509363148
 20
-107.9640840400445
 10
198.3912806295593
 20
-107.9640840400445
 42
0.4142135623731011
 10
199.7926701562874
 20
-106.5626945133168
 10
199.7926701562874
 20
-41.99590122191761
 42
-0.4142135623728924
 10
205.9912806295546
 20
-35.79729074864599
 10
206.3206905273028
 20
-35.79729074864599
 42
-0.414213562373295
 10
212.5193010005787
 20
-41.99590122191785
 10
212.5193010005787
 20
-149.4409436334531
 42
-0.4142135623729451
 10
206.3206905273105
 20
-155.6395541067248
 10
205.9912806295624
 20
-155.6395541067248
 42
-0.4142135623732485
 10
199.7926701562874
 20
-149.4409436334528
 10
199.7926701562874
 20
-124.8421044110644
 42
0.4142135623730878
 10
198.3912806295593
 20
-123.4407148843366
 10
182.2030509363148
 20
-123.4407148843366
 42
0.4142135623731011
 10
180.8016614095868
 20
-124.8421044110642
 10
180.8016614095868
 20
-149.4409436334531
 42
-0.4142135623729439
 10
174.6030509363186
 20
-155.6395541067248
 10
174.2736410385705
 20
-155.6395541067248
 42
-0.4142135623732488
 10
168.0750305652955
 20
-149.4409436334528
 10
168.0750305652955
 20
-82.12415034205401
 42
0.4142135623730951
 10
166.6736410385674
 20
-80.72276081532619
 10
150.485411345323
 20
-80.72276081532619
 42
0.4142135623730982
 10
149.0840218185949
 20
-82.12415034205411
 10
149.0840218185949
 20
-146.6909436334531
 42
-0.4142135623729467
 10
142.8854113453267
 20
-152.8895541067248
 10
142.5560014475786
 20
-152.8895541067248
 42
-0.4142135623732472
 10
136.3573909743036
 20
-146.6909436334528
 10
136.3573909743036
 20
-124.8421044110644
 42
0.4142135623730921
 10
134.9560014475755
 20
-123.4407148843366
 10
118.7677717543311
 20
-123.4407148843366
 42
0.4142135623730966
 10
117.366382227603
 20
-124.8421044110642
 10
117.366382227603
 20
-146.6909436334532
 42
-0.4142135623729448
 10
111.1677717543348
 20
-152.8895541067248
 10
110.8383618565867
 20
-152.8895541067248
 42
-0.4142135623732472
 10
104.6397513833117
 20
-146.6909436334528
 10
104.6397513833117
 20
-82.12415034205401
 42
0.4142135623730921
 10
103.2383618565836
 20
-80.72276081532619
 10
87.0501321633392
 20
-80.72276081532619
 42
0.4142135623731071
 10
85.64874263661065
 20
-82.12415034205411
 10
85.64874263661065
 20
-146.6909436334531
 42
-0.4142135623729454
 10
79.45013216334293
 20
-152.8895541067248
 10
79.12072226559485
 20
-152.8895541067248
 42
-0.4142135623732468
 10
72.92211179231981
 20
-146.6909436334528
 10
72.92211179231981
 20
-124.8421044110644
 42
0.4142135623730936
 10
71.52072226559176
 20
-123.4407148843366
 10
55.33249257234729
 20
-123.4407148843366
 42
0.4142135623730951
 10
53.93110304561924
 20
-124.8421044110642
 10
53.93110304561924
 20
-146.6909436334532
 42
-0.4142135623729436
 10
47.73249257235103
 20
-152.8895541067248
 10
47.40308267460295
 20
-152.8895541067248
 42
-0.4142135623732469
 10
41.2044722013279
 20
-146.6909436334528
 10
41.2044722013279
 20
-82.12415034205401
 42
0.4142135623730906
 10
39.80308267459987
 20
-80.72276081532619
 10
23.6148529813554
 20
-80.72276081532619
 42
0.414213562373103
 10
22.21346345462689
 20
-82.12415034205411
 10
22.21346345462689
 20
-146.6909436334531
 42
-0.4142135623729458
 10
16.01485298135912
 20
-152.8895541067248
 10
15.68544308361106
 20
-152.8895541067248
 42
-0.4142135623732466
 10
9.486832610336023
 20
-146.6909436334528
 10
9.486832610336023
 20
-124.8421044110644
 42
0.4142135623730934
 10
8.08544308360797
 20
-123.4407148843366
 10
-8.102786609626946
 20
-123.4407148843366
 42
0.414213562373098
 10
-9.504176136354999
 20
-124.8421044110642
 10
-9.504176136354999
 20
-186.8664809274062
 42
0.134508274348666
 10
-8.25469944761744
 20
-191.6369393401571
 42
-0.2679374360512444
 10
-8.25469944761744
 20
-197.8353142812975
 42
0.1316469180909974
 10
-9.504766238606862
 20
-202.500831759601
 10
-9.504766238606862
 20
-202.8302416573491
 42
0.3651835212180231
 10
-1.75437455562087
 20
-212.0267233931876
 42
-0.2303579094387276
 10
2.650244249662136
 20
-215.191650839359
 42
0.278677729287261
 10
10.96689711551153
 20
-220.090450979573
 10
14.98051447325815
 20
-220.090450979573
 42
-0.1320720471764044
 10
18.08867035142566
 20
-220.9260269725937
 42
0.132072047176406
 10
18.79136607878036
 20
-221.1149350271416
 10
19.12077597652933
 20
-221.1149350271416
 42
0.4142135623730949
 10
20.52216550325738
 20
-219.7135455004136
 10
20.52216550325738
 20
-186.6420119641052
 42
-0.4142135623730444
 10
26.72077597652787
 20
-180.4434014908335
 10
27.05018587427594
 20
-180.4434014908335
 42
-0.4142135623731439
 10
33.24879634754825
 20
-186.642011964105
 10
33.24879634754825
 20
-261.6088052555044
 42
0.4142135623730891
 10
34.65018587427677
 20
-263.0101947822322
 10
50.83841556752123
 20
-263.0101947822322
 42
0.4142135623730935
 10
52.23980509424928
 20
-261.6088052555044
 10
52.23980509424928
 20
-186.6420119641052
 42
-0.414213562373045
 10
58.43841556751977
 20
-180.4434014908335
 10
58.76782546526783
 20
-180.4434014908335
 42
-0.4142135623731402
 10
64.96643593854014
 20
-186.642011964105
 10
64.96643593854014
 20
-213.6908511864938
 42
0.4142135623730951
 10
66.36782546526911
 20
-215.0922407132221
 10
82.55605515851266
 20
-215.0922407132221
 42
0.4142135623730891
 10
83.95744468524117
 20
-213.6908511864937
 10
83.95744468524117
 20
-186.6420119641052
 42
-0.4142135623730444
 10
90.15605515851166
 20
-180.4434014908335
 10
90.48546505625973
 20
-180.4434014908335
 42
-0.414213562373144
 10
96.68407552953205
 20
-186.642011964105
 10
96.68407552953205
 20
-261.6088052555044
 42
0.4142135623730891
 10
98.08546505626054
 20
-263.0101947822322
 10
114.273694749505
 20
-263.0101947822322
 42
0.4142135623730951
 10
115.675084276233
 20
-261.6088052555044
 10
115.675084276233
 20
-186.6420119641052
 42
-0.4142135623730445
 10
121.8736947495035
 20
-180.4434014908335
 10
122.2031046472516
 20
-180.4434014908335
 42
-0.4142135623731403
 10
128.4017151205239
 20
-186.642011964105
 10
128.4017151205239
 20
-213.6908511864938
 42
0.4142135623730966
 10
129.8031046472529
 20
-215.0922407132221
 10
145.9913343404964
 20
-215.0922407132221
 42
0.4142135623730789
 10
147.3927238672249
 20
-213.6908511864937
 10
147.3927238672249
 20
-186.6420119641052
 42
-0.4142135623730442
 10
153.5913343404954
 20
-180.4434014908335
 10
153.9207442382435
 20
-180.4434014908335
 42
-0.4142135623731413
 10
160.1193547115163
 20
-186.642011964105
 10
160.1193547115163
 20
-232.718408902295
 42
0.9999999999999998
  0
ENDBLK
  5
87EF
330
87A0
100
AcDbEntity
  8
参照
100
AcDbBlockEnd
  0
BLOCK
  5
175A4
330
1759A
100
AcDbEntity
  8
0
100
AcDbBlockBegin
  2
*D2
 70
     1
 10
0.0
 20
0.0
 30
0.0
  3
*D2
  1

  0
LINE
  5
26B43
330
1759A
100
AcDbEntity
  8
dim
 62
     0
370
    -2
100
AcDbLine
 10
2204.132430641794
 20
244.1736392847365
 30
0.0
 11
2159.458720910489
 21
244.1736392847365
 31
0.0
  0
LINE
  5
26B44
330
1759A
100
AcDbEntity
  8
dim
 62
     0
370
    -2
100
AcDbLine
 10
2204.132430641794
 20
-70.82636376702137
 30
0.0
 11
2159.458720910489
 21
-70.82636376702137
 31
0.0
  0
LINE
  5
26B45
330
1759A
100
AcDbEntity
  8
dim
 62
     0
370
    -2
100
AcDbLine
 10
2161.377760910489
 20
236.4936392847365
 30
0.0
 11
2161.377760910489
 21
-63.14636376702138
 31
0.0
  0
SOLID
  5
26B46
330
1759A
100
AcDbEntity
  8
dim
 62
     0
100
AcDbTrace
 10
2162.657760910489
 20
236.4936392847365
 30
0.0
 11
2160.097760910489
 21
236.4936392847365
 31
0.0
 12
2161.377760910489
 22
244.1736392847365
 32
0.0
 13
2161.377760910489
 23
244.1736392847365
 33
0.0
  0
SOLID
  5
26B47
330
1759A
100
AcDbEntity
  8
dim
 62
     0
100
AcDbTrace
 10
2160.097760910489
 20
-63.14636376702138
 30
0.0
 11
2162.657760910489
 21
-63.14636376702138
 31
0.0
 12
2161.377760910489
 22
-70.82636376702137
 32
0.0
 13
2161.377760910489
 23
-70.82636376702137
 33
0.0
  0
MTEXT
  5
26B48
330
1759A
100
AcDbEntity
  8
dim
 62
     0
100
AcDbMText
 10
2154.658720910489
 20
86.67363775885755
 30
0.0
 40
9.599999999999999
 41
0.0
 46
0.0
 71
     5
 72
     1
  1
315
  7
标注
 11
0.0
 21
1.0
 31
0.0
 73
     1
 44
1.0
1001
ACAD
1000
MTEXTBEGIN
1070
    73
1070
     1
1070
    44
1040
1.0
1070
    74
1070
     0
1000
MTEXTEND
  0
POINT
  5
26B49
330
1759A
100
AcDbEntity
  8
Defpoints
 62
     0
100
AcDbPoint
 10
2206.051470641794
 20
244.1736392847365
 30
0.0
  0
POINT
  5
26B4A
330
1759A
100
AcDbEntity
  8
Defpoints
 62
     0
100
AcDbPoint
 10
2206.051470641794
 20
-70.82636376702137
 30
0.0
  0
POINT
  5
26B4B
330
1759A
100
AcDbEntity
  8
Defpoints
 62
     0
100
AcDbPoint
 10
2161.377760910489
 20
-70.82636376702137
 30
0.0
  0
ENDBLK
  5
175A5
330
1759A
100
AcDbEntity
  8
0
100
AcDbBlockEnd
  0
BLOCK
  5
176A6
330
1769A
100
AcDbEntity
  8
0
100
AcDbBlockBegin
  2
*D3
 70
     1
 10
0.0
 20
0.0
 30
0.0
  3
*D3
  1

  0
LINE
  5
26B3A
330
1769A
100
AcDbEntity
  8
dim
 62
     0
370
    -2
100
AcDbLine
 10
2203.051470641794
 20
-69.74540376702129
 30
0.0
 11
2203.051470641794
 21
-117.5001301278578
 31
0.0
  0
LINE
  5
26B3B
330
1769A
100
AcDbEntity
  8
dim
 62
     0
370
    -2
100
AcDbLine
 10
2563.051470641794
 20
-70.74540376701881
 30
0.0
 11
2563.051470641794
 21
-117.5001301278578
 31
0.0
  0
LINE
  5
26B3C
330
1769A
100
AcDbEntity
  8
dim
 62
     0
370
    -2
100
AcDbLine
 10
2210.731470641794
 20
-115.5810901278578
 30
0.0
 11
2555.371470641794
 21
-115.5810901278578
 31
0.0
  0
SOLID
  5
26B3D
330
1769A
100
AcDbEntity
  8
dim
 62
     0
100
AcDbTrace
 10
2210.731470641794
 20
-114.3010901278578
 30
0.0
 11
2210.731470641794
 21
-116.8610901278578
 31
0.0
 12
2203.051470641794
 22
-115.5810901278578
 32
0.0
 13
2203.051470641794
 23
-115.5810901278578
 33
0.0
  0
SOLID
  5
26B3E
330
1769A
100
AcDbEntity
  8
dim
 62
     0
100
AcDbTrace
 10
2555.371470641794
 20
-116.8610901278578
 30
0.0
 11
2555.371470641794
 21
-114.3010901278578
 31
0.0
 12
2563.051470641794
 22
-115.5810901278578
 32
0.0
 13
2563.051470641794
 23
-115.5810901278578
 33
0.0
  0
MTEXT
  5
26B3F
330
1769A
100
AcDbEntity
  8
dim
 62
     0
100
AcDbMText
 10
2383.051470641794
 20
-108.8620501278578
 30
0.0
 40
9.599999999999999
 41
0.0
 46
0.0
 71
     5
 72
     1
  1
360
  7
标注
 73
     1
 44
1.0
1001
ACAD
1000
MTEXTBEGIN
1070
    73
1070
     1
1070
    44
1040
1.0
1070
    74
1070
     0
1000
MTEXTEND
  0
POINT
  5
26B40
330
1769A
100
AcDbEntity
  8
Defpoints
 62
     0
100
AcDbPoint
 10
2203.051470641794
 20
-67.82636376702129
 30
0.0
  0
POINT
  5
26B41
330
1769A
100
AcDbEntity
  8
Defpoints
 62
     0
100
AcDbPoint
 10
2563.051470641794
 20
-68.82636376701881
 30
0.0
  0
POINT
  5
26B42
330
1769A
100
AcDbEntity
  8
Defpoints
 62
     0
100
AcDbPoint
 10
2563.051470641794
 20
-115.5810901278578
 30
0.0
  0
ENDBLK
  5
176A7
330
1769A
100
AcDbEntity
  8
0
100
AcDbBlockEnd
  0
BLOCK
  5
177A9
330
1779F
100
AcDbEntity
  8
0
100
AcDbBlockBegin
  2
*D4
 70
     1
 10
0.0
 20
0.0
 30
0.0
  3
*D4
  1

  0
LINE
  5
26B28
330
1779F
100
AcDbEntity
  8
dim
 62
     0
370
    -2
100
AcDbLine
 10
2206.551470641794
 20
-51.74540376702164
 30
0.0
 11
2206.551470641794
 21
-92.3601807160848
 31
0.0
  0
LINE
  5
26B29
330
1779F
100
AcDbEntity
  8
dim
 62
     0
370
    -2
100
AcDbLine
 10
2559.551470641793
 20
-51.74540376702164
 30
0.0
 11
2559.551470641793
 21
-92.3601807160848
 31
0.0
  0
LINE
  5
26B2A
330
1779F
100
AcDbEntity
  8
dim
 62
     0
370
    -2
100
AcDbLine
 10
2214.231470641794
 20
-90.44114071608484
 30
0.0
 11
2551.871470641794
 21
-90.44114071608484
 31
0.0
  0
SOLID
  5
26B2B
330
1779F
100
AcDbEntity
  8
dim
 62
     0
100
AcDbTrace
 10
2214.231470641794
 20
-89.16114071608483
 30
0.0
 11
2214.231470641794
 21
-91.72114071608485
 31
0.0
 12
2206.551470641794
 22
-90.44114071608484
 32
0.0
 13
2206.551470641794
 23
-90.44114071608484
 33
0.0
  0
SOLID
  5
26B2C
330
1779F
100
AcDbEntity
  8
dim
 62
     0
100
AcDbTrace
 10
2551.871470641794
 20
-91.72114071608485
 30
0.0
 11
2551.871470641794
 21
-89.16114071608483
 31
0.0
 12
2559.551470641793
 22
-90.44114071608484
 32
0.0
 13
2559.551470641793
 23
-90.44114071608484
 33
0.0
  0
MTEXT
  5
26B2D
330
1779F
100
AcDbEntity
  8
dim
 62
     0
100
AcDbMText
 10
2383.051470641794
 20
-83.72210071608483
 30
0.0
 40
9.599999999999999
 41
0.0
 46
0.0
 71
     5
 72
     1
  1
353
  7
标注
 73
     1
 44
1.0
1001
ACAD
1000
MTEXTBEGIN
1070
    73
1070
     1
1070
    44
1040
1.0
1070
    74
1070
     0
1000
MTEXTEND
  0
POINT
  5
26B2E
330
1779F
100
AcDbEntity
  8
Defpoints
 62
     0
100
AcDbPoint
 10
2206.551470641794
 20
-49.82636376702163
 30
0.0
  0
POINT
  5
26B2F
330
1779F
100
AcDbEntity
  8
Defpoints
 62
     0
100
AcDbPoint
 10
2559.551470641793
 20
-49.82636376702163
 30
0.0
  0
POINT
  5
26B30
330
1779F
100
AcDbEntity
  8
Defpoints
 62
     0
100
AcDbPoint
 10
2559.551470641793
 20
-90.44114071608484
 30
0.0
  0
ENDBLK
  5
177AA
330
1779F
100
AcDbEntity
  8
0
100
AcDbBlockEnd
  0
BLOCK
  5
178BB
330
178B1
100
AcDbEntity
  8
0
100
AcDbBlockBegin
  2
*D5
 70
     1
 10
0.0
 20
0.0
 30
0.0
  3
*D5
  1

  0
LINE
  5
26B31
330
178B1
100
AcDbEntity
  8
dim
 62
     0
370
    -2
100
AcDbLine
 10
2209.933465773035
 20
-49.82636376702163
 30
0.0
 11
2181.605351272256
 21
-49.82636376702163
 31
0.0
  0
LINE
  5
26B32
330
178B1
100
AcDbEntity
  8
dim
 62
     0
370
    -2
100
AcDbLine
 10
2209.933465773035
 20
234.1736392847364
 30
0.0
 11
2181.605351272256
 21
234.1736392847364
 31
0.0
  0
LINE
  5
26B33
330
178B1
100
AcDbEntity
  8
dim
 62
     0
370
    -2
100
AcDbLine
 10
2183.524391272257
 20
-42.14636376702162
 30
0.0
 11
2183.524391272257
 21
226.4936392847364
 31
0.0
  0
SOLID
  5
26B34
330
178B1
100
AcDbEntity
  8
dim
 62
     0
100
AcDbTrace
 10
2182.244391272256
 20
-42.14636376702162
 30
0.0
 11
2184.804391272257
 21
-42.14636376702162
 31
0.0
 12
2183.524391272257
 22
-49.82636376702163
 32
0.0
 13
2183.524391272257
 23
-49.82636376702163
 33
0.0
  0
SOLID
  5
26B35
330
178B1
100
AcDbEntity
  8
dim
 62
     0
100
AcDbTrace
 10
2184.804391272257
 20
226.4936392847364
 30
0.0
 11
2182.244391272256
 21
226.4936392847364
 31
0.0
 12
2183.524391272257
 22
234.1736392847364
 32
0.0
 13
2183.524391272257
 23
234.1736392847364
 33
0.0
  0
MTEXT
  5
26B36
330
178B1
100
AcDbEntity
  8
dim
 62
     0
100
AcDbMText
 10
2176.805351272256
 20
92.17363775885742
 30
0.0
 40
9.599999999999999
 41
0.0
 46
0.0
 71
     5
 72
     1
  1
284
  7
标注
 11
0.0
 21
1.0
 31
0.0
 73
     1
 44
1.0
1001
ACAD
1000
MTEXTBEGIN
1070
    73
1070
     1
1070
    44
1040
1.0
1070
    74
1070
     0
1000
MTEXTEND
  0
POINT
  5
26B37
330
178B1
100
AcDbEntity
  8
Defpoints
 62
     0
100
AcDbPoint
 10
2211.852505773035
 20
-49.82636376702163
 30
0.0
  0
POINT
  5
26B38
330
178B1
100
AcDbEntity
  8
Defpoints
 62
     0
100
AcDbPoint
 10
2211.852505773035
 20
234.1736392847364
 30
0.0
  0
POINT
  5
26B39
330
178B1
100
AcDbEntity
  8
Defpoints
 62
     0
100
AcDbPoint
 10
2183.524391272257
 20
234.1736392847364
 30
0.0
  0
ENDBLK
  5
178BC
330
178B1
100
AcDbEntity
  8
0
100
AcDbBlockEnd
  0
ENDSEC
  0
SECTION
  2
ENTITIES
  0
LWPOLYLINE
  5
26BDB
330
A
100
AcDbEntity
  8
菲林
100
AcDbPolyline
 90
       12
 70
     1
 43
0.0
 10
2559.551470641793
 20
234.1736392847365
 10
2206.551470641794
 20
234.1736392847365
 10
2206.551470641794
 20
-49.82636376702163
 10
2274.551470641794
 20
-49.82636376702163
 10
2274.551470641794
 20
-66.82636376702138
 10
2316.551470641794
 20
-66.82636376702138
 10
2316.551470641794
 20
-49.82636376702163
 10
2449.551470641794
 20
-49.82636376702163
 10
2449.551470641794
 20
-66.82636376702138
 10
2491.551470641793
 20
-66.82636376702138
 10
2491.551470641793
 20
-49.82636376702163
 10
2559.551470641793
 20
-49.82636376702163
  0
VIEWPORT
  5
7A1B
330
B
100
AcDbEntity
 67
     1
  8
0
 62
     0
370
     0
100
AcDbViewport
 10
0.0
 20
0.0
 30
0.0
 40
1000.0
 41
1000.0
 68
     1
 69
    -1
 12
0.0
 22
0.0
 13
0.0
 23
0.0
 14
1.0
 24
1.0
 15
1.0
 25
1.0
 16
0.0
 26
0.0
 36
1.0
 17
0.0
 27
0.0
 37
0.0
 42
50.0
 43
0.0
 44
0.0
 45
1000.0
 50
0.0
 51
0.0
 72
   100
 90
        0
  1

281
     0
 71
     0
 74
     1
110
0.0
120
0.0
130
0.0
111
1.0
121
0.0
131
0.0
112
0.0
122
1.0
132
0.0
 79
     0
146
0.0
170
     0
 61
     5
348
7A3E
292
     1
282
     1
141
0.0
142
0.0
 63
   250
421
  3355443
1001
ACAD
1000
MVIEW
1002
{
1070
    16
1010
0.0
1020
0.0
1030
0.0
1010
0.0
1020
0.0
1030
1.0
1040
0.0
1040
1000.0
1040
0.0
1040
0.0
1040
50.0
1040
0.0
1040
0.0
1070
     0
1070
   100
1070
     0
1070
     0
1070
     0
1070
     0
1070
     0
1070
     0
1040
0.0
1040
0.0
1040
0.0
1040
1.0
1040
1.0
1040
1.0
1040
1.0
1070
     0
1002
{
1002
}
1002
}
  0
ENDSEC
  0
SECTION
  2
OBJECTS
  0
DICTIONARY
  5
19
330
0
100
AcDbDictionary
281
     1
  3
ACAD_CIP_PREVIOUS_PRODUCT_INFO
350
7A6E
  3
ACAD_COLOR
350
7A51
  3
ACAD_DATALINK
350
7AD2
  3
ACAD_DETAILVIEWSTYLE
350
7A6A
  3
ACAD_GROUP
350
1A
  3
ACAD_LAYOUT
350
1E
  3
ACAD_MATERIAL
350
7A1F
  3
ACAD_MLEADERSTYLE
350
7A66
  3
ACAD_MLINESTYLE
350
1B
  3
ACAD_PLOTSETTINGS
350
22
  3
ACAD_PLOTSTYLENAME
350
1F
  3
ACAD_SCALELIST
350
7A54
  3
ACAD_SECTIONVIEWSTYLE
350
7A68
  3
ACAD_TABLESTYLE
350
7A52
  3
ACAD_VISUALSTYLE
350
7A38
  3
ACAD_WIPEOUT_VARS
350
23
  3
ACDB_RECOMPOSE_DATA
350
26BF7
  3
AcDbVariableDictionary
350
7AC8
  3
ASE_INDEX_DICTIONARY
350
7A88
  3
lxx_dict
350
86D2
  0
DICTIONARY
  5
7A8E
330
2
100
AcDbDictionary
280
     1
281
     1
  3
ACAD_LAYERSTATES
360
7A8F
  0
DICTIONARY
  5
7A85
330
14
100
AcDbDictionary
280
     1
281
     1
  3
ADSK_XREC_LAYER_RECONCILED
360
7A86
  0
DICTIONARY
  5
7B3D
330
7B3C
100
AcDbDictionary
280
     1
281
     1
  3
ADSK_XREC_LAYER_RECONCILED
360
7B3E
  0
DICTIONARY
  5
7B40
330
7B3F
100
AcDbDictionary
280
     1
281
     1
  3
ADSK_XREC_LAYER_RECONCILED
360
7B41
  0
DICTIONARY
  5
7B43
330
7B42
100
AcDbDictionary
280
     1
281
     1
  3
ADSK_XREC_LAYER_RECONCILED
360
7B44
  0
DICTIONARY
  5
7B46
330
7B45
100
AcDbDictionary
280
     1
281
     1
  3
ADSK_XREC_LAYER_RECONCILED
360
7B47
  0
DICTIONARY
  5
7B49
330
7B48
100
AcDbDictionary
280
     1
281
     1
  3
ADSK_XREC_LAYER_RECONCILED
360
7B4A
  0
DICTIONARY
  5
81DB
330
A
100
AcDbDictionary
280
     1
281
     1
  3
ACAD_SORTENTS
360
81DC
  0
XRECORD
  5
7A6E
102
{ACAD_REACTORS
330
19
102
}
330
19
100
AcDbXrecord
280
     1
300
ACD
300
2021
300

  0
DICTIONARY
  5
7A51
102
{ACAD_REACTORS
330
19
102
}
330
19
100
AcDbDictionary
281
     1
  0
DICTIONARY
  5
7AD2
102
{ACAD_REACTORS
330
19
102
}
330
19
100
AcDbDictionary
280
     1
281
     1
  0
DICTIONARY
  5
7A6A
102
{ACAD_REACTORS
330
19
102
}
330
19
100
AcDbDictionary
281
     1
  3
Metric50
350
7A6B
  0
DICTIONARY
  5
1A
102
{ACAD_REACTORS
330
19
102
}
330
19
100
AcDbDictionary
281
     1
  0
DICTIONARY
  5
1E
102
{ACAD_REACTORS
330
19
102
}
330
19
100
AcDbDictionary
281
     1
  3
Layout1
350
21
  3
Model
350
20
  0
DICTIONARY
  5
7A1F
102
{ACAD_REACTORS
330
19
102
}
330
19
100
AcDbDictionary
281
     1
  3
ByBlock
350
7A28
  3
ByLayer
350
7A20
  3
Global
350
7A30
  0
DICTIONARY
  5
7A66
102
{ACAD_REACTORS
330
19
102
}
330
19
100
AcDbDictionary
281
     1
  3
Standard
350
7A67
  0
DICTIONARY
  5
1B
102
{ACAD_REACTORS
330
19
102
}
330
19
100
AcDbDictionary
281
     1
  3
Standard
350
1C
  0
DICTIONARY
  5
22
102
{ACAD_REACTORS
330
19
102
}
330
19
100
AcDbDictionary
281
     1
  0
ACDBDICTIONARYWDFLT
  5
1F
102
{ACAD_REACTORS
330
19
102
}
330
19
100
AcDbDictionary
281
     1
  3
Normal
350
1D
100
AcDbDictionaryWithDefault
340
1D
  0
DICTIONARY
  5
7A54
102
{ACAD_REACTORS
330
19
102
}
330
19
100
AcDbDictionary
281
     1
  3
A0
350
7A55
  3
A1
350
7A56
  3
A2
350
7A57
  3
A3
350
7A58
  3
A4
350
7A59
  3
A5
350
7A5A
  3
A6
350
7A5B
  3
A7
350
7A5C
  3
A8
350
7A5D
  3
A9
350
7A5E
  3
B0
350
7A5F
  3
B1
350
7A60
  3
B2
350
7A61
  3
B3
350
7A62
  3
B4
350
7A63
  3
B5
350
7A64
  3
B6
350
7A65
  0
DICTIONARY
  5
7A68
102
{ACAD_REACTORS
330
19
102
}
330
19
100
AcDbDictionary
281
     1
  3
Metric50
350
7A69
  0
DICTIONARY
  5
7A52
102
{ACAD_REACTORS
330
19
102
}
330
19
100
AcDbDictionary
281
     1
  3
Standard
350
7A53
  0
DICTIONARY
  5
7A38
102
{ACAD_REACTORS
330
19
102
}
330
19
100
AcDbDictionary
281
     1
  3
2dWireframe
350
7A3E
  3
Basic
350
7A3D
  3
Brighten
350
7A44
  3
ColorChange
350
7A48
  3
Conceptual
350
7A41
  3
Dim
350
7A43
  3
EdgeColorOff
350
7A50
  3
Facepattern
350
7A47
  3
Flat
350
7A39
  3
FlatWithEdges
350
7A3A
  3
Gouraud
350
7A3B
  3
GouraudWithEdges
350
7A3C
  3
Hidden
350
7A40
  3
JitterOff
350
7A4E
  3
Linepattern
350
7A46
  3
OverhangOff
350
7A4F
  3
Realistic
350
7A42
  3
Shaded
350
7A4D
  3
Shaded with edges
350
7A4C
  3
Shades of Gray
350
7A49
  3
Sketchy
350
7A4A
  3
Thicken
350
7A45
  3
Wireframe
350
7A3F
  3
X-Ray
350
7A4B
  0
WIPEOUTVARIABLES
  5
23
330
19
100
AcDbWipeoutVariables
 70
     1
  0
XRECORD
  5
26BF7
102
{ACAD_REACTORS
330
19
102
}
330
19
100
AcDbXrecord
280
     1
 90
        1
330
7A53
  0
DICTIONARY
  5
7AC8
102
{ACAD_REACTORS
330
19
102
}
330
19
100
AcDbDictionary
281
     1
  3
CANNOSCALE
350
7ACE
  3
CMLEADERSTYLE
350
7ACA
  3
CTABLESTYLE
350
7AC9
  3
CVIEWDETAILSTYLE
350
7ACB
  3
CVIEWSECTIONSTYLE
350
7ACC
  3
HPCOLOR
350
242B1
  3
LAYEREVAL
350
7AD0
  3
LAYERNOTIFY
350
7AD1
  3
LIGHTINGUNITS
350
7ACF
  3
MSLTSCALE
350
7ACD
  3
OLEFRAME
350
86C8
  0
DICTIONARY
  5
7A88
102
{ACAD_REACTORS
330
19
102
}
330
19
100
AcDbDictionary
281
     1
  3
ASEBlockHierarchyIndexRecord
350
7A8A
1001
DCO15
1040
-2126364049.0
  0
DICTIONARY
  5
86D2
102
{ACAD_REACTORS
330
19
102
}
330
19
100
AcDbDictionary
281
     1
  3
lxx_dimth
350
86D3
  0
DICTIONARY
  5
7A8F
102
{ACAD_REACTORS
330
7A8E
102
}
330
7A8E
100
AcDbDictionary
281
     1
  0
XRECORD
  5
7A86
102
{ACAD_REACTORS
330
7A85
102
}
330
7A85
100
AcDbXrecord
280
     1
290
     1
  0
XRECORD
  5
7B3E
102
{ACAD_REACTORS
330
7B3D
102
}
330
7B3D
100
AcDbXrecord
280
     1
290
     0
  0
XRECORD
  5
7B41
102
{ACAD_REACTORS
330
7B40
102
}
330
7B40
100
AcDbXrecord
280
     1
290
     0
  0
XRECORD
  5
7B44
102
{ACAD_REACTORS
330
7B43
102
}
330
7B43
100
AcDbXrecord
280
     1
290
     0
  0
XRECORD
  5
7B47
102
{ACAD_REACTORS
330
7B46
102
}
330
7B46
100
AcDbXrecord
280
     1
290
     0
  0
XRECORD
  5
7B4A
102
{ACAD_REACTORS
330
7B49
102
}
330
7B49
100
AcDbXrecord
280
     1
290
     0
  0
SORTENTSTABLE
  5
81DC
102
{ACAD_REACTORS
330
81DB
102
}
330
81DB
100
AcDbSortentsTable
330
A
  0
ACDBDETAILVIEWSTYLE
  5
7A6B
102
{ACAD_REACTORS
330
7A6A
102
}
330
7A6A
100
AcDbModelDocViewStyle
 70
     0
  3
Metric50
290
     1
100
AcDbDetailViewStyle
 70
     0
 71
     0
 90
        3
 71
     1
340
17
 62
   256
 40
5.0
340
0
 62
   256
 40
5.0
300

 40
0.0
280
     1
 71
     2
340
13
 90
       25
 62
   256
 71
     3
340
17
 62
   256
 40
5.0
 90
        0
 40
15.0
 90
        1
300
%<\AcVar ViewDetailId>% (%<\AcVar ViewScale \f "%sn">%)
 71
     4
340
13
 90
       25
 62
   256
340
13
 90
       25
 62
   256
280
     0
1001
DetailViewStyle
1005
0
1070
    25
1004
1800000002000000000000C0000000000000000000000000
1040
15.0
1040
10.0
1070
     0
1070
     0
1070
     0
1070
     0
1070
     2
  0
LAYOUT
  5
21
102
{ACAD_REACTORS
330
1E
102
}
330
1E
100
AcDbPlotSettings
  1

  2

  4

  6

 40
0.0
 41
0.0
 42
0.0
 43
0.0
 44
0.0
 45
0.0
 46
0.0
 47
0.0
 48
0.0
 49
0.0
140
0.0
141
0.0
142
1.0
143
1.0
 70
     0
 72
     0
 73
     0
 74
     0
  7

 75
     0
 76
     0
 77
     2
 78
   300
147
1.0
148
0.0
149
0.0
100
AcDbLayout
  1
Layout1
 70
     0
 71
     1
 10
0.0
 20
0.0
 11
0.0
 21
0.0
 12
0.0
 22
0.0
 32
0.0
 14
0.0
 24
0.0
 34
0.0
 15
0.0
 25
0.0
 35
0.0
146
0.0
 13
0.0
 23
0.0
 33
0.0
 16
0.0
 26
0.0
 36
0.0
 17
0.0
 27
0.0
 37
0.0
 76
     0
330
B
331
7A1B
  0
LAYOUT
  5
20
102
{ACAD_XDICTIONARY
360
7E73
102
}
102
{ACAD_REACTORS
330
1E
102
}
330
1E
100
AcDbPlotSettings
  1

  2

  4

  6

 40
0.0
 41
0.0
 42
0.0
 43
0.0
 44
0.0
 45
0.0
 46
0.0
 47
0.0
 48
0.0
 49
0.0
140
0.0
141
0.0
142
1.0
143
1.0
 70
  1024
 72
     0
 73
     0
 74
     0
  7

 75
     0
 76
     0
 77
     2
 78
   300
147
1.0
148
0.0
149
0.0
100
AcDbLayout
  1
Model
 70
     0
 71
     0
 10
0.0
 20
0.0
 11
0.0
 21
0.0
 12
0.0
 22
0.0
 32
0.0
 14
0.0
 24
0.0
 34
0.0
 15
0.0
 25
0.0
 35
0.0
146
0.0
 13
0.0
 23
0.0
 33
0.0
 16
0.0
 26
0.0
 36
0.0
 17
0.0
 27
0.0
 37
0.0
 76
     0
330
A
331
1518A
  0
MATERIAL
  5
7A28
102
{ACAD_REACTORS
330
7A1F
102
}
330
7A1F
100
AcDbMaterial
  1
ByBlock
 72
     0
 73
     2
 43
0.0208333333333333
 43
0.0
 43
0.0
 43
0.0
 43
0.0
 43
0.0208333333333333
 43
0.0
 43
0.0
 43
0.0
 43
0.0
 43
1.0
 43
0.0
 43
0.0
 43
0.0
 43
0.0
 43
1.0
 77
     0
 78
     2
 47
0.0208333333333333
 47
0.0
 47
0.0
 47
0.0
 47
0.0
 47
0.0208333333333333
 47
0.0
 47
0.0
 47
0.0
 47
0.0
 47
1.0
 47
0.0
 47
0.0
 47
0.0
 47
0.0
 47
1.0
171
     0
172
     2
 49
0.0208333333333333
 49
0.0
 49
0.0
 49
0.0
 49
0.0
 49
0.0208333333333333
 49
0.0
 49
0.0
 49
0.0
 49
0.0
 49
1.0
 49
0.0
 49
0.0
 49
0.0
 49
0.0
 49
1.0
175
     0
176
     2
142
0.0208333333333333
142
0.0
142
0.0
142
0.0
142
0.0
142
0.0208333333333333
142
0.0
142
0.0
142
0.0
142
0.0
142
1.0
142
0.0
142
0.0
142
0.0
142
0.0
142
1.0
179
     0
270
     2
144
0.0208333333333333
144
0.0
144
0.0
144
0.0
144
0.0
144
0.0208333333333333
144
0.0
144
0.0
144
0.0
144
0.0
144
1.0
144
0.0
144
0.0
144
0.0
144
0.0
144
1.0
274
     2
147
0.0208333333333333
147
0.0
147
0.0
147
0.0
147
0.0
147
0.0208333333333333
147
0.0
147
0.0
147
0.0
147
0.0
147
1.0
147
0.0
147
0.0
147
0.0
147
0.0
147
1.0
 94
      127
  0
MATERIAL
  5
7A20
102
{ACAD_REACTORS
330
7A1F
102
}
330
7A1F
100
AcDbMaterial
  1
ByLayer
 72
     0
 73
     2
 43
0.0208333333333333
 43
0.0
 43
0.0
 43
0.0
 43
0.0
 43
0.0208333333333333
 43
0.0
 43
0.0
 43
0.0
 43
0.0
 43
1.0
 43
0.0
 43
0.0
 43
0.0
 43
0.0
 43
1.0
 77
     0
 78
     2
 47
0.0208333333333333
 47
0.0
 47
0.0
 47
0.0
 47
0.0
 47
0.0208333333333333
 47
0.0
 47
0.0
 47
0.0
 47
0.0
 47
1.0
 47
0.0
 47
0.0
 47
0.0
 47
0.0
 47
1.0
171
     0
172
     2
 49
0.0208333333333333
 49
0.0
 49
0.0
 49
0.0
 49
0.0
 49
0.0208333333333333
 49
0.0
 49
0.0
 49
0.0
 49
0.0
 49
1.0
 49
0.0
 49
0.0
 49
0.0
 49
0.0
 49
1.0
175
     0
176
     2
142
0.0208333333333333
142
0.0
142
0.0
142
0.0
142
0.0
142
0.0208333333333333
142
0.0
142
0.0
142
0.0
142
0.0
142
1.0
142
0.0
142
0.0
142
0.0
142
0.0
142
1.0
179
     0
270
     2
144
0.0208333333333333
144
0.0
144
0.0
144
0.0
144
0.0
144
0.0208333333333333
144
0.0
144
0.0
144
0.0
144
0.0
144
1.0
144
0.0
144
0.0
144
0.0
144
0.0
144
1.0
274
     2
147
0.0208333333333333
147
0.0
147
0.0
147
0.0
147
0.0
147
0.0208333333333333
147
0.0
147
0.0
147
0.0
147
0.0
147
1.0
147
0.0
147
0.0
147
0.0
147
0.0
147
1.0
 94
      127
  0
MATERIAL
  5
7A30
102
{ACAD_REACTORS
330
7A1F
102
}
330
7A1F
100
AcDbMaterial
  1
Global
 72
     0
 73
     2
 43
0.0208333333333333
 43
0.0
 43
0.0
 43
0.0
 43
0.0
 43
0.0208333333333333
 43
0.0
 43
0.0
 43
0.0
 43
0.0
 43
1.0
 43
0.0
 43
0.0
 43
0.0
 43
0.0
 43
1.0
 77
     0
 78
     2
 47
0.0208333333333333
 47
0.0
 47
0.0
 47
0.0
 47
0.0
 47
0.0208333333333333
 47
0.0
 47
0.0
 47
0.0
 47
0.0
 47
1.0
 47
0.0
 47
0.0
 47
0.0
 47
0.0
 47
1.0
171
     0
172
     2
 49
0.0208333333333333
 49
0.0
 49
0.0
 49
0.0
 49
0.0
 49
0.0208333333333333
 49
0.0
 49
0.0
 49
0.0
 49
0.0
 49
1.0
 49
0.0
 49
0.0
 49
0.0
 49
0.0
 49
1.0
175
     0
176
     2
142
0.0208333333333333
142
0.0
142
0.0
142
0.0
142
0.0
142
0.0208333333333333
142
0.0
142
0.0
142
0.0
142
0.0
142
1.0
142
0.0
142
0.0
142
0.0
142
0.0
142
1.0
179
     0
270
     2
144
0.0208333333333333
144
0.0
144
0.0
144
0.0
144
0.0
144
0.0208333333333333
144
0.0
144
0.0
144
0.0
144
0.0
144
1.0
144
0.0
144
0.0
144
0.0
144
0.0
144
1.0
274
     2
147
0.0208333333333333
147
0.0
147
0.0
147
0.0
147
0.0
147
0.0208333333333333
147
0.0
147
0.0
147
0.0
147
0.0
147
1.0
147
0.0
147
0.0
147
0.0
147
0.0
147
1.0
 94
      127
  0
MLEADERSTYLE
  5
7A67
102
{ACAD_XDICTIONARY
360
7E76
102
}
102
{ACAD_REACTORS
330
7A66
102
}
330
7A66
100
AcDbMLeaderStyle
179
     2
170
     2
171
     1
172
     0
 90
        2
 40
0.0
 41
0.0
173
     1
 91
-1056964608
340
11
 92
       -2
290
     1
 42
2.0
291
     1
 43
0.36
  3
Standard
 44
4.0
300

342
17
174
     1
178
     6
175
     1
176
     0
 93
-1056964608
 45
4.0
292
     0
297
     0
 46
4.0
 94
-1056964608
 47
1.0
 49
1.0
140
1.0
293
     1
141
0.0
294
     1
177
     0
142
1.0
295
     0
296
     0
143
0.125
271
     0
272
     9
273
     9
  0
MLINESTYLE
  5
1C
102
{ACAD_REACTORS
330
1B
102
}
330
1B
100
AcDbMlineStyle
  2
STANDARD
 70
     0
  3

 62
     0
 51
90.0
 52
90.0
 71
     2
 49
0.5
 62
   256
  6
BYLAYER
 49
-0.5
 62
   256
  6
BYLAYER
  0
ACDBPLACEHOLDER
  5
1D
102
{ACAD_REACTORS
330
1F
102
}
330
1F
  0
SCALE
  5
7A55
102
{ACAD_REACTORS
330
7A54
102
}
330
7A54
100
AcDbScale
 70
     0
300
1:1
140
1.0
141
1.0
290
     1
  0
SCALE
  5
7A56
102
{ACAD_REACTORS
330
7A54
102
}
330
7A54
100
AcDbScale
 70
     0
300
1:2
140
1.0
141
2.0
290
     0
  0
SCALE
  5
7A57
102
{ACAD_REACTORS
330
7A54
102
}
330
7A54
100
AcDbScale
 70
     0
300
1:4
140
1.0
141
4.0
290
     0
  0
SCALE
  5
7A58
102
{ACAD_REACTORS
330
7A54
102
}
330
7A54
100
AcDbScale
 70
     0
300
1:5
140
1.0
141
5.0
290
     0
  0
SCALE
  5
7A59
102
{ACAD_REACTORS
330
7A54
102
}
330
7A54
100
AcDbScale
 70
     0
300
1:8
140
1.0
141
8.0
290
     0
  0
SCALE
  5
7A5A
102
{ACAD_REACTORS
330
7A54
102
}
330
7A54
100
AcDbScale
 70
     0
300
1:10
140
1.0
141
10.0
290
     0
  0
SCALE
  5
7A5B
102
{ACAD_REACTORS
330
7A54
102
}
330
7A54
100
AcDbScale
 70
     0
300
1:16
140
1.0
141
16.0
290
     0
  0
SCALE
  5
7A5C
102
{ACAD_REACTORS
330
7A54
102
}
330
7A54
100
AcDbScale
 70
     0
300
1:20
140
1.0
141
20.0
290
     0
  0
SCALE
  5
7A5D
102
{ACAD_REACTORS
330
7A54
102
}
330
7A54
100
AcDbScale
 70
     0
300
1:30
140
1.0
141
30.0
290
     0
  0
SCALE
  5
7A5E
102
{ACAD_REACTORS
330
7A54
102
}
330
7A54
100
AcDbScale
 70
     0
300
1:40
140
1.0
141
40.0
290
     0
  0
SCALE
  5
7A5F
102
{ACAD_REACTORS
330
7A54
102
}
330
7A54
100
AcDbScale
 70
     0
300
1:50
140
1.0
141
50.0
290
     0
  0
SCALE
  5
7A60
102
{ACAD_REACTORS
330
7A54
102
}
330
7A54
100
AcDbScale
 70
     0
300
1:100
140
1.0
141
100.0
290
     0
  0
SCALE
  5
7A61
102
{ACAD_REACTORS
330
7A54
102
}
330
7A54
100
AcDbScale
 70
     0
300
2:1
140
2.0
141
1.0
290
     0
  0
SCALE
  5
7A62
102
{ACAD_REACTORS
330
7A54
102
}
330
7A54
100
AcDbScale
 70
     0
300
4:1
140
4.0
141
1.0
290
     0
  0
SCALE
  5
7A63
102
{ACAD_REACTORS
330
7A54
102
}
330
7A54
100
AcDbScale
 70
     0
300
8:1
140
8.0
141
1.0
290
     0
  0
SCALE
  5
7A64
102
{ACAD_REACTORS
330
7A54
102
}
330
7A54
100
AcDbScale
 70
     0
300
10:1
140
10.0
141
1.0
290
     0
  0
SCALE
  5
7A65
102
{ACAD_REACTORS
330
7A54
102
}
330
7A54
100
AcDbScale
 70
     0
300
100:1
140
100.0
141
1.0
290
     0
  0
ACDBSECTIONVIEWSTYLE
  5
7A69
102
{ACAD_REACTORS
330
7A68
102
}
330
7A68
100
AcDbModelDocViewStyle
 70
     0
  3
Metric50
290
     1
100
AcDbSectionViewStyle
 70
     0
 71
     0
 90
      102
 71
     1
340
17
 62
   256
 40
5.0
340
0
340
0
 62
   256
 40
5.0
300
I, O, Q, S, X, Z
 40
10.0
 90
        0
 40
2.5
 90
        0
 71
     2
340
13
 90
       25
 62
   256
340
13
 90
       50
 62
   256
 40
5.0
 40
2.5
 40
5.0
 71
     3
340
17
 62
   256
 40
5.0
 90
        0
 40
15.0
 90
        1
300
%<\AcVar ViewSectionStartId>%-%<\AcVar ViewSectionEndId>% (%<\AcVar ViewScale \f "%sn">%)
 71
     4
 62
   256
 62
   257
300
ANSI31
 40
1.0
 90
        0
290
     0
290
     0
 90
        6
 40
0.0
 40
1.570796326794896
 40
0.2617993877991494
 40
1.308996938995747
 40
-0.2617993877991494
 40
1.832595714594045
1001
SectionViewStyle
1005
0
1070
    25
1070
     0
1070
     1
1070
     0
1070
     0
1070
     2
1040
0.0
1005
0
1070
    25
1070
     1
  0
TABLESTYLE
  5
7A53
102
{ACAD_XDICTIONARY
360
7E79
102
}
102
{ACAD_REACTORS
330
7A52
102
}
330
7A52
100
AcDbTableStyle
280
     0
  3
Standard
 70
     0
 71
     0
 40
1.5
 41
1.5
280
     0
281
     0
  7
Standard
140
4.5
170
     2
 62
     0
 63
     7
283
     0
 90
      512
 91
        0
  1

274
    -2
284
     1
 64
     0
275
    -2
285
     1
 65
     0
276
    -2
286
     1
 66
     0
277
    -2
287
     1
 67
     0
278
    -2
288
     1
 68
     0
279
    -2
289
     1
 69
     0
  7
Standard
140
6.0
170
     5
 62
     0
 63
     7
283
     0
 90
      512
 91
        0
  1

274
    -2
284
     1
 64
     0
275
    -2
285
     1
 65
     0
276
    -2
286
     1
 66
     0
277
    -2
287
     1
 67
     0
278
    -2
288
     1
 68
     0
279
    -2
289
     1
 69
     0
  7
Standard
140
4.5
170
     5
 62
     0
 63
     7
283
     0
 90
      512
 91
        0
  1

274
    -2
284
     1
 64
     0
275
    -2
285
     1
 65
     0
276
    -2
286
     1
 66
     0
277
    -2
287
     1
 67
     0
278
    -2
288
     1
 68
     0
279
    -2
289
     1
 69
     0
  0
VISUALSTYLE
  5
7A3E
102
{ACAD_XDICTIONARY
360
7E7B
102
}
102
{ACAD_REACTORS
330
7A38
102
}
330
7A38
100
AcDbVisualStyle
  2
2dWireframe
 70
     4
177
     2
291
     0
 71
     0
176
     1
 72
     2
176
     1
 73
     0
176
     1
 90
        0
176
     1
 40
0.6
176
     1
 41
30.0
176
     1
 62
     5
 63
     7
421
 16777215
176
     1
 74
     1
176
     1
 91
        4
176
     1
 64
     7
176
     1
 65
   257
176
     1
 75
     1
176
     1
175
     1
176
     1
 42
1.0
176
     1
 92
        0
176
     1
 66
   257
176
     1
 43
1.0
176
     1
 76
     1
176
     1
 77
     6
176
     1
 78
     2
176
     1
 67
     7
176
     1
 79
     5
176
     1
170
     0
176
     1
171
     0
176
     1
290
     0
176
     1
 93
        1
176
     1
 44
0.0
176
     1
173
     0
176
     1
  0
VISUALSTYLE
  5
7A3D
102
{ACAD_XDICTIONARY
360
7E7D
102
}
102
{ACAD_REACTORS
330
7A38
102
}
330
7A38
100
AcDbVisualStyle
  2
Basic
 70
     7
177
     2
291
     1
 71
     1
176
     1
 72
     0
176
     1
 73
     1
176
     1
 90
        0
176
     1
 40
0.6
176
     1
 41
30.0
176
     1
 62
     5
 63
     7
421
 16777215
176
     1
 74
     0
176
     1
 91
        4
176
     1
 64
     7
176
     1
 65
   257
176
     1
 75
     1
176
     1
175
     1
176
     1
 42
1.0
176
     1
 92
        8
176
     1
 66
     7
176
     1
 43
1.0
176
     1
 76
     1
176
     1
 77
     6
176
     1
 78
     2
176
     1
 67
     7
176
     1
 79
     5
176
     1
170
     0
176
     1
171
     0
176
     1
290
     0
176
     1
 93
        1
176
     1
 44
0.0
176
     1
173
     0
176
     1
  0
VISUALSTYLE
  5
7A44
102
{ACAD_XDICTIONARY
360
7E7F
102
}
102
{ACAD_REACTORS
330
7A38
102
}
330
7A38
100
AcDbVisualStyle
  2
Brighten
 70
    12
177
     2
291
     1
 71
     2
176
     1
 72
     2
176
     1
 73
     0
176
     1
 90
        0
176
     1
 40
0.6
176
     1
 41
30.0
176
     1
 62
     5
 63
     7
421
 16777215
176
     1
 74
     1
176
     1
 91
        4
176
     1
 64
     7
176
     1
 65
   257
176
     1
 75
     1
176
     1
175
     1
176
     1
 42
1.0
176
     1
 92
        8
176
     1
 66
     7
176
     1
 43
1.0
176
     1
 76
     1
176
     1
 77
     6
176
     1
 78
     2
176
     1
 67
     7
176
     1
 79
     5
176
     1
170
     0
176
     1
171
     0
176
     1
290
     0
176
     1
 93
        1
176
     1
 44
50.0
176
     1
173
     0
176
     1
  0
VISUALSTYLE
  5
7A48
102
{ACAD_XDICTIONARY
360
7E81
102
}
102
{ACAD_REACTORS
330
7A38
102
}
330
7A38
100
AcDbVisualStyle
  2
ColorChange
 70
    16
177
     2
291
     1
 71
     2
176
     1
 72
     2
176
     1
 73
     3
176
     1
 90
        0
176
     1
 40
0.6
176
     1
 41
30.0
176
     1
 62
     5
 63
     8
421
  8421504
176
     1
 74
     1
176
     1
 91
        4
176
     1
 64
     7
176
     1
 65
   257
176
     1
 75
     1
176
     1
175
     1
176
     1
 42
1.0
176
     1
 92
        8
176
     1
 66
     8
424
  8421504
176
     1
 43
1.0
176
     1
 76
     1
176
     1
 77
     6
176
     1
 78
     2
176
     1
 67
     7
176
     1
 79
     5
176
     1
170
     0
176
     1
171
     0
176
     1
290
     0
176
     1
 93
        1
176
     1
 44
0.0
176
     1
173
     0
176
     1
  0
VISUALSTYLE
  5
7A41
102
{ACAD_XDICTIONARY
360
7E83
102
}
102
{ACAD_REACTORS
330
7A38
102
}
330
7A38
100
AcDbVisualStyle
  2
Conceptual
 70
     9
177
     2
291
     0
 71
     3
176
     1
 72
     2
176
     1
 73
     0
176
     1
 90
        0
176
     1
 40
0.6
176
     1
 41
30.0
176
     1
 62
     5
 63
     7
421
 16777215
176
     1
 74
     2
176
     1
 91
        2
176
     1
 64
     7
176
     1
 65
   257
176
     1
 75
     1
176
     1
175
     1
176
     1
 42
179.0
176
     1
 92
        8
176
     1
 66
     7
176
     1
 43
1.0
176
     1
 76
     1
176
     1
 77
     6
176
     1
 78
     2
176
     1
 67
     7
176
     1
 79
     3
176
     1
170
     0
176
     1
171
     0
176
     1
290
     0
176
     1
 93
        1
176
     1
 44
0.0
176
     1
173
     0
176
     1
  0
VISUALSTYLE
  5
7A43
102
{ACAD_XDICTIONARY
360
7E85
102
}
102
{ACAD_REACTORS
330
7A38
102
}
330
7A38
100
AcDbVisualStyle
  2
Dim
 70
    11
177
     2
291
     1
 71
     2
176
     1
 72
     2
176
     1
 73
     0
176
     1
 90
        0
176
     1
 40
0.6
176
     1
 41
30.0
176
     1
 62
     5
 63
     7
421
 16777215
176
     1
 74
     1
176
     1
 91
        4
176
     1
 64
     7
176
     1
 65
   257
176
     1
 75
     1
176
     1
175
     1
176
     1
 42
1.0
176
     1
 92
        8
176
     1
 66
     7
176
     1
 43
1.0
176
     1
 76
     1
176
     1
 77
     6
176
     1
 78
     2
176
     1
 67
     7
176
     1
 79
     5
176
     1
170
     0
176
     1
171
     0
176
     1
290
     0
176
     1
 93
        1
176
     1
 44
-50.0
176
     1
173
     0
176
     1
  0
VISUALSTYLE
  5
7A50
102
{ACAD_XDICTIONARY
360
7E87
102
}
102
{ACAD_REACTORS
330
7A38
102
}
330
7A38
100
AcDbVisualStyle
  2
EdgeColorOff
 70
    22
177
     2
291
     1
 71
     2
176
     0
 72
     2
176
     0
 73
     0
176
     0
 90
        0
176
     0
 40
0.6
176
     0
 41
30.0
176
     0
 62
     5
 63
     7
421
 16777215
176
     0
 74
     1
176
     0
 91
        4
176
     0
 64
     7
176
     0
 65
   257
176
     0
 75
     1
176
     0
175
     1
176
     0
 42
1.0
176
     0
 92
        8
176
     2
 66
     7
176
     0
 43
1.0
176
     0
 76
     1
176
     0
 77
     6
176
     0
 78
     2
176
     0
 67
     7
176
     0
 79
     5
176
     0
170
     0
176
     0
171
     0
176
     0
290
     0
176
     0
 93
        1
176
     0
 44
0.0
176
     0
173
     0
176
     0
  0
VISUALSTYLE
  5
7A47
102
{ACAD_XDICTIONARY
360
7E89
102
}
102
{ACAD_REACTORS
330
7A38
102
}
330
7A38
100
AcDbVisualStyle
  2
Facepattern
 70
    15
177
     2
291
     1
 71
     2
176
     1
 72
     2
176
     1
 73
     0
176
     1
 90
        0
176
     1
 40
0.6
176
     1
 41
30.0
176
     1
 62
     5
 63
     7
421
 16777215
176
     1
 74
     1
176
     1
 91
        4
176
     1
 64
     7
176
     1
 65
   257
176
     1
 75
     1
176
     1
175
     1
176
     1
 42
1.0
176
     1
 92
        8
176
     1
 66
     7
176
     1
 43
1.0
176
     1
 76
     1
176
     1
 77
     6
176
     1
 78
     2
176
     1
 67
     7
176
     1
 79
     5
176
     1
170
     0
176
     1
171
     0
176
     1
290
     0
176
     1
 93
        1
176
     1
 44
0.0
176
     1
173
     0
176
     1
  0
VISUALSTYLE
  5
7A39
102
{ACAD_XDICTIONARY
360
7E8B
102
}
102
{ACAD_REACTORS
330
7A38
102
}
330
7A38
100
AcDbVisualStyle
  2
Flat
 70
     0
177
     2
291
     1
 71
     2
176
     1
 72
     1
176
     1
 73
     1
176
     1
 90
        2
176
     1
 40
0.6
176
     1
 41
30.0
176
     1
 62
     5
 63
     7
421
 16777215
176
     1
 74
     0
176
     1
 91
        0
176
     1
 64
     7
176
     1
 65
   257
176
     1
 75
     1
176
     1
175
     1
176
     1
 42
1.0
176
     1
 92
        8
176
     1
 66
     7
176
     1
 43
1.0
176
     1
 76
     1
176
     1
 77
     6
176
     1
 78
     2
176
     1
 67
     7
176
     1
 79
     5
176
     1
170
     0
176
     1
171
     0
176
     1
290
     0
176
     1
 93
       13
176
     1
 44
0.0
176
     1
173
     0
176
     1
  0
VISUALSTYLE
  5
7A3A
102
{ACAD_XDICTIONARY
360
7E8D
102
}
102
{ACAD_REACTORS
330
7A38
102
}
330
7A38
100
AcDbVisualStyle
  2
FlatWithEdges
 70
     1
177
     2
291
     1
 71
     2
176
     1
 72
     1
176
     1
 73
     1
176
     1
 90
        2
176
     1
 40
0.6
176
     1
 41
30.0
176
     1
 62
     5
 63
     7
421
 16777215
176
     1
 74
     1
176
     1
 91
        0
176
     1
 64
     7
176
     1
 65
   257
176
     1
 75
     1
176
     1
175
     1
176
     1
 42
1.0
176
     1
 92
        0
176
     1
 66
   257
176
     1
 43
1.0
176
     1
 76
     1
176
     1
 77
     6
176
     1
 78
     2
176
     1
 67
     7
176
     1
 79
     5
176
     1
170
     0
176
     1
171
     0
176
     1
290
     0
176
     1
 93
       13
176
     1
 44
0.0
176
     1
173
     0
176
     1
  0
VISUALSTYLE
  5
7A3B
102
{ACAD_XDICTIONARY
360
7E8F
102
}
102
{ACAD_REACTORS
330
7A38
102
}
330
7A38
100
AcDbVisualStyle
  2
Gouraud
 70
     2
177
     2
291
     1
 71
     2
176
     1
 72
     2
176
     1
 73
     1
176
     1
 90
        2
176
     1
 40
0.6
176
     1
 41
30.0
176
     1
 62
     5
 63
     7
421
 16777215
176
     1
 74
     0
176
     1
 91
        0
176
     1
 64
     7
176
     1
 65
   257
176
     1
 75
     1
176
     1
175
     1
176
     1
 42
1.0
176
     1
 92
        0
176
     1
 66
     7
176
     1
 43
1.0
176
     1
 76
     1
176
     1
 77
     6
176
     1
 78
     2
176
     1
 67
     7
176
     1
 79
     5
176
     1
170
     0
176
     1
171
     0
176
     1
290
     0
176
     1
 93
       13
176
     1
 44
0.0
176
     1
173
     0
176
     1
  0
VISUALSTYLE
  5
7A3C
102
{ACAD_XDICTIONARY
360
7E91
102
}
102
{ACAD_REACTORS
330
7A38
102
}
330
7A38
100
AcDbVisualStyle
  2
GouraudWithEdges
 70
     3
177
     2
291
     1
 71
     2
176
     1
 72
     2
176
     1
 73
     1
176
     1
 90
        2
176
     1
 40
0.6
176
     1
 41
30.0
176
     1
 62
     5
 63
     7
421
 16777215
176
     1
 74
     1
176
     1
 91
        0
176
     1
 64
     7
176
     1
 65
   257
176
     1
 75
     1
176
     1
175
     1
176
     1
 42
1.0
176
     1
 92
        0
176
     1
 66
   257
176
     1
 43
1.0
176
     1
 76
     1
176
     1
 77
     6
176
     1
 78
     2
176
     1
 67
     7
176
     1
 79
     5
176
     1
170
     0
176
     1
171
     0
176
     1
290
     0
176
     1
 93
       13
176
     1
 44
0.0
176
     1
173
     0
176
     1
  0
VISUALSTYLE
  5
7A40
102
{ACAD_XDICTIONARY
360
7E93
102
}
102
{ACAD_REACTORS
330
7A38
102
}
330
7A38
100
AcDbVisualStyle
  2
Hidden
 70
     6
177
     2
291
     0
 71
     1
176
     1
 72
     2
176
     1
 73
     2
176
     1
 90
        0
176
     1
 40
0.6
176
     1
 41
30.0
176
     1
 62
     5
 63
     7
421
 16777215
176
     1
 74
     2
176
     1
 91
        2
176
     1
 64
     7
176
     1
 65
   257
176
     1
 75
     2
176
     1
175
     1
176
     1
 42
40.0
176
     1
 92
        0
176
     1
 66
   257
176
     1
 43
1.0
176
     1
 76
     1
176
     1
 77
     6
176
     1
 78
     2
176
     1
 67
     7
176
     1
 79
     3
176
     1
170
     0
176
     1
171
     0
176
     1
290
     0
176
     1
 93
        1
176
     1
 44
0.0
176
     1
173
     0
176
     1
  0
VISUALSTYLE
  5
7A4E
102
{ACAD_XDICTIONARY
360
7E95
102
}
102
{ACAD_REACTORS
330
7A38
102
}
330
7A38
100
AcDbVisualStyle
  2
JitterOff
 70
    20
177
     2
291
     1
 71
     2
176
     0
 72
     2
176
     0
 73
     0
176
     0
 90
        0
176
     0
 40
0.6
176
     0
 41
30.0
176
     0
 62
     5
 63
     7
421
 16777215
176
     0
 74
     1
176
     0
 91
        4
176
     0
 64
     7
176
     0
 65
   257
176
     0
 75
     1
176
     0
175
     1
176
     0
 42
1.0
176
     0
 92
       10
176
     2
 66
     7
176
     0
 43
1.0
176
     0
 76
     1
176
     0
 77
     6
176
     0
 78
     2
176
     0
 67
     7
176
     0
 79
     5
176
     0
170
     0
176
     0
171
     0
176
     0
290
     0
176
     0
 93
        1
176
     0
 44
0.0
176
     0
173
     0
176
     0
  0
VISUALSTYLE
  5
7A46
102
{ACAD_XDICTIONARY
360
7E97
102
}
102
{ACAD_REACTORS
330
7A38
102
}
330
7A38
100
AcDbVisualStyle
  2
Linepattern
 70
    14
177
     2
291
     1
 71
     2
176
     1
 72
     2
176
     1
 73
     0
176
     1
 90
        0
176
     1
 40
0.6
176
     1
 41
30.0
176
     1
 62
     5
 63
     7
421
 16777215
176
     1
 74
     1
176
     1
 91
        4
176
     1
 64
     7
176
     1
 65
   257
176
     1
 75
     7
176
     1
175
     7
176
     1
 42
1.0
176
     1
 92
        8
176
     1
 66
     7
176
     1
 43
1.0
176
     1
 76
     1
176
     1
 77
     6
176
     1
 78
     2
176
     1
 67
     7
176
     1
 79
     5
176
     1
170
     0
176
     1
171
     0
176
     1
290
     0
176
     1
 93
        1
176
     1
 44
0.0
176
     1
173
     0
176
     1
  0
VISUALSTYLE
  5
7A4F
102
{ACAD_XDICTIONARY
360
7E99
102
}
102
{ACAD_REACTORS
330
7A38
102
}
330
7A38
100
AcDbVisualStyle
  2
OverhangOff
 70
    21
177
     2
291
     1
 71
     2
176
     0
 72
     2
176
     0
 73
     0
176
     0
 90
        0
176
     0
 40
0.6
176
     0
 41
30.0
176
     0
 62
     5
 63
     7
421
 16777215
176
     0
 74
     1
176
     0
 91
        4
176
     0
 64
     7
176
     0
 65
   257
176
     0
 75
     1
176
     0
175
     1
176
     0
 42
1.0
176
     0
 92
        9
176
     2
 66
     7
176
     0
 43
1.0
176
     0
 76
     1
176
     0
 77
     6
176
     0
 78
     2
176
     0
 67
     7
176
     0
 79
     5
176
     0
170
     0
176
     0
171
     0
176
     0
290
     0
176
     0
 93
        1
176
     0
 44
0.0
176
     0
173
     0
176
     0
  0
VISUALSTYLE
  5
7A42
102
{ACAD_XDICTIONARY
360
7E9B
102
}
102
{ACAD_REACTORS
330
7A38
102
}
330
7A38
100
AcDbVisualStyle
  2
Realistic
 70
     8
177
     2
291
     0
 71
     2
176
     1
 72
     3
176
     1
 73
     0
176
     1
 90
        2
176
     1
 40
0.6
176
     1
 41
30.0
176
     1
 62
     5
 63
     7
421
 16777215
176
     1
 74
     0
176
     1
 91
        0
176
     1
 64
     7
176
     1
 65
   257
176
     1
 75
     1
176
     1
175
     1
176
     1
 42
1.0
176
     1
 92
        8
176
     1
 66
   257
176
     1
 43
1.0
176
     1
 76
     1
176
     1
 77
     6
176
     1
 78
     2
176
     1
 67
     7
176
     1
 79
     3
176
     1
170
     0
176
     1
171
     0
176
     1
290
     0
176
     1
 93
       13
176
     1
 44
0.0
176
     1
173
     0
176
     1
  0
VISUALSTYLE
  5
7A4D
102
{ACAD_XDICTIONARY
360
7E9D
102
}
102
{ACAD_REACTORS
330
7A38
102
}
330
7A38
100
AcDbVisualStyle
  2
Shaded
 70
    27
177
     2
291
     0
 71
     2
176
     1
 72
     2
176
     1
 73
     1
176
     1
 90
        2
176
     1
 40
0.6
176
     1
 41
30.0
176
     1
 62
     5
 63
     7
421
 16777215
176
     1
 74
     0
176
     1
 91
        4
176
     1
 64
     7
176
     1
 65
   257
176
     1
 75
     1
176
     1
175
     1
176
     1
 42
1.0
176
     1
 92
        8
176
     1
 66
   257
176
     1
 43
1.0
176
     1
 76
     1
176
     1
 77
     6
176
     1
 78
     2
176
     1
 67
     8
425
  7895160
176
     1
 79
     3
176
     1
170
     0
176
     1
171
     0
176
     1
290
     0
176
     1
 93
        5
176
     1
 44
0.0
176
     1
173
     0
176
     1
  0
VISUALSTYLE
  5
7A4C
102
{ACAD_XDICTIONARY
360
7E9F
102
}
102
{ACAD_REACTORS
330
7A38
102
}
330
7A38
100
AcDbVisualStyle
  2
Shaded with edges
 70
    26
177
     2
291
     0
 71
     2
176
     1
 72
     2
176
     1
 73
     1
176
     1
 90
        2
176
     1
 40
0.6
176
     1
 41
30.0
176
     1
 62
     5
 63
     7
421
 16777215
176
     1
 74
     1
176
     1
 91
        2
176
     1
 64
     7
176
     1
 65
   257
176
     1
 75
     2
176
     1
175
     1
176
     1
 42
1.0
176
     1
 92
        8
176
     1
 66
   257
176
     1
 43
1.0
176
     1
 76
     1
176
     1
 77
     6
176
     1
 78
     2
176
     1
 67
     7
176
     1
 79
     3
176
     1
170
     0
176
     1
171
     0
176
     1
290
     0
176
     1
 93
        5
176
     1
 44
0.0
176
     1
173
     0
176
     1
  0
VISUALSTYLE
  5
7A49
102
{ACAD_XDICTIONARY
360
7EA1
102
}
102
{ACAD_REACTORS
330
7A38
102
}
330
7A38
100
AcDbVisualStyle
  2
Shades of Gray
 70
    23
177
     2
291
     0
 71
     2
176
     1
 72
     2
176
     1
 73
     3
176
     1
 90
        0
176
     1
 40
0.6
176
     1
 41
30.0
176
     1
 62
     5
 63
     7
421
 16777215
176
     1
 74
     2
176
     1
 91
        2
176
     1
 64
     7
176
     1
 65
     7
176
     1
 75
     1
176
     1
175
     1
176
     1
 42
40.0
176
     1
 92
        8
176
     1
 66
     7
176
     1
 43
1.0
176
     1
 76
     1
176
     1
 77
     6
176
     1
 78
     2
176
     1
 67
     7
176
     1
 79
     3
176
     1
170
     0
176
     1
171
     0
176
     1
290
     0
176
     1
 93
        1
176
     1
 44
0.0
176
     1
173
     0
176
     1
  0
VISUALSTYLE
  5
7A4A
102
{ACAD_XDICTIONARY
360
7EA3
102
}
102
{ACAD_REACTORS
330
7A38
102
}
330
7A38
100
AcDbVisualStyle
  2
Sketchy
 70
    24
177
     2
291
     0
 71
     1
176
     1
 72
     2
176
     1
 73
     2
176
     1
 90
        0
176
     1
 40
0.6
176
     1
 41
30.0
176
     1
 62
     5
 63
     7
421
 16777215
176
     1
 74
     2
176
     1
 91
        2
176
     1
 64
     7
176
     1
 65
     7
176
     1
 75
     1
176
     1
175
     1
176
     1
 42
40.0
176
     1
 92
       11
176
     1
 66
     7
176
     1
 43
1.0
176
     1
 76
     1
176
     1
 77
     6
176
     1
 78
     2
176
     1
 67
     7
176
     1
 79
     6
176
     1
170
     0
176
     1
171
     0
176
     1
290
     0
176
     1
 93
        1
176
     1
 44
0.0
176
     1
173
     0
176
     1
  0
VISUALSTYLE
  5
7A45
102
{ACAD_XDICTIONARY
360
7EA5
102
}
102
{ACAD_REACTORS
330
7A38
102
}
330
7A38
100
AcDbVisualStyle
  2
Thicken
 70
    13
177
     2
291
     1
 71
     2
176
     1
 72
     2
176
     1
 73
     0
176
     1
 90
        0
176
     1
 40
0.6
176
     1
 41
30.0
176
     1
 62
     5
 63
     7
421
 16777215
176
     1
 74
     1
176
     1
 91
        4
176
     1
 64
     7
176
     1
 65
   257
176
     1
 75
     1
176
     1
175
     1
176
     1
 42
1.0
176
     1
 92
       12
176
     1
 66
     7
176
     1
 43
1.0
176
     1
 76
     1
176
     1
 77
     6
176
     1
 78
     2
176
     1
 67
     7
176
     1
 79
     5
176
     1
170
     0
176
     1
171
     0
176
     1
290
     0
176
     1
 93
        1
176
     1
 44
0.0
176
     1
173
     0
176
     1
  0
VISUALSTYLE
  5
7A3F
102
{ACAD_XDICTIONARY
360
7EA7
102
}
102
{ACAD_REACTORS
330
7A38
102
}
330
7A38
100
AcDbVisualStyle
  2
Wireframe
 70
     5
177
     2
291
     0
 71
     0
176
     1
 72
     2
176
     1
 73
     0
176
     1
 90
        0
176
     1
 40
0.6
176
     1
 41
30.0
176
     1
 62
     5
 63
     7
421
 16777215
176
     1
 74
     1
176
     1
 91
        4
176
     1
 64
     7
176
     1
 65
   257
176
     1
 75
     1
176
     1
175
     1
176
     1
 42
1.0
176
     1
 92
        0
176
     1
 66
   257
176
     1
 43
1.0
176
     1
 76
     1
176
     1
 77
     6
176
     1
 78
     2
176
     1
 67
     7
176
     1
 79
     3
176
     1
170
     0
176
     1
171
     0
176
     1
290
     0
176
     1
 93
        1
176
     1
 44
0.0
176
     1
173
     0
176
     1
  0
VISUALSTYLE
  5
7A4B
102
{ACAD_XDICTIONARY
360
7EA9
102
}
102
{ACAD_REACTORS
330
7A38
102
}
330
7A38
100
AcDbVisualStyle
  2
X-Ray
 70
    25
177
     2
291
     0
 71
     2
176
     1
 72
     2
176
     1
 73
     1
176
     1
 90
        1
176
     1
 40
0.5
176
     1
 41
30.0
176
     1
 62
     5
 63
     7
421
 16777215
176
     1
 74
     1
176
     1
 91
        0
176
     1
 64
     7
176
     1
 65
   257
176
     1
 75
     1
176
     1
175
     1
176
     1
 42
1.0
176
     1
 92
        8
176
     1
 66
     7
176
     1
 43
1.0
176
     1
 76
     1
176
     1
 77
     6
176
     1
 78
     2
176
     1
 67
     7
176
     1
 79
     3
176
     1
170
     0
176
     1
171
     0
176
     1
290
     0
176
     1
 93
       13
176
     1
 44
0.0
176
     1
173
     0
176
     1
  0
DICTIONARYVAR
  5
7ACE
102
{ACAD_REACTORS
330
7AC8
102
}
330
7AC8
100
DictionaryVariables
280
     0
  1
1:1
  0
DICTIONARYVAR
  5
7ACA
102
{ACAD_REACTORS
330
7AC8
102
}
330
7AC8
100
DictionaryVariables
280
     0
  1
STANDARD
  0
DICTIONARYVAR
  5
7AC9
102
{ACAD_REACTORS
330
7AC8
102
}
330
7AC8
100
DictionaryVariables
280
     0
  1
STANDARD
  0
DICTIONARYVAR
  5
7ACB
102
{ACAD_REACTORS
330
7AC8
102
}
330
7AC8
100
DictionaryVariables
280
     0
  1
Metric50
  0
DICTIONARYVAR
  5
7ACC
102
{ACAD_REACTORS
330
7AC8
102
}
330
7AC8
100
DictionaryVariables
280
     0
  1
Metric50
  0
DICTIONARYVAR
  5
242B1
102
{ACAD_REACTORS
330
7AC8
102
}
330
7AC8
100
DictionaryVariables
280
     0
  1
BYLAYER
  0
DICTIONARYVAR
  5
7AD0
102
{ACAD_REACTORS
330
7AC8
102
}
330
7AC8
100
DictionaryVariables
280
     0
  1
1
  0
DICTIONARYVAR
  5
7AD1
102
{ACAD_REACTORS
330
7AC8
102
}
330
7AC8
100
DictionaryVariables
280
     0
  1
15
  0
DICTIONARYVAR
  5
7ACF
102
{ACAD_REACTORS
330
7AC8
102
}
330
7AC8
100
DictionaryVariables
280
     0
  1
0
  0
DICTIONARYVAR
  5
7ACD
102
{ACAD_REACTORS
330
7AC8
102
}
330
7AC8
100
DictionaryVariables
280
     0
  1
0
  0
DICTIONARYVAR
  5
86C8
102
{ACAD_REACTORS
330
7AC8
102
}
330
7AC8
100
DictionaryVariables
280
     0
  1
2
  0
XRECORD
  5
7A8A
102
{ACAD_REACTORS
330
7A88
102
}
330
7A88
100
AcDbXrecord
280
     1
  0
VLO-VL
  5
86D3
102
{ACAD_REACTORS
330
86D2
102
}
330
86D2
100
vlo_VL
 90
   -64512
 91
       13
 92
        1
 40
9.599999999999999
300
(&VLO-R . 0)
  0
DICTIONARY
  5
7E73
330
20
100
AcDbDictionary
280
     1
281
     1
  3
ADSK_XREC_LAYOUTTHUMBNAIL
360
26BFB
  0
DICTIONARY
  5
7E76
330
7A67
100
AcDbDictionary
280
     1
281
     1
  3
ACAD_XREC_ROUNDTRIP
360
26BFC
  0
DICTIONARY
  5
7E79
330
7A53
100
AcDbDictionary
280
     1
281
     1
  3
ACAD_ROUNDTRIP_2008_TABLESTYLE_CELLSTYLEMAP
360
26BFD
  0
DICTIONARY
  5
7E7B
330
7A3E
100
AcDbDictionary
280
     1
281
     1
  3
ACAD_XREC_ROUNDTRIP
360
26BFE
  0
DICTIONARY
  5
7E7D
330
7A3D
100
AcDbDictionary
280
     1
281
     1
  3
ACAD_XREC_ROUNDTRIP
360
26BFF
  0
DICTIONARY
  5
7E7F
330
7A44
100
AcDbDictionary
280
     1
281
     1
  3
ACAD_XREC_ROUNDTRIP
360
26C00
  0
DICTIONARY
  5
7E81
330
7A48
100
AcDbDictionary
280
     1
281
     1
  3
ACAD_XREC_ROUNDTRIP
360
26C01
  0
DICTIONARY
  5
7E83
330
7A41
100
AcDbDictionary
280
     1
281
     1
  3
ACAD_XREC_ROUNDTRIP
360
26C02
  0
DICTIONARY
  5
7E85
330
7A43
100
AcDbDictionary
280
     1
281
     1
  3
ACAD_XREC_ROUNDTRIP
360
26C03
  0
DICTIONARY
  5
7E87
330
7A50
100
AcDbDictionary
280
     1
281
     1
  3
ACAD_XREC_ROUNDTRIP
360
26C04
  0
DICTIONARY
  5
7E89
330
7A47
100
AcDbDictionary
280
     1
281
     1
  3
ACAD_XREC_ROUNDTRIP
360
26C05
  0
DICTIONARY
  5
7E8B
330
7A39
100
AcDbDictionary
280
     1
281
     1
  3
ACAD_XREC_ROUNDTRIP
360
26C06
  0
DICTIONARY
  5
7E8D
330
7A3A
100
AcDbDictionary
280
     1
281
     1
  3
ACAD_XREC_ROUNDTRIP
360
26C07
  0
DICTIONARY
  5
7E8F
330
7A3B
100
AcDbDictionary
280
     1
281
     1
  3
ACAD_XREC_ROUNDTRIP
360
26C08
  0
DICTIONARY
  5
7E91
330
7A3C
100
AcDbDictionary
280
     1
281
     1
  3
ACAD_XREC_ROUNDTRIP
360
26C09
  0
DICTIONARY
  5
7E93
330
7A40
100
AcDbDictionary
280
     1
281
     1
  3
ACAD_XREC_ROUNDTRIP
360
26C0A
  0
DICTIONARY
  5
7E95
330
7A4E
100
AcDbDictionary
280
     1
281
     1
  3
ACAD_XREC_ROUNDTRIP
360
26C0B
  0
DICTIONARY
  5
7E97
330
7A46
100
AcDbDictionary
280
     1
281
     1
  3
ACAD_XREC_ROUNDTRIP
360
26C0C
  0
DICTIONARY
  5
7E99
330
7A4F
100
AcDbDictionary
280
     1
281
     1
  3
ACAD_XREC_ROUNDTRIP
360
26C0D
  0
DICTIONARY
  5
7E9B
330
7A42
100
AcDbDictionary
280
     1
281
     1
  3
ACAD_XREC_ROUNDTRIP
360
26C0E
  0
DICTIONARY
  5
7E9D
330
7A4D
100
AcDbDictionary
280
     1
281
     1
  3
ACAD_XREC_ROUNDTRIP
360
26C0F
  0
DICTIONARY
  5
7E9F
330
7A4C
100
AcDbDictionary
280
     1
281
     1
  3
ACAD_XREC_ROUNDTRIP
360
26C10
  0
DICTIONARY
  5
7EA1
330
7A49
100
AcDbDictionary
280
     1
281
     1
  3
ACAD_XREC_ROUNDTRIP
360
26C11
  0
DICTIONARY
  5
7EA3
330
7A4A
100
AcDbDictionary
280
     1
281
     1
  3
ACAD_XREC_ROUNDTRIP
360
26C12
  0
DICTIONARY
  5
7EA5
330
7A45
100
AcDbDictionary
280
     1
281
     1
  3
ACAD_XREC_ROUNDTRIP
360
26C13
  0
DICTIONARY
  5
7EA7
330
7A3F
100
AcDbDictionary
280
     1
281
     1
  3
ACAD_XREC_ROUNDTRIP
360
26C14
  0
DICTIONARY
  5
7EA9
330
7A4B
100
AcDbDictionary
280
     1
281
     1
  3
ACAD_XREC_ROUNDTRIP
360
26C15
  0
XRECORD
  5
26BFB
102
{ACAD_REACTORS
330
7E73
102
}
330
7E73
100
AcDbXrecord
280
     1
310
2800000000010000760000000100080000000000007600000000000000000000000000000000000030282100FFFFFF00302821000000000000000000000000000000000000000000000000000000000000000000330000006600000099000000CC000000FF00000000330000333300006633000099330000CC330000FF3300
310
0000660000336600006666000099660000CC660000FF66000000990000339900006699000099990000CC990000FF99000000CC000033CC000066CC000099CC0000CCCC0000FFCC000000FF000033FF000066FF000099FF0000CCFF0000FFFF000000003300330033006600330099003300CC003300FF003300003333003333
310
33006633330099333300CC333300FF33330000663300336633006666330099663300CC663300FF66330000993300339933006699330099993300CC993300FF99330000CC330033CC330066CC330099CC3300CCCC3300FFCC330000FF330033FF330066FF330099FF3300CCFF3300FFFF330000006600330066006600660099
310
006600CC006600FF00660000336600333366006633660099336600CC336600FF33660000666600336666006666660099666600CC666600FF66660000996600339966006699660099996600CC996600FF99660000CC660033CC660066CC660099CC6600CCCC6600FFCC660000FF660033FF660066FF660099FF6600CCFF6600
310
FFFF660000009900330099006600990099009900CC009900FF00990000339900333399006633990099339900CC339900FF33990000669900336699006666990099669900CC669900FF66990000999900339999006699990099999900CC999900FF99990000CC990033CC990066CC990099CC9900CCCC9900FFCC990000FF99
310
0033FF990066FF990099FF9900CCFF9900FFFF99000000CC003300CC006600CC009900CC00CC00CC00FF00CC000033CC003333CC006633CC009933CC00CC33CC00FF33CC000066CC003366CC006666CC009966CC00CC66CC00FF66CC000099CC003399CC006699CC009999CC00CC99CC00FF99CC0000CCCC0033CCCC0066CC
310
CC0099CCCC00CCCCCC00FFCCCC0000FFCC0033FFCC0066FFCC0099FFCC00CCFFCC00FFFFCC000000FF003300FF006600FF009900FF00CC00FF00FF00FF000033FF003333FF006633FF009933FF00CC33FF00FF33FF000066FF003366FF006666FF009966FF00CC66FF00FF66FF000099FF003399FF006699FF009999FF00CC
310
99FF00FF99FF0000CCFF0033CCFF0066CCFF0099CCFF00CCCCFF00FFCCFF0000FFFF0033FFFF0066FFFF0099FFFF00CCFFFF00FFFFFF00000000000D0D0D001A1A1A00282828003535350043434300505050005D5D5D006B6B6B00787878008686860093939300A1A1A100AEAEAE00BBBBBB00C9C9C900D6D6D600E4E4E400
310
F1F1F100FFFFFF000000000000000000000000000000000000000000000000000000000000000000000000000000000000000000000000000000000000000000000000000000000000000000000000000000000000000000000000000000000000000000000000000000000000000000000000000000000000000000000000
310
00000000000000000000000000000000000000000000000000000000000000000000000000000000000000000000000000000000000000000000000000000000000000000000000000000000000000000000000000000000000000000000000000000000000000000000000000000000000000000000000000000000000000
310
00000000000000000000000000000000000000000000000000000000000000000000000000000000000000000000000000000000000000000000000000000000000000000000000000000000000000000000000000000000000000000000000000000000000000000000000000000000000000000000000000000000000000
310
00000000000000000000000000000000000000000000000000000000000000000000000000000000000000000000000000000000000000000000000000000000000000000000000000000000000000000000000000000000000000000000000000000000000000000000000000000000000000000000000000000000000000
310
00000000000000000000000000000000000000000000000000000000000000000000000000000000000000000000000000000000000000000000000000000000000000000000000000000000000000000000000000000000000000000000000000000000000000000000000000000000000000000000000000000000000000
310
00000000000000000000000000000000000000000000000000000000000000000000000000000000000000000000000000000000000000000000000000000000000000000000000000000000000000000000000000000000000000000000000000000000000000000000000000000000000000000000000000000000000000
310
00000000000000000000000000000000000000000000000000000000000000000000000000000000000000000000000000000000000000000000000000000000000000000000000000000000000000000000000000000000000000000000000000000000000000000000000000000000000000000000000000000000000000
310
00000000000000000000000000000000000000000000000000000000000000000000000000000000000000000000000000000000000000000000000000000000000000000000000000000000000000000000000000000000000000000000000000000000000000000000000000000000000000000000000000000000000000
310
00000000000000000000000000000000000000000000000000000000000000000000000000000000000000000000000000000000000000000000000000000000000000000000000000000000000000000000000000000000000000000000000000000000000000000000000000000000000000000000000000000000000000
310
00000000000000000000000000000000000000000000000000000000000000000000000000000000000000000000000000000000000000000000000000000000000000000000000000000000000000000000000000000000000000000000000000000000000000000000000000000000000000000000000000000000000000
310
00000000000000000000000000000000000000000000000000000000000000000000000000000000000000000000000000000000000000000000000000000000000000000000000000000000000000000000000000000000000000000000000000000000000000000000000000000000000000000000000000000000000000
310
00000000000000000000000000000000000000000000000000000000000000000000000000000000000000000000000000000000000000000000000000000000000000000000000000000000000000000000000000000000000000000000000000000000000000000000000000000000000000000000000000000000000000
310
00000000000000000000000000000000000000000000000000000000000000000000000000000000000000000000000000000000000000000000000000000000000000000000000000000000000000000000000000000000000000000000000000000000000000000000000000000000000000000000000000000000000000
310
00000000000000000000000000000000000000000000000000000000000000000000000000000000000000000000000000000000000000000000000000000000000000000000000000000000000000000000000000000000000000000000000000000000000000000000000000000000000000000000000000000000000000
310
00000000000000000000000000000000000000000000000000000000000000000000000000000000000000000000000000000000000000000000000000000000000000000000000000000000000000000000000000000000000000000000000000000000000000000000000000000000000000000000000000000000000000
310
00000000000000000000000000000000000000000000000000000000000000000000000000000000000000000000000000000000000000000000000000000000000000000000000000000000000000000000000000000000000000000000000000000000000000000000000000000000000000000000000000000000000000
310
00000000000000000000000000000000000000000000000000000000000000000000000000000000000000000000000000000000000000000000000000000000000000000000000000000000000000000000000000000000000000000000000000000000000000000000000000000000000000000000000000000000000000
310
00000000000000000000000000000000000000000000000000000000000000000000000000000000000000000000000000000000000000000000000000000000000000000000000000000000000000000000000000000000000000000000000000000000000000000000000000000000000000000000000000000000000000
310
00000000000000000000000000000000000000000000000000000000000000000000000000000000000000000000000000000000000000000000000000000000000000000000000000000000000000000000000000000000000000000000000000000000000000000000000000000000000000000000000000000000000000
310
00000000000000000000000000000000000000000000000000000000000000000000000000000000000000000000000000000000000000000000000000000000000000000000000000000000000000000000000000000000000000000000000000000000000000000000000000000000000000000000000000000000000000
310
00000000000000000000000000000000000000000000000000000000000000000000000000000000000000000000000000000000000000000000000000000000000000000000000000000000000000000000000000000000000000000000000000000000000000000000000000000000000000000000000000000000000000
310
00000000000000000000000000000000000000000000000000000000000000000000000000000000000000000000000000000000000000000000000000000000000000000000000000000000000000000000000000000000000000000000000000000000000000000000000000000000000000000000000000000000000000
310
00000000000000000000000000000000000000000000000000000000000000000000000000000000000000000000000000000000000000000000000000000000000000000000000000000000000000000000000000000000000000000000000000000000000000000000000000000000000000000000000000000000000000
310
00000000000000000000000000000000000000000000000000000000000000000000000000000000000000000000000000000000000000000000000000000000000000000000000000000000000000000000000000000000000000000000000000000000000000000000000000000000000000000000000000000000000000
310
00000000000000000000000000000000000000000000000000000000000000000000000000000000000000000000000000000000000000000000000000000000000000000000000000000000000000000000000000000000000000000000000000000000000000000000000000000000000000000000000000000000000000
310
00000000000000000000000000000000000000000000000000000000000000000000000000000000000000000000000000000000000000000000000000000000000000000000000000000000000000000000000000000000000000000000000000000000000000000000000000000000000000000000000000000000000000
310
00000000000000000000000000000000000000000000000000000000000000000000000000000000000000000000000000000000000000000000000000000000000000000000000000000000000000000000000000000000000000000000000000000000000000000000000000000000000000000000000000000000000000
310
00000000000000000000000000000000000000000000000000000000000000000000000000000000000000000000000000000000000000000000000000000000000000000000000000000000000000000000000000000000000000000000000000000000000000000000000000000000000000000000000000000000000000
310
000000000000000000000000000000000000000000000000000000000000000000000000000000000000000000000000000000000000000000000000000000000000000000000000000000000000000000000000000000000000000000000000000000000000000000000000000000000000F5F5F5F5F5F5F5F5F5F5F5F5F5
310
F5F5F5F5F5F5F5F5F5F5F5F5F5F5F5F5F5F5F5F5F5F5F5F5F5F5F5F5F5F5F5F5F5F5F5F5F5F5F5F5F5F5F5F5F5F5F5F5F5F5F5F5F5F5F5F5F5F5F5F5F5F5F5F5F5F5F5F5F5F5F5F5F5F5F5F5F5F5F5F5F5F5F5F5F5F5F5F5F5F5F5F5F5F5F5F5F5F5F5F5F5F5F5F5F5F5F5F5F5F5F5F5F5F5F5F5F5F5F5F5F5F5F5F5F5F5F5
310
F5F5F5F5F5F5F5F5F5F5F5F5F5F5F5F5F5F5F5F5000000000000000000000000000000000000000000000000000000000000000000000000000000000000000000000000000000000000000000000000000000000000000000000000000000000000000000000000000000000000000000000000F500000000000000000000
310
00000000000000000000000000000000000000000000000000000000000000000000000000000000000000000000000000000000000000000000000000000000000000000000000000000000000000000000000000000000000000000000000000000000000000000000000000000000000000000000000000000000000000
310
000000000000000000000000000000000000000000F5000000000000000000000000000000000000000000000000000000000000000000000000000000000000000000000000000000000000000000000000000000000000000000000000000000000000000000000000000000000000000000000000F50000000000000000
310
00000000000000000000000000000000000000000000000000000000000000000000000000000000000000000000000000000000000000000000000000000000000000000000000000000000000000000000000000000000000000000000000000000000000000000000000000000000000000000000000000000000000000
310
0000000000000000000000000000000000000000000000F5000000000000000000000000000000000000000000000000000000000000000000000000000000000000000000000000000000000000000000000000000000000000000000000000000000000000000000000000000000000000000000000000F5000000000000
310
00000000000000000000000000000000000000000000000000000000000000000000000000000000000000000000000000000000000000000000000000000000000000000000000000000000000000000000000000000000000000000000000000000000000000000000000000000000000000000000000000000000000000
310
00000000000000000000000000000000000000000000000000F5000000000000000000000000000000000000000000000000000000000000000000000000000000000000000000000000000000000000000000000000000000000000000000000000000000000000000000000000000000000000000000000000F500000000
310
00000000000000000000000000000000000000000000000000000000000000000000000000000000000000000000000000000000000000000000000000000000000000000000000000000000000000000000000000000000000000000000000000000000000000000000000000000000000000000000000000000000000000
310
000000000000000000000000000000000000000000000000000000F5000000000000000000000000000000000000000000000000000000000000000000000000000000000000000000000000000000000000000000000000000000000000000000000000000000000000000000000000000000000000000000000000F50000
310
00000000000000000000000000000000000000000000000000000000000000000000000000000000000000000000000000000000000000000000000000000000000000000000000000000000000000000000000000000000000000000000000000000000000000000000000000000000000000000000000000000000000000
310
0000000000000000000000000000000000000000000000000000000000F5000000000000000000000000000000000000000000000000000000000000000000000000000000000000000000000000000000000000000000000000000000000000000000000000000000000000000000000000000000000000000000000000F5
310
00000000000000000000000000000000000000000000000000000000000000000000000000000000000000000000000000000000000000000000000000000000000000000000000000000000000000000000000000000000000000000000000000000000000000000000000000000000000000000000000000000000000000
310
00000000000000000000000000000000000000000000000000000000000000F50000000000000000000000000000000000000000000000000000000000000000000000000000000000000000000000000000000000000000000000000000000000000000000000000000000000000000000000000000000000000000000000
310
00F50000000000000000000000000000000000000000000000000000000000000000000000000000000000000000000000000000000000000000000000000000000000000000000000000000000000000000000000000000000000000000000000000000000000000000000000000000000000000000000000000000000000
310
000000000000000000000000000000000000000000000000000000000000000000F5000000000000000000000000000000000000000000000000000000000000000000000000000000000000000000000000000000000000000000000000000000000000000000000000000000000000000000000000000000000000000000
310
000000F5000000000000000000000000000000000000000000000000000000000000000000000000000000000000000000000000000000000000000000000000000000000000000000000000000000000000000000000000000000000000000000000000000000000000000000000000000000000000000000000000000000
310
0000000000000000000000000000000000000000000000000000000000000000000000F500000000000000000000000000000000000000000000000000000000000000000000000000000000000000000000000000000000000000000000000000000000000000000000000000000000000000000000000000000000000000
310
0000000000F50000000000000000000000000000000000000000000000000000000000000000000000000000000000000000000000000000000000F5F500000000000000000000000000000000000000000000000000000000000000000000000000F5F5000000000000000000000000000000000000000000000000000000
310
00000000000000000000000000000000000000000000000000000000000000000000000000F50000000000000000000000000000000000000000000000000000000000000000000000000000000000000000000000000000000000000000000000000000000000000000000000000000000000000000000000000000000000
310
00000000000000F50000000000000000000000000000000000000000000000000000000000000000000000000000000000000000000000000000000000F5F500F5000000000000000000000000000000000000000000000000000000F500000000000000F50000F50000000000000000000000000000000000000000000000
310
000000000000000000000000000000000000000000000000000000000000000000000000000000F5000000000000000000000000000000000000000000000000000000000000000000000000000000000000000000000000000000000000000000000000000000000000000000000000000000000000000000000000000000
310
000000000000000000F50000000000000000000000000000000000000000000000000000000000000000000000000000000000000000F5F5F5F5F5F5F5F5F5F5F5F5F5F5F5F5F5F5F5F500000000000000000000000000000000F5F5F5F5F5F5F5F5F5F5F5F5F5F5F5F5F5F5F5F5F5F5F5F5F5000000000000000000000000
310
0000000000000000000000000000000000000000000000000000000000000000000000000000000000F500000000000000000000000000000000000000000000000000000000000000000000000000000000000000000000000000000000000000000000000000000000000000000000000000000000000000000000000000
310
0000000000000000000000F500000000000000000000000000000000000000000000000000000000000000000000000000000000000000F5F5F5F5F5F5F5F5F5000000F5F5F5F5F5F5F5F5F5F50000000000000000000000000000F5F5F5F5F5F5F5F500000000000000F5F5F5F5F5F5F5F5F500F500000000000000000000
310
00000000000000000000000000000000000000000000000000000000000000000000000000000000000000F50000000000000000000000000000000000000000000000000000000000000000000000000000000000000000000000000000000000000000000000000000000000000000000000000000000000000000000000
310
00000000000000000000000000F5000000000000000000000000000000000000000000000000000000000000000000000000000000000000F5F5F5F5F5F5F5F5F5F5F5F5F5F5F5F5F5F5F5F5F5F5F50000000000000000000000000000F5F5F5F5F5F5F5F5F5F5F5F5F5F5F5F5F5F5F5F5F5F5F5F5F5F50000000000000000
310
000000000000000000000000000000000000000000000000000000000000000000000000000000000000000000F5000000000000000000000000000000000000000000000000000000000000000000000000000000000000000000000000000000000000000000000000000000000000000000000000000000000000000000
310
000000000000000000000000000000F50000000000000000000000000000000000000000000000000000000000000000000000000000000000F5F5F5F5F5F5F5F5F5F5F5F5F5F5F5F5F5F5F5F5F5F5F5F50000000000000000000000000000F5F5F5F500F5F5F5F5F5F5F5F5F5F5F5F5F5F5F500F5F5F5F5F5000000000000
310
0000000000000000000000000000000000000000000000000000000000000000000000000000000000000000000000F500000000000000000000000000000000000000000000000000000000000000000000000000000000000000000000000000000000000000000000000000000000000000000000000000000000000000
310
0000000000000000000000000000000000F50000000000000000000000000000000000000000000000000000000000000000000000000000000000F5F5F50000000000000000F5F5F50000000000000000F5F50000000000000000000000000000F5F5F5F500F500000000000000000000000000F500F5000000F500000000
310
00000000000000000000000000000000000000000000000000000000000000000000000000000000000000000000000000F50000000000000000000000000000000000000000000000000000000000000000000000000000000000000000000000000000000000000000000000000000000000000000000000000000000000
310
00000000000000000000000000000000000000F50000000000000000000000000000000000000000000000000000000000000000000000000000000000F5F5F50000F5F5F5000000F500F5F5F5F50000F5F500F5F50000000000000000000000000000F5F5F5F500F5F5F5F5F5F5F5F5F5F5F5F5F5F5F500F5F5F5F5F50000
310
000000000000000000000000000000000000000000000000000000000000000000000000000000000000000000000000000000F5000000000000000000000000000000000000000000000000000000000000000000000000000000000000000000000000000000000000000000000000000000000000000000000000000000
310
000000000000000000000000000000000000000000F50000000000000000000000000000000000000000000000000000000000000000000000000000000000F5F5F5F5F5F5F5F5000000F500F5F5F5F5F5F5F5F5F5F5F50000000000000000000000000000F5F5F5F500F5F5F5F5F5F5F5F5F5F5F5F5F5F5F500F5F5F5F5F5
310
0000000000000000000000000000000000000000000000000000000000000000000000000000000000000000000000000000000000F500000000000000000000000000000000000000000000000000000000000000000000000000000000000000000000000000000000000000000000000000000000000000000000000000
310
0000000000000000000000000000000000000000000000F50000000000000000000000000000000000000000000000000000000000000000000000000000000000F5F5F50000F5F500000000F5F5F5F5F5F50000F5F500F5F50000000000000000000000000000F5F500F500F500000000000000000000000000F500F50000
310
00F50000000000000000000000000000000000000000000000000000000000000000000000000000000000000000000000000000000000F50000000000000000000000000000000000000000000000000000000000000000000000000000000000000000000000000000000000000000000000000000000000000000000000
310
00000000000000000000000000000000000000000000000000F50000000000000000000000000000000000000000000000000000000000000000000000000000000000F5F5F500000000000000000000000000000000000000F5F50000000000000000000000000000F5F5F5F500F500000000000000000000000000F500F5
310
000000F50000000000000000000000000000000000000000000000000000000000000000000000000000000000000000000000000000000000F5000000000000000000000000000000000000000000000000000000000000000000000000000000000000000000000000000000000000000000000000000000000000000000
310
000000000000000000000000000000000000000000000000000000F50000000000000000000000000000000000000000000000000000000000000000000000000000000000F5F5F5F5F5F5F5F5F5F5F5F5F5F5F5F5F5F5F5F5F5F5F5F50000000000000000000000000000F5F5F5F500F5F5F5F5F5F5F5F5F5F5F5F5F5F5F5
310
00F5F5F5F5F50000000000000000000000000000000000000000000000000000000000000000000000000000000000000000000000000000000000F500000000000000000000000000000000000000000000000000000000000000000000000000000000000000000000000000000000000000000000000000000000000000
310
0000000000000000000000000000000000000000000000000000000000F50000000000000000000000000000000000000000000000000000000000000000000000000000000000F5F5F5F50000000000000000000000000000000000F5F5F50000000000000000000000000000F5F5F5F500F5F5F5F5F5F5F5F5F5F5F5F5F5
310
F5F500F5F5F5F5F50000000000000000000000000000000000000000000000000000000000000000000000000000000000000000000000000000000000F50000000000000000000000000000000000000000000000000000000000000000000000000000000000000000000000000000000000000000000000000000000000
310
00000000000000000000000000000000000000000000000000000000000000F50000000000000000000000000000000000000000000000000000000000000000000000000000000000F5F5F50000F5F500F5F5F5F5F5F50000000000F5F500F5F50000000000000000000000000000F5F5F5F500F500000000000000000000
310
000000F500F5000000F50000000000000000000000000000000000000000000000000000000000000000000000000000000000000000000000000000000000F5000000000000000000000000000000000000000000000000000000000000000000000000000000000000000000000000000000000000000000000000000000
310
000000000000000000000000000000000000000000000000000000000000000000F50000000000000000000000000000000000000000000000000000000000000000000000000000000000F5F5F5F5F5F5F5F5F5F5F5F500F5000000F5F5F5F5F5F5F50000000000000000000000000000F5F5F5F500F5F5F5F5F5F5F5F5F5
310
F5F5F5F5F5F500F5F5F5F5F50000000000000000000000000000000000000000000000000000000000000000000000000000000000000000000000000000000000F500000000000000000000000000000000000000000000000000000000000000000000000000000000000000000000000000000000000000000000000000
310
0000000000000000000000000000000000000000000000000000000000000000000000F50000000000000000000000000000000000000000000000000000000000000000000000000000000000F5F5F50000F5F500F5F5F5F500F5000000F5F5F5F5F5F5F50000000000000000000000000000F5F5F5F500F5F5F5F5F5F5F5
310
F5F5F5F5F5F5F5F500F5F5F5F5F50000000000000000000000000000000000000000000000000000000000000000000000000000000000000000000000000000000000F50000000000000000000000000000000000000000000000000000000000000000000000000000000000000000000000000000000000000000000000
310
00000000000000000000000000000000000000000000000000000000000000000000000000F50000000000000000000000000000000000000000000000000000000000000000000000000000000000F5F5F50000000000F5F5F5F5F5F50000000000000000F5F50000000000000000000000000000F5F5F5F500F500000000
310
000000000000000000F500F5000000F50000000000000000000000000000000000000000000000000000000000000000000000000000000000000000000000000000000000F5000000000000000000000000000000000000000000000000000000000000000000000000000000000000000000000000000000000000000000
310
000000000000000000000000000000000000000000000000000000000000000000000000000000F50000000000000000000000000000000000000000000000000000000000000000000000000000000000F5F5F5F5F5F5F5F5F5F5F5F5F5F5F5F5F5F5F5F5F5F5F5F50000000000000000000000000000F5F5F5F500F5F5F5
310
F5F5F5F5F5F5F5F5F5F5F5F500F5F5F5F5F50000000000000000000000000000000000000000000000000000000000000000000000000000000000000000000000000000000000F500000000000000000000000000000000000000000000000000000000000000000000000000000000000000000000000000000000000000
310
0000000000000000000000000000000000000000000000000000000000000000000000000000000000F50000000000000000000000000000000000000000000000000000000000000000000000000000000000F5F5F5F5F5F5F5F5F5F5F5F5F5F5F5F5F5F5F5F5F5F5F5F50000000000000000000000000000F5F5F5F500F5
310
F5F5F5F5F5F5F5F5F5F5F5F5F5F500F5F5F5F5F50000000000000000000000000000000000000000000000000000000000000000000000000000000000000000000000000000000000F50000000000000000000000000000000000000000000000000000000000000000000000000000000000000000000000000000000000
310
00000000000000000000000000000000000000000000000000000000000000000000000000000000000000F50000000000000000000000000000000000000000000000000000000000000000000000000000000000F5F5F50000000000000000F5F5F50000000000000000F5F50000000000000000000000000000F5F5F5F5
310
00F500000000000000000000000000F500F5000000F50000000000000000000000000000000000000000000000000000000000000000000000000000000000000000000000000000000000F5000000000000000000000000000000000000000000000000000000000000000000000000000000000000000000000000000000
310
000000000000000000000000000000000000000000000000000000000000000000000000000000000000000000F50000000000000000000000000000000000000000000000000000000000000000000000000000000000F5F5F50000F5F500000000F500F5F5F5F50000F5F500F5F50000000000000000000000000000F5F5
310
F5F500F5F5F5F5F5F5F5F5F5F5F5F5F5F5F500F5F5F5F5F50000000000000000000000000000000000000000000000000000000000000000000000000000000000000000000000000000000000F500000000000000000000000000000000000000000000000000000000000000000000000000000000000000000000000000
310
0000000000000000000000000000000000000000000000000000000000000000000000000000000000000000000000F50000000000000000000000000000000000000000000000000000000000000000000000000000000000F5F5F5F5F5F5F5F5000000F500F5F5F5F5F5F5F5F5F5F5F50000000000000000000000000000
310
F5F5F5F500F5F5F5F5F5F5F5F5F5F5F5F5F5F5F500F5F5F5F5F50000000000000000000000000000000000000000000000000000000000000000000000000000000000000000000000000000000000F50000000000000000000000000000000000000000000000000000000000000000000000000000000000000000000000
310
00000000000000000000000000000000000000000000000000000000000000000000000000000000000000000000000000F50000000000000000000000000000000000000000000000000000000000000000000000000000000000F5F5F50000F5F500000000F500F5F5F5F50000F5F500F5F5000000000000000000000000
310
0000F5F500F500F500000000000000000000000000F500F5000000F50000000000000000000000000000000000000000000000000000000000000000000000000000000000000000000000000000000000F5000000000000000000000000000000000000000000000000000000000000000000000000000000000000000000
310
000000000000000000000000000000000000000000000000000000000000000000000000000000000000000000000000000000F50000000000000000000000000000000000000000000000000000000000000000000000000000000000F5F5F50000000000000000F5F5F50000000000000000F5F500000000000000000000
310
00000000F5F5F5F500F500000000000000000000000000F500F5000000F50000000000000000000000000000000000000000000000000000000000000000000000000000000000000000000000000000000000F500000000000000000000000000000000000000000000000000000000000000000000000000000000000000
310
0000000000000000000000000000000000000000000000000000000000000000000000000000000000000000000000000000000000F50000000000000000000000000000000000000000000000000000000000000000000000000000000000F5F5F5F5F5F5F5F5F5F5F5F5F5F5F5F5F5F5F5F5F5F5F5F50000000000000000
310
000000000000F5F5F5F500F5F5F5F5F5F5F5F5F5F5F5F5F5F5F500F5F5F5F5F50000000000000000000000000000000000000000000000000000000000000000000000000000000000000000000000000000000000F50000000000000000000000000000000000000000000000000000000000000000000000000000000000
310
00000000000000000000000000000000000000000000000000000000000000000000000000000000000000000000000000000000000000F50000000000000000000000000000000000000000000000000000000000000000000000000000000000F5F5F5F50000000000000000000000000000000000F5F5F5000000000000
310
0000000000000000F5F5F5F500F5F5F5F5F5F5F5F5F5F5F5F5F5F5F500F5F5F5F5F50000000000000000000000000000000000000000000000000000000000000000000000000000000000000000000000000000000000F5000000000000000000000000000000000000000000000000000000000000000000000000000000
310
000000000000000000000000000000000000000000000000000000000000000000000000000000000000000000000000000000000000000000F50000000000000000000000000000000000000000000000000000000000000000000000000000000000F5F5F50000F5F500F5F5F5F5F5F50000000000F5F500F5F500000000
310
00000000000000000000F5F5F5F500F500000000000000000000000000F500F5000000F50000000000000000000000000000000000000000000000000000000000000000000000000000000000000000000000000000000000F500000000000000000000000000000000000000000000000000000000000000000000000000
310
0000000000000000000000000000000000000000000000000000000000000000000000000000000000000000000000000000000000000000000000F50000000000000000000000000000000000000000000000000000000000000000000000000000000000F5F5F5F5F5F5F5F5F5F5F5F500F5000000F5F5F5F5F5F5F50000
310
000000000000000000000000F5F5F5F500F5F5F5F5F5F5F5F5F5F5F5F5F5F5F500F5F5F5F5F50000000000000000000000000000000000000000000000000000000000000000000000000000000000000000000000000000000000F50000000000000000000000000000000000000000000000000000000000000000000000
310
00000000000000000000000000000000000000000000000000000000000000000000000000000000000000000000000000000000000000000000000000F50000000000000000000000000000000000000000000000000000000000000000000000000000000000F5F5F5F500F5F5F5F5F5F5F500F5000000F5F5F5F5F5F5F5
310
0000000000000000000000000000F5F5F5F500F5F5F5F5F5F5F5F5F5F5F5F5F5F5F500F5F5F5F5F50000000000000000000000000000000000000000000000000000000000000000000000000000000000000000000000000000000000F5000000000000000000000000000000000000000000000000000000000000000000
310
000000000000000000000000000000000000000000000000000000000000000000000000000000000000000000000000000000000000000000000000000000F50000000000000000000000000000000000000000000000000000000000000000000000000000000000F5F5F50000000000F5F5F5F5F5F50000000000000000
310
F5F50000000000000000000000000000F5F5F5F500F500000000000000000000000000F500F5000000F50000000000000000000000000000000000000000000000000000000000000000000000000000000000000000000000000000000000F500000000000000000000000000000000000000000000000000000000000000
310
0000000000000000000000000000000000000000000000000000000000000000000000000000000000000000000000000000000000000000000000000000000000F50000000000000000000000000000000000000000000000000000000000000000000000000000000000F5F5F5F500000000000000000000000000000000
310
00F5F5F50000000000000000000000000000F5F5F5F500F5F5F5F5F5F5F5F5F5F5F5F5F5F5F500F5F5F5F5F50000000000000000000000000000000000000000000000000000000000000000000000000000000000000000000000000000000000F50000000000000000000000000000000000000000000000000000000000
310
00000000000000000000000000000000000000000000000000000000000000000000000000000000000000000000000000000000000000000000000000000000000000F50000000000000000000000000000000000000000000000000000000000000000000000000000000000F5F5F5F5F5F5F5F5F5F5F5F5F5F5F5F5F5F5
310
F5F5F5F5F5F50000000000000000000000000000F5F5F5F500F5F5F5F5F5F5F5F5F5F5F5F5F5F5F500F5F5F5F5F50000000000000000000000000000000000000000000000000000000000000000000000000000000000000000000000000000000000F5000000000000000000000000000000000000000000000000000000
310
000000000000000000000000000000000000000000000000000000000000000000000000000000000000000000000000000000000000000000000000000000000000000000F50000000000000000000000000000000000000000000000000000000000000000000000000000000000F5F5F50000000000000000F5F5F50000
310
000000000000F5F50000000000000000000000000000F5F5F5F500F500000000000000000000000000F500F5000000F50000000000000000000000000000000000000000000000000000000000000000000000000000000000000000000000000000000000F500000000000000000000000000000000000000000000000000
310
0000000000000000000000000000000000000000000000000000000000000000000000000000000000000000000000000000000000000000000000000000000000000000000000F50000000000000000000000000000000000000000000000000000000000000000000000000000000000F5F5F50000F5F500000000F500F5
310
F5F5F50000F5F500F5F50000000000000000000000000000F5F5F5F500F5F5F5F5F5F5F5F5F5F5F5F5F5F5F500F5F5F5F5F50000000000000000000000000000000000000000000000000000000000000000000000000000000000000000000000000000000000F50000000000000000000000000000000000000000000000
310
00000000000000000000000000000000000000000000000000000000000000000000000000000000000000000000000000000000000000000000000000000000000000000000000000F50000000000000000000000000000000000000000000000000000000000000000000000000000000000F5F5F5F5F5F5F5F5000000F5
310
00F5F5F5F5F5F5F5F5F5F5F50000000000000000000000000000F5F500F500F500000000000000000000000000F500F5000000F50000000000000000000000000000000000000000000000000000000000000000000000000000000000000000000000000000000000F5000000000000000000000000000000000000000000
310
000000000000000000000000000000000000000000000000000000000000000000000000000000000000000000000000000000000000000000000000000000000000000000000000000000F50000000000000000000000000000000000000000000000000000000000000000000000000000000000F5F5F50000F5F5000000
310
00F500F5F5F5F50000F5F500F5F50000000000000000000000000000F5F5F5F500F5F5F5F5F5F5F5F5F5F5F5F5F5F5F500F5F5F5F5F50000000000000000000000000000000000000000000000000000000000000000000000000000000000000000000000000000000000F500000000000000000000000000000000000000
310
0000000000000000000000000000000000000000000000000000000000000000000000000000000000000000000000000000000000000000000000000000000000000000000000000000000000F50000000000000000000000000000000000000000000000000000000000000000000000000000000000F5F5F50000000000
310
000000F5F5F50000000000000000F5F50000000000000000000000000000F5F5F5F500F500000000000000000000000000F500F5000000F50000000000000000000000000000000000000000000000000000000000000000000000000000000000000000000000000000000000F50000000000000000000000000000000000
310
00000000000000000000000000000000000000000000000000000000000000000000000000000000000000000000000000000000000000000000000000000000000000000000000000000000000000F50000000000000000000000000000000000000000000000000000000000000000000000000000000000F5F5F5F5F5F5
310
F5F5F5F5F5F5F5F5F5F5F5F5F5F5F5F5F5F50000000000000000000000000000F5F5F5F500F5F5F5F5F5F5F5F5F5F5F5F5F5F5F500F5F5F5F5F50000000000000000000000000000000000000000000000000000000000000000000000000000000000000000000000000000000000F5000000000000000000000000000000
310
000000000000000000000000000000000000000000000000000000000000000000000000000000000000000000000000000000000000000000000000000000000000000000000000000000000000000000F5000000000000000000000000000000000000000000000000000000000000000000000000000000000000F5F5F5
310
F500000000F50000000000F5F5F5F5F5F5F5F5F500000000000000000000000000F500F5F5F5F5F5F5F50000000000000000F5F5F5F5F5F5F5F5F5F50000000000000000000000000000000000000000000000000000000000000000000000000000000000000000000000000000000000F500000000000000000000000000
310
0000000000000000000000000000000000000000000000000000000000000000000000000000000000000000000000000000000000000000000000000000000000000000000000000000000000000000000000F500000000000000000000000000000000000000000000000000000000000000000000000000000000000000
310
F5F5F5F5F5F5F5F5F5000000F5F5F5F5F5F5F5F5F5000000000000000000000000000000F5F5F5F500F5F5F500000000000000F5F5F5F5F5F5F5F5F500F50000000000000000000000000000000000000000000000000000000000000000000000000000000000000000000000000000000000F50000000000000000000000
310
00000000000000000000000000000000000000000000000000000000000000000000000000000000000000000000000000000000000000000000000000000000000000000000000000000000000000000000000000F50000000000000000000000000000000000000000000000000000000000000000000000000000000000
310
000000F5F5F5F5F5F5F5F5F5F5F5F5F5F5F5F5F5F5F50000000000000000000000000000000000F5F5F5F5F5F5F5F5F5F5F5F5F5F5F5F5F5F5F5F5F5F5F5F5F50000000000000000000000000000000000000000000000000000000000000000000000000000000000000000000000000000000000F5000000000000000000
310
000000000000000000000000000000000000000000000000000000000000000000000000000000000000000000000000000000000000000000000000000000000000000000000000000000000000000000000000000000F5000000000000000000000000000000000000000000000000000000000000000000000000000000
310
0000000000000000000000F50000000000000000000000000000000000000000000000000000000000000000000000000000000000000000000000000000000000000000000000000000000000000000000000000000000000000000000000000000000000000000000000000000000000000000000000F500000000000000
310
0000000000000000000000000000000000000000000000000000000000000000000000000000000000000000000000000000000000000000000000000000000000000000000000000000000000000000000000000000000000F500000000000000000000000000000000000000000000000000000000000000000000000000
310
00000000000000000000000000000000000000000000000000000000000000000000000000000000000000000000000000000000000000000000000000000000000000000000000000000000000000000000000000000000000000000000000000000000000000000000000000000000000000000000000000F50000000000
310
00000000000000000000000000000000000000000000000000000000000000000000000000000000000000000000000000000000000000000000000000000000000000000000000000000000000000000000000000000000000000F50000000000000000000000000000000000000000000000000000000000000000000000
310
000000000000000000000000000000000000000000000000000000000000000000000000000000000000000000000000000000000000000000000000000000000000000000000000000000000000000000000000000000000000000000000000000000000000000000000000000000000000000000000000000000F5000000
310
000000000000000000000000000000000000000000000000000000000000000000000000000000000000000000000000000000000000000000000000000000000000000000000000000000000000000000000000000000000000000000F5000000000000000000000000000000000000000000000000000000000000000000
310
0000000000000000000000000000000000000000000000000000000000000000000000000000000000000000000000000000000000000000000000000000000000000000000000000000000000000000000000000000000000000000000000000000000000000000000000000000000000000000000000000000000000F500
310
0000000000000000000000000000000000000000000000000000000000000000000000000000000000000000000000000000000000000000000000000000000000000000000000000000000000000000000000000000000000000000000000F500000000000000000000000000000000000000000000000000000000000000
310
00000000000000000000000000000000000000000000000000000000000000000000000000000000000000000000000000000000000000000000000000000000000000000000000000000000000000000000000000000000000000000000000000000000000000000000000000000000000000000000000000000000000000
310
F5000000000000000000000000000000000000000000000000000000000000000000000000000000000000000000000000000000000000000000000000000000000000000000000000000000000000000000000000000000000000000000000000F50000000000000000000000000000000000000000000000000000000000
310
00000000000000000000000000000000000000000000000000000000000000000000000000000000000000000000000000000000000000000000000000000000000000000000000000000000000000000000000000000000000000000000000000000000000000000000000000000000000000000000000000000000000000
310
0000F5000000000000000000000000000000000000000000000000000000000000000000000000000000000000000000000000000000000000000000000000000000000000000000000000000000000000000000000000000000000000000000000000F5000000000000000000000000000000000000000000000000000000
310
000000000000000000000000000000000000000000000000000000000000000000000000000000000000000000000000000000000000000000000000000000000000F5F50000000000000000000000000000000000000000000000000000000000000000000000000000000000000000000000000000000000000000000000
310
00000000F5000000000000000000000000000000000000000000000000000000000000000000000000000000000000000000000000000000000000000000000000000000000000000000000000000000000000000000000000000000000000000000000000F500000000000000000000000000000000000000000000000000
310
00000000000000000000000000000000000000000000000000000000000000000000000000000000000000000000000000000000000000000000000000000000000000000000000000000000000000F5F5F5000000000000000000000000000000000000000000000000000000000000000000000000000000000000000000
310
000000000000F5000000000000000000000000000000000000000000000000000000000000000000000000000000000000000000000000000000000000000000000000000000000000000000000000000000000000000000000000000000000000000000000000F50000000000000000000000000000000000000000000000
310
00000000000000000000000000000000000000000000000000000000000000000000000000000000000000000000000000000000000000000000000000000000000000000000000000000000F5F5F5F5F5F5F5F5F5F50000000000000000000000000000000000000000000000000000000000000000000000000000000000
310
0000000000000000F5000000000000000000000000000000000000000000000000000000000000000000000000000000000000000000000000000000000000000000000000000000000000000000000000000000000000000000000000000000000000000000000000F5000000000000000000000000000000000000000000
310
000000000000000000000000000000000000000000000000000000000000000000000000000000000000000000000000000000000000000000000000000000000000000000F5F5F5F5F5F5F5F5F5F5F5F5F5F5F5F5F5F5F5F50000000000000000000000000000000000000000000000000000000000000000000000000000
310
00000000000000000000F5000000000000000000000000000000000000000000000000000000000000000000000000000000000000000000000000000000000000000000000000000000000000000000000000000000000000000000000000000000000000000000000000F500000000000000000000000000000000000000
310
0000000000000000000000000000000000000000000000000000000000000000000000000000000000000000000000000000000000000000000000000000000000F5F5F5F5F5F5F5F5F5F5F5F5000000F5F5F5F5F5F5F5F5F5F5F5F50000000000000000000000000000000000000000000000000000000000000000000000
310
000000000000000000000000F5000000000000000000000000000000000000000000000000000000000000000000000000000000000000000000000000000000000000000000000000000000000000000000000000000000000000000000000000000000000000000000000000F50000000000000000000000000000000000
310
00000000000000000000000000000000000000000000000000000000000000000000000000000000000000000000000000000000000000000000000000F5F5F5F5F5F5F5F5F5F5F5F500000000000000F5F5F5F5F5F50000F5F500F5F5F5F50000000000000000000000000000000000000000000000000000000000000000
310
0000000000000000000000000000F5000000000000000000000000000000000000000000000000000000000000000000000000000000000000000000000000000000000000000000000000000000000000000000000000000000000000000000000000000000000000000000000000F5000000000000000000000000000000
310
00000000000000000000000000000000000000000000000000000000000000000000000000000000000000000000000000000000000000000000F5F5F5F5F5F5F5F5F5F500000000000000F5F5F5F5F5F5F50000F500F5F5F5F5F5F5F5F5F5F5F5F50000000000000000000000000000000000000000000000000000000000
310
00000000000000000000000000000000F5000000000000000000000000000000000000000000000000000000000000000000000000000000000000000000000000000000000000000000000000000000000000000000000000000000000000000000000000000000000000000000000000F500000000000000000000000000
310
0000000000000000000000000000000000000000000000000000000000000000000000000000000000000000000000000000000000000000000000F5F5F5F5F5F5F5F5000000F5F5F5F5F5F5F50000000000F5F5F5F5F5F5F5F500F5F5F5F5F5F5F5F5F5F50000000000000000000000000000000000000000000000000000
310
000000000000000000000000000000000000F5000000000000000000000000000000000000000000000000000000000000000000000000000000000000000000000000000000000000000000000000000000000000000000000000000000000000000000000000000000000000000000000000F50000000000000000000000
310
000000000000000000000000000000000000000000000000000000000000000000000000000000000000000000000000000000000000000000000000F5F5F5F5F5F5F5F5F5F5F5F5000000000000F5F5F5F5F5F5F5F50000F500F5F500F5F5F5F5F5F5F5F5F5F5F50000000000000000000000000000000000000000000000
310
0000000000000000000000000000000000000000F5000000000000000000000000000000000000000000000000000000000000000000000000000000000000000000000000000000000000000000000000000000000000000000000000000000000000000000000000000000000000000000000000F5000000000000000000
310
000000000000000000000000000000000000000000000000000000000000000000000000000000000000000000000000000000000000000000000000000000F5F5F5F5F50000F5000000F5F5F5F5F5F5F5F500000000F5F5F5F5F500F5F500F5F5F5F5F5F5F5F5F5F5F5F50000000000000000000000000000000000000000
310
00000000000000000000000000000000000000000000F5000000000000000000000000000000000000000000000000000000000000000000000000000000000000000000000000000000000000000000000000000000000000000000000000000000000000000000000000000000000000000000000000F500000000000000
310
0000000000000000000000000000000000000000000000000000000000000000000000000000000000000000000000000000000000000000000000000000000000F5F50000F5F5F5F5F5F5F5F5F500000000F5F5F5F5F5F5F5F5F5F5F500F5F500F5F500F5F5F5F5F5F5F5F5F5000000000000000000000000000000000000
310
000000000000000000000000000000000000000000000000F5000000000000000000000000000000000000000000000000000000000000000000000000000000000000000000000000000000000000000000000000000000000000000000000000000000000000000000000000000000000000000000000000F50000000000
310
00000000000000000000000000000000000000000000000000000000000000000000000000000000000000000000000000000000000000000000000000000000000000F5F5F5F5F500F5F5000000F5F5F5F5F5F5F5F500F5F500F5F500F5F500F5F500F5F500F5F5F5F5F5F5F5F50000000000000000000000000000000000
310
0000000000000000000000000000000000000000000000000000F5000000000000000000000000000000000000000000000000000000000000000000000000000000000000000000000000000000000000000000000000000000000000000000000000000000000000000000000000000000000000000000000000F5000000
310
000000000000000000000000000000000000000000000000000000000000000000000000000000000000000000000000000000000000000000000000000000000000000000F5F5F500F500F5F5F5F5F5F5F500F5F500F5F500F5F500F5F500F5F500F5F500F5F5F5F5F5F5F5F5F5F5F5000000000000000000000000000000
310
00000000000000000000000000000000000000000000000000000000F5000000000000000000000000000000000000000000000000000000000000000000000000000000000000000000000000000000000000000000000000000000000000000000000000000000000000000000000000000000000000000000000000F500
310
0000000000000000000000000000000000000000000000000000000000000000000000000000000000000000000000000000000000000000000000000000000000000000000000F5F5F500F500F500F5F500F5F500F5F500F5F500F5F500F5F500F5F500F5F500F5F500F5F5F5F5F5F5F5F500000000000000000000000000
310
000000000000000000000000000000000000000000000000000000000000F5000000000000000000000000000000000000000000000000000000000000000000000000000000000000000000000000000000000000000000000000000000000000000000000000000000000000000000000000000000000000000000000000
310
F5000000000000000000000000000000000000000000000000000000000000000000000000000000000000000000000000000000000000000000000000000000000000000000000000F500F500F500F500F5F500F5F500F5F500F5F500F5F500F5F500F5F500F5F500F5F5F5F5F5F5F5F5F500F50000000000000000000000
310
0000000000000000000000000000000000000000000000000000000000000000F500000000000000000000000000000000000000000000000000000000000000000000000000000000000000000000000000000000000000000000000000000000000000000000000000000000000000000000000000000000000000000000
310
0000F5000000000000000000000000000000000000000000000000000000000000000000000000000000000000000000000000000000000000000000000000000000000000000000000000F500F500F500F500F5F500F5F500F5F500F5F500F5F500F5F500F5F500F5F500F5F5F5F5F5F5F5F5F5F5F5000000000000000000
310
00000000000000000000000000000000000000000000000000000000000000000000F50000000000000000000000000000000000000000000000000000000000000000000000000000000000000000000000000000000000000000000000000000000000000000000000000000000000000000000000000000000000000000
310
00000000F5000000000000000000000000000000000000000000000000000000000000000000000000000000000000000000000000000000000000000000000000000000000000000000000000F500F500F500F500F5F500F5F500F5F500F5F500F5F500F5F500F5F500F5F500F5F5F5F5F5F5F5F5F5F5F5F5000000000000
310
000000000000000000000000000000000000000000000000000000000000000000000000F5000000000000000000000000000000000000000000000000000000000000000000000000000000000000000000000000000000000000000000000000000000000000000000000000000000000000000000000000000000000000
310
000000000000F5000000000000000000000000000000000000000000000000000000000000000000000000000000000000000000000000000000000000000000000000000000000000000000000000F500F500F500F500F5F500F5F500F5F5F500F500F5F500F5F500F5F500F5F500F5F5F5F5F5F5F5F5F5F5F50000000000
310
0000000000000000000000000000000000000000000000000000000000000000000000000000F500000000000000000000000000000000000000000000000000000000000000000000000000000000000000000000000000000000000000000000000000000000000000000000000000000000000000000000000000000000
310
0000000000000000F5000000000000000000000000000000000000000000000000000000000000000000000000000000000000000000000000000000000000000000000000000000000000000000000000F500F500F500F500F5F5F5F5F500F5F5F500F500F5F500F5F500F5F500F5F5F5F5F5F5F5F5F5F5F5F5F5F5000000
310
00000000000000000000000000000000000000000000000000000000000000000000000000000000F50000000000000000000000000000000000000000000000000000000000000000000000000000000000000000000000000000000000000000000000000000000000000000000000000000000000000000000000000000
310
00000000000000000000F5000000000000000000000000000000000000000000000000000000000000000000000000000000000000000000000000000000000000000000000000000000000000000000000000F500F500F5F50000F5F5F5F5F500F500F500F500F5F500F5F5F5F5F5F5F5F500F5F5F5F5F5F5F5F5F5F5F500
310
000000000000000000000000000000000000000000000000000000000000000000000000000000000000F5000000000000000000000000000000000000000000000000000000000000000000000000000000000000000000000000000000000000000000000000000000000000000000000000000000000000000000000000
310
000000000000000000000000F50000000000000000000000000000000000000000000000000000000000000000000000000000000000000000000000000000000000000000000000000000000000000000000000F5F5F5F500F5F500F5F500F5F50000F500F500F5F5F5F5F5F5F500F5F500F5F5F5F5F5F5F5F5F5F5F5F5F5
310
F5F5000000000000000000000000000000000000000000000000000000000000000000000000000000000000F500000000000000000000000000000000000000000000000000000000000000000000000000000000000000000000000000000000000000000000000000000000000000000000000000000000000000000000
310
0000000000000000000000000000F5000000000000000000000000000000000000000000000000000000000000000000000000000000000000000000000000000000000000000000000000000000000000000000000000F5F5F500F5F500F5F500F5F5F5F5F5F5F5F5F500F5F500F5F5F5F5F5F5F5F5F5F5F5F5F5F500F5F5
310
F5F5F500000000000000000000000000000000000000000000000000000000000000000000000000000000000000F50000000000000000000000000000000000000000000000000000000000000000000000000000000000000000000000000000000000000000000000000000000000000000000000000000000000000000
310
00000000000000000000000000000000F50000000000000000000000000000000000000000000000000000000000000000000000000000000000000000000000000000000000000000000000000000000000000000000000F5F5F5F500F5F5F5F5F5F5F5F50000F500F500F5F5F5F5F5F5F500F5F500F5F500F5F5F5F5F5F5
310
00F5F5F5F5F5000000000000000000000000000000000000000000000000000000000000000000000000000000000000F5000000000000000000000000000000000000000000000000000000000000000000000000000000000000000000000000000000000000000000000000000000000000000000000000000000000000
310
000000000000000000000000000000000000F5000000000000000000000000000000000000000000000000000000000000000000000000000000000000000000000000000000000000000000000000000000000000000000000000F5F5F5F5F5F500F5F500F5F5F5F5F5F5F5F5F500F5F500F5F500F5F500F5F5F5F5F5F5F5
310
F5F5F5F5F5F5F5F5F50000000000000000000000000000000000000000000000000000000000000000000000000000000000F500000000000000000000000000000000000000000000000000000000000000000000000000000000000000000000000000000000000000000000000000000000000000000000000000000000
310
0000000000000000000000000000000000000000F5000000000000000000000000000000000000000000000000000000000000000000000000000000000000000000000000000000000000000000000000000000000000000000000000F5F5F500F5F5F5F5F5F5F5F50000F500F500F500F5F500F5F5F5F5F5F5F5F5F5F5F5
310
F5F5F5F5F5F5F5F5F5F5000000000000000000000000000000000000000000000000000000000000000000000000000000000000F50000000000000000000000000000000000000000000000000000000000000000000000000000000000000000000000000000000000000000000000000000000000000000000000000000
310
00000000000000000000000000000000000000000000F50000000000000000000000000000000000000000000000000000000000000000000000000000000000000000000000000000000000000000000000000000000000000000000000F5F5F5F5F5F5F500F5F500F5F50000F500F500F5F5F5F5F5F5F5F5F5F5F5F5F5F5
310
F5F5F5F5F5F5F5F5F5F5F5F5000000000000000000000000000000000000000000000000000000000000000000000000000000000000F5000000000000000000000000000000000000000000000000000000000000000000000000000000000000000000000000000000000000000000000000000000000000000000000000
310
000000000000000000000000000000000000000000000000F50000000000000000000000000000000000000000000000000000000000000000000000000000000000000000000000000000000000000000000000000000000000000000000000F5F5F5F500F5F500F5F500F5F5F5F5F5F5F5F5F500F5F500F5F5F5F5F5F5F5
310
F5F5F5F5F5F5F5F5F5F5F5F5F500000000000000000000000000000000000000000000000000000000000000000000000000000000000000F500000000000000000000000000000000000000000000000000000000000000000000000000000000000000000000000000000000000000000000000000000000000000000000
310
0000000000000000000000000000000000000000000000000000F50000000000000000000000000000000000000000000000000000000000000000000000000000000000000000000000000000000000000000000000000000000000000000000000F5F5F5F500F5F5F5F5F5F5F5F5F500F5F500F5F5F5F5F5F5F5F5F5F500
310
F5F500F5F5F5F5F5F5F5F5F5F5F5F500000000000000000000000000000000000000000000000000000000000000000000000000000000000000F50000000000000000000000000000000000000000000000000000000000000000000000000000000000000000000000000000000000000000000000000000000000000000
310
00000000000000000000000000000000000000000000000000000000F5000000000000000000000000000000000000000000000000000000000000000000000000000000000000000000000000000000000000000000000000000000000000000000000000F500F5F5F5F5F500F5F5F5F5F5F5F500F5F5F5F5F5F5F5F50000
310
000000F5F5F5F5F5F5F5F5F5F5F5F5F5F500000000000000000000000000000000000000000000000000000000000000000000000000000000000000F5000000000000000000000000000000000000000000000000000000000000000000000000000000000000000000000000000000000000000000000000000000000000
310
000000000000000000000000000000000000000000000000000000000000F50000000000000000000000000000000000000000000000000000000000000000000000000000000000000000000000000000000000000000000000000000000000000000000000000000F5F5F5F5F5F50000F5F5F5F5F500F5F5F5F5F5F5F5F5
310
F5F5F5F5F5F5F5F500F5F50000F5F5F5F5F5F500000000000000000000000000000000000000000000000000000000000000000000000000000000000000F500000000000000000000000000000000000000000000000000000000000000000000000000000000000000000000000000000000000000000000000000000000
310
0000000000000000000000000000000000000000000000000000000000000000F500000000000000000000000000000000000000000000000000000000000000000000000000000000000000000000000000000000000000000000000000000000000000000000000000F5F5F5F5F5F5F5F500F500000000F500F5F5F5F5F5
310
F5F5F500F5F5F5F5F5F5F50000F50000F5F5F5F5F500000000000000000000000000000000000000000000000000000000000000000000000000000000000000F50000000000000000000000000000000000000000000000000000000000000000000000000000000000000000000000000000000000000000000000000000
310
00000000000000000000000000000000000000000000000000000000000000000000F50000000000000000000000000000000000000000000000000000000000000000000000000000000000000000000000000000000000000000000000000000000000000000000000000000F5F5F500F5F5F5F500F500F5F5F5F5F5F500
310
00F5F50000F500F5F5F5F500F500F5F5F5F5F5F5F5F50000000000000000000000000000000000000000000000000000000000000000000000000000000000000000F5000000000000000000000000000000000000000000000000000000000000000000000000000000000000000000000000000000000000000000000000
310
000000000000000000000000000000000000000000000000000000000000000000000000F500000000000000000000000000000000000000000000000000000000000000000000000000000000000000000000000000000000000000000000000000000000000000000000000000000000F5F500F5F5F5F500F500F5F5F5F5
310
00F50000F5F50000F500F5F5F5F500F5F5F5F5F5F5F5F5000000000000000000000000000000000000000000000000000000000000000000000000000000000000000000F500000000000000000000000000000000000000000000000000000000000000000000000000000000000000000000000000000000000000000000
310
0000000000000000000000000000000000000000000000000000000000000000000000000000F500000000000000000000000000000000000000000000000000000000000000000000000000000000000000000000000000000000000000000000000000000000000000000000000000000000F500F500F5F5000000F500F5
310
F5F500F5F500F5F5F5F500F5F5F5F5F5F5F5F5F5F5F5000000000000000000000000000000000000000000000000000000000000000000000000000000000000000000000000F50000000000000000000000000000000000000000000000000000000000000000000000000000000000000000000000000000000000000000
310
00000000000000000000000000000000000000000000000000000000000000000000000000000000F500000000000000000000000000000000000000000000000000000000000000000000000000000000000000000000000000000000000000000000000000000000000000000000000000000000F5F5F5F50000F5F500F5
310
0000F5F5F5F5F5F5F5F5F5F5F5F5F5F5F500000000000000000000000000000000000000000000000000000000000000000000000000000000000000000000000000000000000000F5000000000000000000000000000000000000000000000000000000000000000000000000000000000000000000000000000000000000
310
000000000000000000000000000000000000000000000000000000000000000000000000000000000000F50000000000000000000000000000000000000000000000000000000000000000000000000000000000000000000000000000000000000000000000000000000000000000000000000000000000F5F5F5F500F5F5
310
F5F5F500F5F5F5F5F5F5F5F5F500000000000000000000000000000000000000000000000000000000000000000000000000000000000000000000000000000000000000000000000000F500000000000000000000000000000000000000000000000000000000000000000000000000000000000000000000000000000000
310
0000000000000000000000000000000000000000000000000000000000000000000000000000000000000000F50000000000000000000000000000000000000000000000000000000000000000000000000000000000000000000000000000000000000000000000000000000000000000000000000000000000F5F5F5F500
310
F5F5F5F5F5F5F5F5F500000000000000000000000000000000000000000000000000000000000000000000000000000000000000000000000000000000000000000000000000000000000000F50000000000000000000000000000000000000000000000000000000000000000000000000000000000000000000000000000
310
00000000000000000000000000000000000000000000000000000000000000000000000000000000000000000000F5000000000000000000000000000000000000000000000000000000000000000000000000000000000000000000000000000000000000000000000000000000000000000000000000000000000000F5F5
310
00F5F5F5F500000000000000000000000000000000000000000000000000000000000000000000000000000000000000000000000000000000000000000000000000000000000000000000000000F5000000000000000000000000000000000000000000000000000000000000000000000000000000000000000000000000
310
000000000000000000000000000000000000000000000000000000000000000000000000000000000000000000000000F5000000000000000000000000000000000000000000000000000000000000000000000000000000000000000000000000000000000000000000000000000000000000000000000000000000000000
310
0000000000000000000000000000000000000000000000000000000000000000000000000000000000000000000000000000000000000000000000000000000000000000000000000000000000000000F500000000000000000000000000000000000000000000000000000000000000000000000000000000000000000000
310
0000000000000000000000000000000000000000000000000000000000000000000000000000000000000000000000000000F500000000000000000000000000000000000000000000000000000000000000000000000000000000000000000000000000000000000000000000000000000000000000000000000000000000
310
00000000000000000000000000000000000000000000000000000000000000000000000000000000000000000000000000000000000000000000000000000000000000000000000000000000000000000000F50000000000000000000000000000000000000000000000000000000000000000000000000000000000000000
310
00000000000000000000000000000000000000000000000000000000000000000000000000000000000000000000000000000000F50000000000000000000000000000000000000000000000000000000000000000000000000000000000000000000000000000000000000000000000000000000000000000000000000000
310
000000000000000000000000000000000000000000000000000000000000000000000000000000000000000000000000000000000000000000000000000000000000000000000000000000000000000000000000F5000000000000000000000000000000000000000000000000000000000000000000000000000000000000
310
000000000000000000000000000000000000000000000000000000000000000000000000000000000000000000000000000000000000F5000000000000000000000000000000000000000000000000000000000000000000000000000000000000000000000000000000000000000000000000000000000000000000000000
310
0000000000000000000000000000000000000000000000000000000000000000000000000000000000000000000000000000000000000000000000000000000000000000000000000000000000000000000000000000F500000000000000000000000000000000000000000000000000000000000000000000000000000000
310
0000000000000000000000000000000000000000000000000000000000000000000000000000000000000000000000000000000000000000F500000000000000000000000000000000000000000000000000000000000000000000000000000000000000000000000000000000000000000000000000000000000000000000
310
00000000000000000000000000000000000000000000000000000000000000000000000000000000000000000000000000000000000000000000000000000000000000000000000000000000000000000000000000000000F50000000000000000000000000000000000000000000000000000000000000000000000000000
310
00000000000000000000000000000000000000000000000000000000000000000000000000000000000000000000000000000000000000000000F50000000000000000000000000000000000000000000000000000000000000000000000000000000000000000000000000000000000000000000000000000000000000000
310
000000000000000000000000000000000000000000000000000000000000000000000000000000000000000000000000000000000000000000000000000000000000000000000000000000000000000000000000000000000000F5000000000000000000000000000000000000000000000000000000000000000000000000
310
000000000000000000000000000000000000000000000000000000000000000000000000000000000000000000000000000000000000000000000000F5000000000000000000000000000000000000000000000000000000000000000000000000000000000000000000000000000000000000000000000000000000000000
310
0000000000000000000000000000000000000000000000000000000000000000000000000000000000000000000000000000000000000000000000000000000000000000000000000000000000000000000000000000000000000000F500000000000000000000000000000000000000000000000000000000000000000000
310
0000000000000000000000000000000000000000000000000000000000000000000000000000000000000000000000000000000000000000000000000000F5F5F5F5F5F5F5F5F5F5F5F5F5F5F5F5F5F5F5F5F5F5F5F5F5F5F5F5F5F5F5F5F5F5F5F5F5F5F5F5F5F5F5F5F5F5F5F5F5F5F5F5F5F5F5F5F5F5F5F5F5F5F5F5F5
310
F5F5F5F5F5F5F5F5F5F5F5F5F5F5F5F5F5F5F5F5F5F5F5F5F5F5F5F5F5F5F5F5F5F5F5F5F5F5F5F5F5F5F5F5F5F5F5F5F5F5F5F5F5F5F5F5F5F5F5F5F5F5F5F5F5F5F5F5F5F5F5F5F5F5F5F5F5F5F5F5F5F5F5F5F5F5F5F5F5F5F5F5F5F5F50000000000000000000000000000000000000000000000000000000000000000
310
00000000000000000000000000000000000000000000000000000000000000000000000000000000000000000000000000000000000000000000000000000000000000000000000000000000000000000000000000000000000000000000000000000000000000000000000000000000000000000000000000000000000000
310
00000000000000000000000000000000000000000000000000000000000000000000000000000000000000000000000000000000000000000000000000000000000000000000000000000000000000000000000000000000000000000000000000000000000000000000000000000000000000000000000000000000000000
310
00000000000000000000000000000000000000000000000000000000000000000000000000000000000000000000000000000000000000000000000000000000000000000000000000000000000000000000000000000000000000000000000000000000000000000000000000000000000000000000000000000000000000
310
00000000000000000000000000000000000000000000000000000000000000000000000000000000000000000000000000000000000000000000000000000000000000000000000000000000000000000000000000000000000000000000000000000000000000000000000000000000000000000000000000000000000000
310
000000000000000000000000000000000000000000000000000000000000
  0
XRECORD
  5
26BFC
102
{ACAD_REACTORS
330
7E76
102
}
330
7E76
100
AcDbXrecord
280
     1
102
ACAD_ROUNDTRIP_2012_MLEADER_STYLE
298
     1
  0
CELLSTYLEMAP
  5
26BFD
102
{ACAD_REACTORS
330
7E79
102
}
330
7E79
100
AcDbCellStyleMap
 90
        3
300
CELLSTYLE
  1
TABLEFORMAT_BEGIN
 90
        5
170
     1
 91
        0
 92
    32768
 62
   257
 93
        1
300
CONTENTFORMAT
  1
CONTENTFORMAT_BEGIN
 90
        0
 91
        0
 92
      512
 93
        0
300

 40
0.0
140
1.0
 94
        5
 62
     0
340
17
144
6.0
309
CONTENTFORMAT_END
171
     1
301
MARGIN
  1
CELLMARGIN_BEGIN
 40
1.5
 40
1.5
 40
1.5
 40
1.5
 40
0.18
 40
0.18
309
CELLMARGIN_END
 94
        6
 95
        1
302
GRIDFORMAT
  1
GRIDFORMAT_BEGIN
 90
        0
 91
        1
 62
     0
 92
       -2
340
0
 93
        0
 40
1.125
309
GRIDFORMAT_END
 95
        2
302
GRIDFORMAT
  1
GRIDFORMAT_BEGIN
 90
        0
 91
        1
 62
     0
 92
       -2
340
0
 93
        0
 40
1.125
309
GRIDFORMAT_END
 95
        4
302
GRIDFORMAT
  1
GRIDFORMAT_BEGIN
 90
        0
 91
        1
 62
     0
 92
       -2
340
0
 93
        0
 40
1.125
309
GRIDFORMAT_END
 95
        8
302
GRIDFORMAT
  1
GRIDFORMAT_BEGIN
 90
        0
 91
        1
 62
     0
 92
       -2
340
0
 93
        0
 40
1.125
309
GRIDFORMAT_END
 95
       16
302
GRIDFORMAT
  1
GRIDFORMAT_BEGIN
 90
        0
 91
        1
 62
     0
 92
       -2
340
0
 93
        0
 40
1.125
309
GRIDFORMAT_END
 95
       32
302
GRIDFORMAT
  1
GRIDFORMAT_BEGIN
 90
        0
 91
        1
 62
     0
 92
       -2
340
0
 93
        0
 40
1.125
309
GRIDFORMAT_END
309
TABLEFORMAT_END
  1
CELLSTYLE_BEGIN
 90
        1
 91
        1
300
_TITLE
309
CELLSTYLE_END
300
CELLSTYLE
  1
TABLEFORMAT_BEGIN
 90
        5
170
     1
 91
        0
 92
        0
 62
   257
 93
        1
300
CONTENTFORMAT
  1
CONTENTFORMAT_BEGIN
 90
        0
 91
        0
 92
      512
 93
        0
300

 40
0.0
140
1.0
 94
        5
 62
     0
340
17
144
4.5
309
CONTENTFORMAT_END
171
     1
301
MARGIN
  1
CELLMARGIN_BEGIN
 40
1.5
 40
1.5
 40
1.5
 40
1.5
 40
0.18
 40
0.18
309
CELLMARGIN_END
 94
        6
 95
        1
302
GRIDFORMAT
  1
GRIDFORMAT_BEGIN
 90
        0
 91
        1
 62
     0
 92
       -2
340
0
 93
        0
 40
1.125
309
GRIDFORMAT_END
 95
        2
302
GRIDFORMAT
  1
GRIDFORMAT_BEGIN
 90
        0
 91
        1
 62
     0
 92
       -2
340
0
 93
        0
 40
1.125
309
GRIDFORMAT_END
 95
        4
302
GRIDFORMAT
  1
GRIDFORMAT_BEGIN
 90
        0
 91
        1
 62
     0
 92
       -2
340
0
 93
        0
 40
1.125
309
GRIDFORMAT_END
 95
        8
302
GRIDFORMAT
  1
GRIDFORMAT_BEGIN
 90
        0
 91
        1
 62
     0
 92
       -2
340
0
 93
        0
 40
1.125
309
GRIDFORMAT_END
 95
       16
302
GRIDFORMAT
  1
GRIDFORMAT_BEGIN
 90
        0
 91
        1
 62
     0
 92
       -2
340
0
 93
        0
 40
1.125
309
GRIDFORMAT_END
 95
       32
302
GRIDFORMAT
  1
GRIDFORMAT_BEGIN
 90
        0
 91
        1
 62
     0
 92
       -2
340
0
 93
        0
 40
1.125
309
GRIDFORMAT_END
309
TABLEFORMAT_END
  1
CELLSTYLE_BEGIN
 90
        2
 91
        1
300
_HEADER
309
CELLSTYLE_END
300
CELLSTYLE
  1
TABLEFORMAT_BEGIN
 90
        5
170
     1
 91
        0
 92
        0
 62
   257
 93
        1
300
CONTENTFORMAT
  1
CONTENTFORMAT_BEGIN
 90
        0
 91
        0
 92
      512
 93
        0
300

 40
0.0
140
1.0
 94
        2
 62
     0
340
17
144
4.5
309
CONTENTFORMAT_END
171
     1
301
MARGIN
  1
CELLMARGIN_BEGIN
 40
1.5
 40
1.5
 40
1.5
 40
1.5
 40
0.18
 40
0.18
309
CELLMARGIN_END
 94
        6
 95
        1
302
GRIDFORMAT
  1
GRIDFORMAT_BEGIN
 90
        0
 91
        1
 62
     0
 92
       -2
340
0
 93
        0
 40
1.125
309
GRIDFORMAT_END
 95
        2
302
GRIDFORMAT
  1
GRIDFORMAT_BEGIN
 90
        0
 91
        1
 62
     0
 92
       -2
340
0
 93
        0
 40
1.125
309
GRIDFORMAT_END
 95
        4
302
GRIDFORMAT
  1
GRIDFORMAT_BEGIN
 90
        0
 91
        1
 62
     0
 92
       -2
340
0
 93
        0
 40
1.125
309
GRIDFORMAT_END
 95
        8
302
GRIDFORMAT
  1
GRIDFORMAT_BEGIN
 90
        0
 91
        1
 62
     0
 92
       -2
340
0
 93
        0
 40
1.125
309
GRIDFORMAT_END
 95
       16
302
GRIDFORMAT
  1
GRIDFORMAT_BEGIN
 90
        0
 91
        1
 62
     0
 92
       -2
340
0
 93
        0
 40
1.125
309
GRIDFORMAT_END
 95
       32
302
GRIDFORMAT
  1
GRIDFORMAT_BEGIN
 90
        0
 91
        1
 62
     0
 92
       -2
340
0
 93
        0
 40
1.125
309
GRIDFORMAT_END
309
TABLEFORMAT_END
  1
CELLSTYLE_BEGIN
 90
        3
 91
        2
300
_DATA
309
CELLSTYLE_END
  0
XRECORD
  5
26BFE
102
{ACAD_REACTORS
330
7E7B
102
}
330
7E7B
100
AcDbXrecord
280
     1
102
RTVSPost2010Prop28
280
     1
102
RTVSPost2010PropOp28
 70
     1
102
RTVSPost2010Prop29
280
     1
102
RTVSPost2010PropOp29
 70
     1
102
RTVSPost2010Prop30
280
     0
102
RTVSPost2010PropOp30
 70
     1
102
RTVSPost2010Prop31
280
     0
102
RTVSPost2010PropOp31
 70
     1
102
RTVSPost2010Prop32
280
     0
102
RTVSPost2010PropOp32
 70
     1
102
RTVSPost2010Prop33
280
     0
102
RTVSPost2010PropOp33
 70
     1
102
RTVSPost2010Prop34
280
     0
102
RTVSPost2010PropOp34
 70
     1
102
RTVSPost2010Prop35
280
     0
102
RTVSPost2010PropOp35
 70
     1
102
RTVSPost2010Prop36
280
     0
102
RTVSPost2010PropOp36
 70
     1
102
RTVSPost2010Prop37
 90
       50
102
RTVSPost2010PropOp37
 70
     1
102
RTVSPost2010Prop38
140
0.0
102
RTVSPost2010PropOp38
 70
     1
102
RTVSPost2010Prop39
140
1.0
102
RTVSPost2010PropOp39
 70
     1
102
RTVSPost2010Prop40
 90
        0
102
RTVSPost2010PropOp40
 70
     1
102
RTVSPost2010Prop41ColorIndex
 90
       18
102
RTVSPost2010Prop41ColorRGB
 90
        0
102
RTVSPost2010PropOp41
 70
     1
102
RTVSPost2010Prop42
 90
       50
102
RTVSPost2010PropOp42
 70
     1
102
RTVSPost2010Prop43
 90
        3
102
RTVSPost2010PropOp43
 70
     1
102
RTVSPost2010Prop44ColorIndex
 90
        5
102
RTVSPost2010Prop44ColorRGB
 90
      255
102
RTVSPost2010PropOp44
 70
     1
102
RTVSPost2010Prop45
280
     0
102
RTVSPost2010PropOp45
 70
     1
102
RTVSPost2010Prop46
 90
       50
102
RTVSPost2010PropOp46
 70
     1
102
RTVSPost2010Prop47
 90
       50
102
RTVSPost2010PropOp47
 70
     1
102
RTVSPost2010Prop48
 90
       50
102
RTVSPost2010PropOp48
 70
     1
102
RTVSPost2010Prop49
280
     0
102
RTVSPost2010PropOp49
 70
     1
102
RTVSPost2010Prop50
 90
       50
102
RTVSPost2010PropOp50
 70
     1
102
RTVSPost2010Prop51ColorIndex
 90
      256
102
RTVSPost2010Prop51ColorRGB
 90
-16777216
102
RTVSPost2010PropOp51
 70
     0
102
RTVSPost2010Prop52
140
1.0
102
RTVSPost2010PropOp52
 70
     0
102
RTVSPost2010Prop53
 90
        2
102
RTVSPost2010PropOp53
 70
     1
102
RTVSPost2010Prop54
  1
strokes_ogs.tif
102
RTVSPost2010PropOp54
 70
     1
102
RTVSPost2010Prop55
280
     0
102
RTVSPost2010PropOp55
 70
     1
102
RTVSPost2010Prop56
140
1.0
102
RTVSPost2010PropOp56
 70
     1
102
RTVSPost2010Prop57
140
1.0
102
RTVSPost2010PropOp57
 70
     1
  0
XRECORD
  5
26BFF
102
{ACAD_REACTORS
330
7E7D
102
}
330
7E7D
100
AcDbXrecord
280
     1
102
RTVSPost2010Prop28
280
     0
102
RTVSPost2010PropOp28
 70
     1
102
RTVSPost2010Prop29
280
     1
102
RTVSPost2010PropOp29
 70
     1
102
RTVSPost2010Prop30
280
     1
102
RTVSPost2010PropOp30
 70
     1
102
RTVSPost2010Prop31
280
     0
102
RTVSPost2010PropOp31
 70
     1
102
RTVSPost2010Prop32
280
     0
102
RTVSPost2010PropOp32
 70
     1
102
RTVSPost2010Prop33
280
     0
102
RTVSPost2010PropOp33
 70
     1
102
RTVSPost2010Prop34
280
     0
102
RTVSPost2010PropOp34
 70
     1
102
RTVSPost2010Prop35
280
     0
102
RTVSPost2010PropOp35
 70
     1
102
RTVSPost2010Prop36
280
     0
102
RTVSPost2010PropOp36
 70
     1
102
RTVSPost2010Prop37
 90
       50
102
RTVSPost2010PropOp37
 70
     1
102
RTVSPost2010Prop38
140
0.0
102
RTVSPost2010PropOp38
 70
     1
102
RTVSPost2010Prop39
140
1.0
102
RTVSPost2010PropOp39
 70
     1
102
RTVSPost2010Prop40
 90
        0
102
RTVSPost2010PropOp40
 70
     1
102
RTVSPost2010Prop41ColorIndex
 90
       18
102
RTVSPost2010Prop41ColorRGB
 90
        0
102
RTVSPost2010PropOp41
 70
     1
102
RTVSPost2010Prop42
 90
       50
102
RTVSPost2010PropOp42
 70
     1
102
RTVSPost2010Prop43
 90
        3
102
RTVSPost2010PropOp43
 70
     1
102
RTVSPost2010Prop44ColorIndex
 90
        5
102
RTVSPost2010Prop44ColorRGB
 90
      255
102
RTVSPost2010PropOp44
 70
     1
102
RTVSPost2010Prop45
280
     0
102
RTVSPost2010PropOp45
 70
     1
102
RTVSPost2010Prop46
 90
       50
102
RTVSPost2010PropOp46
 70
     1
102
RTVSPost2010Prop47
 90
       50
102
RTVSPost2010PropOp47
 70
     1
102
RTVSPost2010Prop48
 90
       50
102
RTVSPost2010PropOp48
 70
     1
102
RTVSPost2010Prop49
280
     0
102
RTVSPost2010PropOp49
 70
     1
102
RTVSPost2010Prop50
 90
       50
102
RTVSPost2010PropOp50
 70
     1
102
RTVSPost2010Prop51ColorIndex
 90
      256
102
RTVSPost2010Prop51ColorRGB
 90
-16777216
102
RTVSPost2010PropOp51
 70
     0
102
RTVSPost2010Prop52
140
1.0
102
RTVSPost2010PropOp52
 70
     0
102
RTVSPost2010Prop53
 90
        2
102
RTVSPost2010PropOp53
 70
     1
102
RTVSPost2010Prop54
  1
strokes_ogs.tif
102
RTVSPost2010PropOp54
 70
     1
102
RTVSPost2010Prop55
280
     0
102
RTVSPost2010PropOp55
 70
     1
102
RTVSPost2010Prop56
140
1.0
102
RTVSPost2010PropOp56
 70
     1
102
RTVSPost2010Prop57
140
1.0
102
RTVSPost2010PropOp57
 70
     1
  0
XRECORD
  5
26C00
102
{ACAD_REACTORS
330
7E7F
102
}
330
7E7F
100
AcDbXrecord
280
     1
102
RTVSPost2010Prop28
280
     0
102
RTVSPost2010PropOp28
 70
     1
102
RTVSPost2010Prop29
280
     1
102
RTVSPost2010PropOp29
 70
     1
102
RTVSPost2010Prop30
280
     1
102
RTVSPost2010PropOp30
 70
     1
102
RTVSPost2010Prop31
280
     0
102
RTVSPost2010PropOp31
 70
     1
102
RTVSPost2010Prop32
280
     0
102
RTVSPost2010PropOp32
 70
     1
102
RTVSPost2010Prop33
280
     0
102
RTVSPost2010PropOp33
 70
     1
102
RTVSPost2010Prop34
280
     0
102
RTVSPost2010PropOp34
 70
     1
102
RTVSPost2010Prop35
280
     0
102
RTVSPost2010PropOp35
 70
     1
102
RTVSPost2010Prop36
280
     0
102
RTVSPost2010PropOp36
 70
     1
102
RTVSPost2010Prop37
 90
       50
102
RTVSPost2010PropOp37
 70
     1
102
RTVSPost2010Prop38
140
0.0
102
RTVSPost2010PropOp38
 70
     1
102
RTVSPost2010Prop39
140
1.0
102
RTVSPost2010PropOp39
 70
     1
102
RTVSPost2010Prop40
 90
        0
102
RTVSPost2010PropOp40
 70
     1
102
RTVSPost2010Prop41ColorIndex
 90
       18
102
RTVSPost2010Prop41ColorRGB
 90
        0
102
RTVSPost2010PropOp41
 70
     1
102
RTVSPost2010Prop42
 90
       50
102
RTVSPost2010PropOp42
 70
     1
102
RTVSPost2010Prop43
 90
        3
102
RTVSPost2010PropOp43
 70
     1
102
RTVSPost2010Prop44ColorIndex
 90
        5
102
RTVSPost2010Prop44ColorRGB
 90
      255
102
RTVSPost2010PropOp44
 70
     1
102
RTVSPost2010Prop45
280
     0
102
RTVSPost2010PropOp45
 70
     1
102
RTVSPost2010Prop46
 90
       50
102
RTVSPost2010PropOp46
 70
     1
102
RTVSPost2010Prop47
 90
       50
102
RTVSPost2010PropOp47
 70
     1
102
RTVSPost2010Prop48
 90
       50
102
RTVSPost2010PropOp48
 70
     1
102
RTVSPost2010Prop49
280
     0
102
RTVSPost2010PropOp49
 70
     1
102
RTVSPost2010Prop50
 90
       50
102
RTVSPost2010PropOp50
 70
     1
102
RTVSPost2010Prop51ColorIndex
 90
      256
102
RTVSPost2010Prop51ColorRGB
 90
-16777216
102
RTVSPost2010PropOp51
 70
     0
102
RTVSPost2010Prop52
140
1.0
102
RTVSPost2010PropOp52
 70
     0
102
RTVSPost2010Prop53
 90
        2
102
RTVSPost2010PropOp53
 70
     1
102
RTVSPost2010Prop54
  1
strokes_ogs.tif
102
RTVSPost2010PropOp54
 70
     1
102
RTVSPost2010Prop55
280
     0
102
RTVSPost2010PropOp55
 70
     1
102
RTVSPost2010Prop56
140
1.0
102
RTVSPost2010PropOp56
 70
     1
102
RTVSPost2010Prop57
140
1.0
102
RTVSPost2010PropOp57
 70
     1
  0
XRECORD
  5
26C01
102
{ACAD_REACTORS
330
7E81
102
}
330
7E81
100
AcDbXrecord
280
     1
102
RTVSPost2010Prop28
280
     0
102
RTVSPost2010PropOp28
 70
     1
102
RTVSPost2010Prop29
280
     1
102
RTVSPost2010PropOp29
 70
     1
102
RTVSPost2010Prop30
280
     1
102
RTVSPost2010PropOp30
 70
     1
102
RTVSPost2010Prop31
280
     0
102
RTVSPost2010PropOp31
 70
     1
102
RTVSPost2010Prop32
280
     0
102
RTVSPost2010PropOp32
 70
     1
102
RTVSPost2010Prop33
280
     0
102
RTVSPost2010PropOp33
 70
     1
102
RTVSPost2010Prop34
280
     0
102
RTVSPost2010PropOp34
 70
     1
102
RTVSPost2010Prop35
280
     0
102
RTVSPost2010PropOp35
 70
     1
102
RTVSPost2010Prop36
280
     0
102
RTVSPost2010PropOp36
 70
     1
102
RTVSPost2010Prop37
 90
       50
102
RTVSPost2010PropOp37
 70
     1
102
RTVSPost2010Prop38
140
0.0
102
RTVSPost2010PropOp38
 70
     1
102
RTVSPost2010Prop39
140
1.0
102
RTVSPost2010PropOp39
 70
     1
102
RTVSPost2010Prop40
 90
        0
102
RTVSPost2010PropOp40
 70
     1
102
RTVSPost2010Prop41ColorIndex
 90
       18
102
RTVSPost2010Prop41ColorRGB
 90
        0
102
RTVSPost2010PropOp41
 70
     1
102
RTVSPost2010Prop42
 90
       50
102
RTVSPost2010PropOp42
 70
     1
102
RTVSPost2010Prop43
 90
        3
102
RTVSPost2010PropOp43
 70
     1
102
RTVSPost2010Prop44ColorIndex
 90
        5
102
RTVSPost2010Prop44ColorRGB
 90
      255
102
RTVSPost2010PropOp44
 70
     1
102
RTVSPost2010Prop45
280
     0
102
RTVSPost2010PropOp45
 70
     1
102
RTVSPost2010Prop46
 90
       50
102
RTVSPost2010PropOp46
 70
     1
102
RTVSPost2010Prop47
 90
       50
102
RTVSPost2010PropOp47
 70
     1
102
RTVSPost2010Prop48
 90
       50
102
RTVSPost2010PropOp48
 70
     1
102
RTVSPost2010Prop49
280
     0
102
RTVSPost2010PropOp49
 70
     1
102
RTVSPost2010Prop50
 90
       50
102
RTVSPost2010PropOp50
 70
     1
102
RTVSPost2010Prop51ColorIndex
 90
      256
102
RTVSPost2010Prop51ColorRGB
 90
-16777216
102
RTVSPost2010PropOp51
 70
     0
102
RTVSPost2010Prop52
140
1.0
102
RTVSPost2010PropOp52
 70
     0
102
RTVSPost2010Prop53
 90
        2
102
RTVSPost2010PropOp53
 70
     1
102
RTVSPost2010Prop54
  1
strokes_ogs.tif
102
RTVSPost2010PropOp54
 70
     1
102
RTVSPost2010Prop55
280
     0
102
RTVSPost2010PropOp55
 70
     1
102
RTVSPost2010Prop56
140
1.0
102
RTVSPost2010PropOp56
 70
     1
102
RTVSPost2010Prop57
140
1.0
102
RTVSPost2010PropOp57
 70
     1
  0
XRECORD
  5
26C02
102
{ACAD_REACTORS
330
7E83
102
}
330
7E83
100
AcDbXrecord
280
     1
102
RTVSPost2010Prop28
280
     0
102
RTVSPost2010PropOp28
 70
     1
102
RTVSPost2010Prop29
280
     1
102
RTVSPost2010PropOp29
 70
     1
102
RTVSPost2010Prop30
280
     1
102
RTVSPost2010PropOp30
 70
     1
102
RTVSPost2010Prop31
280
     0
102
RTVSPost2010PropOp31
 70
     1
102
RTVSPost2010Prop32
280
     0
102
RTVSPost2010PropOp32
 70
     1
102
RTVSPost2010Prop33
280
     0
102
RTVSPost2010PropOp33
 70
     1
102
RTVSPost2010Prop34
280
     0
102
RTVSPost2010PropOp34
 70
     1
102
RTVSPost2010Prop35
280
     0
102
RTVSPost2010PropOp35
 70
     1
102
RTVSPost2010Prop36
280
     0
102
RTVSPost2010PropOp36
 70
     1
102
RTVSPost2010Prop37
 90
       50
102
RTVSPost2010PropOp37
 70
     1
102
RTVSPost2010Prop38
140
0.0
102
RTVSPost2010PropOp38
 70
     1
102
RTVSPost2010Prop39
140
1.0
102
RTVSPost2010PropOp39
 70
     1
102
RTVSPost2010Prop40
 90
        0
102
RTVSPost2010PropOp40
 70
     1
102
RTVSPost2010Prop41ColorIndex
 90
       18
102
RTVSPost2010Prop41ColorRGB
 90
        0
102
RTVSPost2010PropOp41
 70
     1
102
RTVSPost2010Prop42
 90
       50
102
RTVSPost2010PropOp42
 70
     1
102
RTVSPost2010Prop43
 90
        3
102
RTVSPost2010PropOp43
 70
     1
102
RTVSPost2010Prop44ColorIndex
 90
        5
102
RTVSPost2010Prop44ColorRGB
 90
      255
102
RTVSPost2010PropOp44
 70
     1
102
RTVSPost2010Prop45
280
     0
102
RTVSPost2010PropOp45
 70
     1
102
RTVSPost2010Prop46
 90
       50
102
RTVSPost2010PropOp46
 70
     1
102
RTVSPost2010Prop47
 90
       50
102
RTVSPost2010PropOp47
 70
     1
102
RTVSPost2010Prop48
 90
       50
102
RTVSPost2010PropOp48
 70
     1
102
RTVSPost2010Prop49
280
     0
102
RTVSPost2010PropOp49
 70
     1
102
RTVSPost2010Prop50
 90
       50
102
RTVSPost2010PropOp50
 70
     1
102
RTVSPost2010Prop51ColorIndex
 90
      256
102
RTVSPost2010Prop51ColorRGB
 90
-16777216
102
RTVSPost2010PropOp51
 70
     0
102
RTVSPost2010Prop52
140
1.0
102
RTVSPost2010PropOp52
 70
     0
102
RTVSPost2010Prop53
 90
        2
102
RTVSPost2010PropOp53
 70
     1
102
RTVSPost2010Prop54
  1
strokes_ogs.tif
102
RTVSPost2010PropOp54
 70
     1
102
RTVSPost2010Prop55
280
     0
102
RTVSPost2010PropOp55
 70
     1
102
RTVSPost2010Prop56
140
1.0
102
RTVSPost2010PropOp56
 70
     1
102
RTVSPost2010Prop57
140
1.0
102
RTVSPost2010PropOp57
 70
     1
  0
XRECORD
  5
26C03
102
{ACAD_REACTORS
330
7E85
102
}
330
7E85
100
AcDbXrecord
280
     1
102
RTVSPost2010Prop28
280
     0
102
RTVSPost2010PropOp28
 70
     1
102
RTVSPost2010Prop29
280
     1
102
RTVSPost2010PropOp29
 70
     1
102
RTVSPost2010Prop30
280
     1
102
RTVSPost2010PropOp30
 70
     1
102
RTVSPost2010Prop31
280
     0
102
RTVSPost2010PropOp31
 70
     1
102
RTVSPost2010Prop32
280
     0
102
RTVSPost2010PropOp32
 70
     1
102
RTVSPost2010Prop33
280
     0
102
RTVSPost2010PropOp33
 70
     1
102
RTVSPost2010Prop34
280
     0
102
RTVSPost2010PropOp34
 70
     1
102
RTVSPost2010Prop35
280
     0
102
RTVSPost2010PropOp35
 70
     1
102
RTVSPost2010Prop36
280
     0
102
RTVSPost2010PropOp36
 70
     1
102
RTVSPost2010Prop37
 90
       50
102
RTVSPost2010PropOp37
 70
     1
102
RTVSPost2010Prop38
140
0.0
102
RTVSPost2010PropOp38
 70
     1
102
RTVSPost2010Prop39
140
1.0
102
RTVSPost2010PropOp39
 70
     1
102
RTVSPost2010Prop40
 90
        0
102
RTVSPost2010PropOp40
 70
     1
102
RTVSPost2010Prop41ColorIndex
 90
       18
102
RTVSPost2010Prop41ColorRGB
 90
        0
102
RTVSPost2010PropOp41
 70
     1
102
RTVSPost2010Prop42
 90
       50
102
RTVSPost2010PropOp42
 70
     1
102
RTVSPost2010Prop43
 90
        3
102
RTVSPost2010PropOp43
 70
     1
102
RTVSPost2010Prop44ColorIndex
 90
        5
102
RTVSPost2010Prop44ColorRGB
 90
      255
102
RTVSPost2010PropOp44
 70
     1
102
RTVSPost2010Prop45
280
     0
102
RTVSPost2010PropOp45
 70
     1
102
RTVSPost2010Prop46
 90
       50
102
RTVSPost2010PropOp46
 70
     1
102
RTVSPost2010Prop47
 90
       50
102
RTVSPost2010PropOp47
 70
     1
102
RTVSPost2010Prop48
 90
       50
102
RTVSPost2010PropOp48
 70
     1
102
RTVSPost2010Prop49
280
     0
102
RTVSPost2010PropOp49
 70
     1
102
RTVSPost2010Prop50
 90
       50
102
RTVSPost2010PropOp50
 70
     1
102
RTVSPost2010Prop51ColorIndex
 90
      256
102
RTVSPost2010Prop51ColorRGB
 90
-16777216
102
RTVSPost2010PropOp51
 70
     0
102
RTVSPost2010Prop52
140
1.0
102
RTVSPost2010PropOp52
 70
     0
102
RTVSPost2010Prop53
 90
        2
102
RTVSPost2010PropOp53
 70
     1
102
RTVSPost2010Prop54
  1
strokes_ogs.tif
102
RTVSPost2010PropOp54
 70
     1
102
RTVSPost2010Prop55
280
     0
102
RTVSPost2010PropOp55
 70
     1
102
RTVSPost2010Prop56
140
1.0
102
RTVSPost2010PropOp56
 70
     1
102
RTVSPost2010Prop57
140
1.0
102
RTVSPost2010PropOp57
 70
     1
  0
XRECORD
  5
26C04
102
{ACAD_REACTORS
330
7E87
102
}
330
7E87
100
AcDbXrecord
280
     1
102
RTVSPost2010Prop28
280
     0
102
RTVSPost2010PropOp28
 70
     0
102
RTVSPost2010Prop29
280
     1
102
RTVSPost2010PropOp29
 70
     0
102
RTVSPost2010Prop30
280
     1
102
RTVSPost2010PropOp30
 70
     0
102
RTVSPost2010Prop31
280
     0
102
RTVSPost2010PropOp31
 70
     0
102
RTVSPost2010Prop32
280
     0
102
RTVSPost2010PropOp32
 70
     0
102
RTVSPost2010Prop33
280
     0
102
RTVSPost2010PropOp33
 70
     0
102
RTVSPost2010Prop34
280
     0
102
RTVSPost2010PropOp34
 70
     0
102
RTVSPost2010Prop35
280
     0
102
RTVSPost2010PropOp35
 70
     0
102
RTVSPost2010Prop36
280
     0
102
RTVSPost2010PropOp36
 70
     0
102
RTVSPost2010Prop37
 90
       50
102
RTVSPost2010PropOp37
 70
     0
102
RTVSPost2010Prop38
140
0.0
102
RTVSPost2010PropOp38
 70
     0
102
RTVSPost2010Prop39
140
1.0
102
RTVSPost2010PropOp39
 70
     0
102
RTVSPost2010Prop40
 90
        0
102
RTVSPost2010PropOp40
 70
     0
102
RTVSPost2010Prop41ColorIndex
 90
       18
102
RTVSPost2010Prop41ColorRGB
 90
        0
102
RTVSPost2010PropOp41
 70
     0
102
RTVSPost2010Prop42
 90
       50
102
RTVSPost2010PropOp42
 70
     0
102
RTVSPost2010Prop43
 90
        3
102
RTVSPost2010PropOp43
 70
     0
102
RTVSPost2010Prop44ColorIndex
 90
        5
102
RTVSPost2010Prop44ColorRGB
 90
      255
102
RTVSPost2010PropOp44
 70
     0
102
RTVSPost2010Prop45
280
     0
102
RTVSPost2010PropOp45
 70
     0
102
RTVSPost2010Prop46
 90
       50
102
RTVSPost2010PropOp46
 70
     0
102
RTVSPost2010Prop47
 90
       50
102
RTVSPost2010PropOp47
 70
     0
102
RTVSPost2010Prop48
 90
       50
102
RTVSPost2010PropOp48
 70
     0
102
RTVSPost2010Prop49
280
     0
102
RTVSPost2010PropOp49
 70
     0
102
RTVSPost2010Prop50
 90
       50
102
RTVSPost2010PropOp50
 70
     0
102
RTVSPost2010Prop51ColorIndex
 90
      256
102
RTVSPost2010Prop51ColorRGB
 90
-16777216
102
RTVSPost2010PropOp51
 70
     0
102
RTVSPost2010Prop52
140
1.0
102
RTVSPost2010PropOp52
 70
     0
102
RTVSPost2010Prop53
 90
        2
102
RTVSPost2010PropOp53
 70
     0
102
RTVSPost2010Prop54
  1
strokes_ogs.tif
102
RTVSPost2010PropOp54
 70
     0
102
RTVSPost2010Prop55
280
     0
102
RTVSPost2010PropOp55
 70
     0
102
RTVSPost2010Prop56
140
1.0
102
RTVSPost2010PropOp56
 70
     0
102
RTVSPost2010Prop57
140
1.0
102
RTVSPost2010PropOp57
 70
     0
  0
XRECORD
  5
26C05
102
{ACAD_REACTORS
330
7E89
102
}
330
7E89
100
AcDbXrecord
280
     1
102
RTVSPost2010Prop28
280
     0
102
RTVSPost2010PropOp28
 70
     1
102
RTVSPost2010Prop29
280
     1
102
RTVSPost2010PropOp29
 70
     1
102
RTVSPost2010Prop30
280
     1
102
RTVSPost2010PropOp30
 70
     1
102
RTVSPost2010Prop31
280
     0
102
RTVSPost2010PropOp31
 70
     1
102
RTVSPost2010Prop32
280
     0
102
RTVSPost2010PropOp32
 70
     1
102
RTVSPost2010Prop33
280
     0
102
RTVSPost2010PropOp33
 70
     1
102
RTVSPost2010Prop34
280
     0
102
RTVSPost2010PropOp34
 70
     1
102
RTVSPost2010Prop35
280
     0
102
RTVSPost2010PropOp35
 70
     1
102
RTVSPost2010Prop36
280
     0
102
RTVSPost2010PropOp36
 70
     1
102
RTVSPost2010Prop37
 90
       50
102
RTVSPost2010PropOp37
 70
     1
102
RTVSPost2010Prop38
140
0.0
102
RTVSPost2010PropOp38
 70
     1
102
RTVSPost2010Prop39
140
1.0
102
RTVSPost2010PropOp39
 70
     1
102
RTVSPost2010Prop40
 90
        0
102
RTVSPost2010PropOp40
 70
     1
102
RTVSPost2010Prop41ColorIndex
 90
       18
102
RTVSPost2010Prop41ColorRGB
 90
        0
102
RTVSPost2010PropOp41
 70
     1
102
RTVSPost2010Prop42
 90
       50
102
RTVSPost2010PropOp42
 70
     1
102
RTVSPost2010Prop43
 90
        3
102
RTVSPost2010PropOp43
 70
     1
102
RTVSPost2010Prop44ColorIndex
 90
        5
102
RTVSPost2010Prop44ColorRGB
 90
      255
102
RTVSPost2010PropOp44
 70
     1
102
RTVSPost2010Prop45
280
     0
102
RTVSPost2010PropOp45
 70
     1
102
RTVSPost2010Prop46
 90
       50
102
RTVSPost2010PropOp46
 70
     1
102
RTVSPost2010Prop47
 90
       50
102
RTVSPost2010PropOp47
 70
     1
102
RTVSPost2010Prop48
 90
       50
102
RTVSPost2010PropOp48
 70
     1
102
RTVSPost2010Prop49
280
     0
102
RTVSPost2010PropOp49
 70
     1
102
RTVSPost2010Prop50
 90
       50
102
RTVSPost2010PropOp50
 70
     1
102
RTVSPost2010Prop51ColorIndex
 90
      256
102
RTVSPost2010Prop51ColorRGB
 90
-16777216
102
RTVSPost2010PropOp51
 70
     0
102
RTVSPost2010Prop52
140
1.0
102
RTVSPost2010PropOp52
 70
     0
102
RTVSPost2010Prop53
 90
        2
102
RTVSPost2010PropOp53
 70
     1
102
RTVSPost2010Prop54
  1
strokes_ogs.tif
102
RTVSPost2010PropOp54
 70
     1
102
RTVSPost2010Prop55
280
     0
102
RTVSPost2010PropOp55
 70
     1
102
RTVSPost2010Prop56
140
1.0
102
RTVSPost2010PropOp56
 70
     1
102
RTVSPost2010Prop57
140
1.0
102
RTVSPost2010PropOp57
 70
     1
  0
XRECORD
  5
26C06
102
{ACAD_REACTORS
330
7E8B
102
}
330
7E8B
100
AcDbXrecord
280
     1
102
RTVSPost2010Prop28
280
     0
102
RTVSPost2010PropOp28
 70
     1
102
RTVSPost2010Prop29
280
     1
102
RTVSPost2010PropOp29
 70
     1
102
RTVSPost2010Prop30
280
     1
102
RTVSPost2010PropOp30
 70
     1
102
RTVSPost2010Prop31
280
     0
102
RTVSPost2010PropOp31
 70
     1
102
RTVSPost2010Prop32
280
     0
102
RTVSPost2010PropOp32
 70
     1
102
RTVSPost2010Prop33
280
     0
102
RTVSPost2010PropOp33
 70
     1
102
RTVSPost2010Prop34
280
     0
102
RTVSPost2010PropOp34
 70
     1
102
RTVSPost2010Prop35
280
     0
102
RTVSPost2010PropOp35
 70
     1
102
RTVSPost2010Prop36
280
     0
102
RTVSPost2010PropOp36
 70
     1
102
RTVSPost2010Prop37
 90
       50
102
RTVSPost2010PropOp37
 70
     1
102
RTVSPost2010Prop38
140
0.0
102
RTVSPost2010PropOp38
 70
     1
102
RTVSPost2010Prop39
140
1.0
102
RTVSPost2010PropOp39
 70
     1
102
RTVSPost2010Prop40
 90
        0
102
RTVSPost2010PropOp40
 70
     1
102
RTVSPost2010Prop41ColorIndex
 90
       18
102
RTVSPost2010Prop41ColorRGB
 90
        0
102
RTVSPost2010PropOp41
 70
     1
102
RTVSPost2010Prop42
 90
       50
102
RTVSPost2010PropOp42
 70
     1
102
RTVSPost2010Prop43
 90
        3
102
RTVSPost2010PropOp43
 70
     1
102
RTVSPost2010Prop44ColorIndex
 90
        5
102
RTVSPost2010Prop44ColorRGB
 90
      255
102
RTVSPost2010PropOp44
 70
     1
102
RTVSPost2010Prop45
280
     0
102
RTVSPost2010PropOp45
 70
     1
102
RTVSPost2010Prop46
 90
       50
102
RTVSPost2010PropOp46
 70
     1
102
RTVSPost2010Prop47
 90
       50
102
RTVSPost2010PropOp47
 70
     1
102
RTVSPost2010Prop48
 90
       50
102
RTVSPost2010PropOp48
 70
     1
102
RTVSPost2010Prop49
280
     0
102
RTVSPost2010PropOp49
 70
     1
102
RTVSPost2010Prop50
 90
       50
102
RTVSPost2010PropOp50
 70
     1
102
RTVSPost2010Prop51ColorIndex
 90
      256
102
RTVSPost2010Prop51ColorRGB
 90
-16777216
102
RTVSPost2010PropOp51
 70
     0
102
RTVSPost2010Prop52
140
1.0
102
RTVSPost2010PropOp52
 70
     0
102
RTVSPost2010Prop53
 90
        2
102
RTVSPost2010PropOp53
 70
     1
102
RTVSPost2010Prop54
  1
strokes_ogs.tif
102
RTVSPost2010PropOp54
 70
     1
102
RTVSPost2010Prop55
280
     0
102
RTVSPost2010PropOp55
 70
     1
102
RTVSPost2010Prop56
140
1.0
102
RTVSPost2010PropOp56
 70
     1
102
RTVSPost2010Prop57
140
1.0
102
RTVSPost2010PropOp57
 70
     1
  0
XRECORD
  5
26C07
102
{ACAD_REACTORS
330
7E8D
102
}
330
7E8D
100
AcDbXrecord
280
     1
102
RTVSPost2010Prop28
280
     0
102
RTVSPost2010PropOp28
 70
     1
102
RTVSPost2010Prop29
280
     1
102
RTVSPost2010PropOp29
 70
     1
102
RTVSPost2010Prop30
280
     1
102
RTVSPost2010PropOp30
 70
     1
102
RTVSPost2010Prop31
280
     0
102
RTVSPost2010PropOp31
 70
     1
102
RTVSPost2010Prop32
280
     0
102
RTVSPost2010PropOp32
 70
     1
102
RTVSPost2010Prop33
280
     0
102
RTVSPost2010PropOp33
 70
     1
102
RTVSPost2010Prop34
280
     0
102
RTVSPost2010PropOp34
 70
     1
102
RTVSPost2010Prop35
280
     0
102
RTVSPost2010PropOp35
 70
     1
102
RTVSPost2010Prop36
280
     0
102
RTVSPost2010PropOp36
 70
     1
102
RTVSPost2010Prop37
 90
       50
102
RTVSPost2010PropOp37
 70
     1
102
RTVSPost2010Prop38
140
0.0
102
RTVSPost2010PropOp38
 70
     1
102
RTVSPost2010Prop39
140
1.0
102
RTVSPost2010PropOp39
 70
     1
102
RTVSPost2010Prop40
 90
        0
102
RTVSPost2010PropOp40
 70
     1
102
RTVSPost2010Prop41ColorIndex
 90
       18
102
RTVSPost2010Prop41ColorRGB
 90
        0
102
RTVSPost2010PropOp41
 70
     1
102
RTVSPost2010Prop42
 90
       50
102
RTVSPost2010PropOp42
 70
     1
102
RTVSPost2010Prop43
 90
        3
102
RTVSPost2010PropOp43
 70
     1
102
RTVSPost2010Prop44ColorIndex
 90
        5
102
RTVSPost2010Prop44ColorRGB
 90
      255
102
RTVSPost2010PropOp44
 70
     1
102
RTVSPost2010Prop45
280
     0
102
RTVSPost2010PropOp45
 70
     1
102
RTVSPost2010Prop46
 90
       50
102
RTVSPost2010PropOp46
 70
     1
102
RTVSPost2010Prop47
 90
       50
102
RTVSPost2010PropOp47
 70
     1
102
RTVSPost2010Prop48
 90
       50
102
RTVSPost2010PropOp48
 70
     1
102
RTVSPost2010Prop49
280
     0
102
RTVSPost2010PropOp49
 70
     1
102
RTVSPost2010Prop50
 90
       50
102
RTVSPost2010PropOp50
 70
     1
102
RTVSPost2010Prop51ColorIndex
 90
      256
102
RTVSPost2010Prop51ColorRGB
 90
-16777216
102
RTVSPost2010PropOp51
 70
     0
102
RTVSPost2010Prop52
140
1.0
102
RTVSPost2010PropOp52
 70
     0
102
RTVSPost2010Prop53
 90
        2
102
RTVSPost2010PropOp53
 70
     1
102
RTVSPost2010Prop54
  1
strokes_ogs.tif
102
RTVSPost2010PropOp54
 70
     1
102
RTVSPost2010Prop55
280
     0
102
RTVSPost2010PropOp55
 70
     1
102
RTVSPost2010Prop56
140
1.0
102
RTVSPost2010PropOp56
 70
     1
102
RTVSPost2010Prop57
140
1.0
102
RTVSPost2010PropOp57
 70
     1
  0
XRECORD
  5
26C08
102
{ACAD_REACTORS
330
7E8F
102
}
330
7E8F
100
AcDbXrecord
280
     1
102
RTVSPost2010Prop28
280
     0
102
RTVSPost2010PropOp28
 70
     1
102
RTVSPost2010Prop29
280
     1
102
RTVSPost2010PropOp29
 70
     1
102
RTVSPost2010Prop30
280
     1
102
RTVSPost2010PropOp30
 70
     1
102
RTVSPost2010Prop31
280
     0
102
RTVSPost2010PropOp31
 70
     1
102
RTVSPost2010Prop32
280
     0
102
RTVSPost2010PropOp32
 70
     1
102
RTVSPost2010Prop33
280
     0
102
RTVSPost2010PropOp33
 70
     1
102
RTVSPost2010Prop34
280
     0
102
RTVSPost2010PropOp34
 70
     1
102
RTVSPost2010Prop35
280
     0
102
RTVSPost2010PropOp35
 70
     1
102
RTVSPost2010Prop36
280
     0
102
RTVSPost2010PropOp36
 70
     1
102
RTVSPost2010Prop37
 90
       50
102
RTVSPost2010PropOp37
 70
     1
102
RTVSPost2010Prop38
140
0.0
102
RTVSPost2010PropOp38
 70
     1
102
RTVSPost2010Prop39
140
1.0
102
RTVSPost2010PropOp39
 70
     1
102
RTVSPost2010Prop40
 90
        0
102
RTVSPost2010PropOp40
 70
     1
102
RTVSPost2010Prop41ColorIndex
 90
       18
102
RTVSPost2010Prop41ColorRGB
 90
        0
102
RTVSPost2010PropOp41
 70
     1
102
RTVSPost2010Prop42
 90
       50
102
RTVSPost2010PropOp42
 70
     1
102
RTVSPost2010Prop43
 90
        3
102
RTVSPost2010PropOp43
 70
     1
102
RTVSPost2010Prop44ColorIndex
 90
        5
102
RTVSPost2010Prop44ColorRGB
 90
      255
102
RTVSPost2010PropOp44
 70
     1
102
RTVSPost2010Prop45
280
     0
102
RTVSPost2010PropOp45
 70
     1
102
RTVSPost2010Prop46
 90
       50
102
RTVSPost2010PropOp46
 70
     1
102
RTVSPost2010Prop47
 90
       50
102
RTVSPost2010PropOp47
 70
     1
102
RTVSPost2010Prop48
 90
       50
102
RTVSPost2010PropOp48
 70
     1
102
RTVSPost2010Prop49
280
     0
102
RTVSPost2010PropOp49
 70
     1
102
RTVSPost2010Prop50
 90
       50
102
RTVSPost2010PropOp50
 70
     1
102
RTVSPost2010Prop51ColorIndex
 90
      256
102
RTVSPost2010Prop51ColorRGB
 90
-16777216
102
RTVSPost2010PropOp51
 70
     0
102
RTVSPost2010Prop52
140
1.0
102
RTVSPost2010PropOp52
 70
     0
102
RTVSPost2010Prop53
 90
        2
102
RTVSPost2010PropOp53
 70
     1
102
RTVSPost2010Prop54
  1
strokes_ogs.tif
102
RTVSPost2010PropOp54
 70
     1
102
RTVSPost2010Prop55
280
     0
102
RTVSPost2010PropOp55
 70
     1
102
RTVSPost2010Prop56
140
1.0
102
RTVSPost2010PropOp56
 70
     1
102
RTVSPost2010Prop57
140
1.0
102
RTVSPost2010PropOp57
 70
     1
  0
XRECORD
  5
26C09
102
{ACAD_REACTORS
330
7E91
102
}
330
7E91
100
AcDbXrecord
280
     1
102
RTVSPost2010Prop28
280
     0
102
RTVSPost2010PropOp28
 70
     1
102
RTVSPost2010Prop29
280
     1
102
RTVSPost2010PropOp29
 70
     1
102
RTVSPost2010Prop30
280
     1
102
RTVSPost2010PropOp30
 70
     1
102
RTVSPost2010Prop31
280
     0
102
RTVSPost2010PropOp31
 70
     1
102
RTVSPost2010Prop32
280
     0
102
RTVSPost2010PropOp32
 70
     1
102
RTVSPost2010Prop33
280
     0
102
RTVSPost2010PropOp33
 70
     1
102
RTVSPost2010Prop34
280
     0
102
RTVSPost2010PropOp34
 70
     1
102
RTVSPost2010Prop35
280
     0
102
RTVSPost2010PropOp35
 70
     1
102
RTVSPost2010Prop36
280
     0
102
RTVSPost2010PropOp36
 70
     1
102
RTVSPost2010Prop37
 90
       50
102
RTVSPost2010PropOp37
 70
     1
102
RTVSPost2010Prop38
140
0.0
102
RTVSPost2010PropOp38
 70
     1
102
RTVSPost2010Prop39
140
1.0
102
RTVSPost2010PropOp39
 70
     1
102
RTVSPost2010Prop40
 90
        0
102
RTVSPost2010PropOp40
 70
     1
102
RTVSPost2010Prop41ColorIndex
 90
       18
102
RTVSPost2010Prop41ColorRGB
 90
        0
102
RTVSPost2010PropOp41
 70
     1
102
RTVSPost2010Prop42
 90
       50
102
RTVSPost2010PropOp42
 70
     1
102
RTVSPost2010Prop43
 90
        3
102
RTVSPost2010PropOp43
 70
     1
102
RTVSPost2010Prop44ColorIndex
 90
        5
102
RTVSPost2010Prop44ColorRGB
 90
      255
102
RTVSPost2010PropOp44
 70
     1
102
RTVSPost2010Prop45
280
     0
102
RTVSPost2010PropOp45
 70
     1
102
RTVSPost2010Prop46
 90
       50
102
RTVSPost2010PropOp46
 70
     1
102
RTVSPost2010Prop47
 90
       50
102
RTVSPost2010PropOp47
 70
     1
102
RTVSPost2010Prop48
 90
       50
102
RTVSPost2010PropOp48
 70
     1
102
RTVSPost2010Prop49
280
     0
102
RTVSPost2010PropOp49
 70
     1
102
RTVSPost2010Prop50
 90
       50
102
RTVSPost2010PropOp50
 70
     1
102
RTVSPost2010Prop51ColorIndex
 90
      256
102
RTVSPost2010Prop51ColorRGB
 90
-16777216
102
RTVSPost2010PropOp51
 70
     0
102
RTVSPost2010Prop52
140
1.0
102
RTVSPost2010PropOp52
 70
     0
102
RTVSPost2010Prop53
 90
        2
102
RTVSPost2010PropOp53
 70
     1
102
RTVSPost2010Prop54
  1
strokes_ogs.tif
102
RTVSPost2010PropOp54
 70
     1
102
RTVSPost2010Prop55
280
     0
102
RTVSPost2010PropOp55
 70
     1
102
RTVSPost2010Prop56
140
1.0
102
RTVSPost2010PropOp56
 70
     1
102
RTVSPost2010Prop57
140
1.0
102
RTVSPost2010PropOp57
 70
     1
  0
XRECORD
  5
26C0A
102
{ACAD_REACTORS
330
7E93
102
}
330
7E93
100
AcDbXrecord
280
     1
102
RTVSPost2010Prop28
280
     0
102
RTVSPost2010PropOp28
 70
     1
102
RTVSPost2010Prop29
280
     1
102
RTVSPost2010PropOp29
 70
     1
102
RTVSPost2010Prop30
280
     1
102
RTVSPost2010PropOp30
 70
     1
102
RTVSPost2010Prop31
280
     0
102
RTVSPost2010PropOp31
 70
     1
102
RTVSPost2010Prop32
280
     0
102
RTVSPost2010PropOp32
 70
     1
102
RTVSPost2010Prop33
280
     0
102
RTVSPost2010PropOp33
 70
     1
102
RTVSPost2010Prop34
280
     0
102
RTVSPost2010PropOp34
 70
     1
102
RTVSPost2010Prop35
280
     0
102
RTVSPost2010PropOp35
 70
     1
102
RTVSPost2010Prop36
280
     0
102
RTVSPost2010PropOp36
 70
     1
102
RTVSPost2010Prop37
 90
       50
102
RTVSPost2010PropOp37
 70
     1
102
RTVSPost2010Prop38
140
0.0
102
RTVSPost2010PropOp38
 70
     1
102
RTVSPost2010Prop39
140
1.0
102
RTVSPost2010PropOp39
 70
     1
102
RTVSPost2010Prop40
 90
        0
102
RTVSPost2010PropOp40
 70
     1
102
RTVSPost2010Prop41ColorIndex
 90
       18
102
RTVSPost2010Prop41ColorRGB
 90
        0
102
RTVSPost2010PropOp41
 70
     1
102
RTVSPost2010Prop42
 90
       50
102
RTVSPost2010PropOp42
 70
     1
102
RTVSPost2010Prop43
 90
        3
102
RTVSPost2010PropOp43
 70
     1
102
RTVSPost2010Prop44ColorIndex
 90
        5
102
RTVSPost2010Prop44ColorRGB
 90
      255
102
RTVSPost2010PropOp44
 70
     1
102
RTVSPost2010Prop45
280
     0
102
RTVSPost2010PropOp45
 70
     1
102
RTVSPost2010Prop46
 90
       50
102
RTVSPost2010PropOp46
 70
     1
102
RTVSPost2010Prop47
 90
       50
102
RTVSPost2010PropOp47
 70
     1
102
RTVSPost2010Prop48
 90
       50
102
RTVSPost2010PropOp48
 70
     1
102
RTVSPost2010Prop49
280
     0
102
RTVSPost2010PropOp49
 70
     1
102
RTVSPost2010Prop50
 90
       50
102
RTVSPost2010PropOp50
 70
     1
102
RTVSPost2010Prop51ColorIndex
 90
      256
102
RTVSPost2010Prop51ColorRGB
 90
-16777216
102
RTVSPost2010PropOp51
 70
     0
102
RTVSPost2010Prop52
140
1.0
102
RTVSPost2010PropOp52
 70
     0
102
RTVSPost2010Prop53
 90
        2
102
RTVSPost2010PropOp53
 70
     1
102
RTVSPost2010Prop54
  1
strokes_ogs.tif
102
RTVSPost2010PropOp54
 70
     1
102
RTVSPost2010Prop55
280
     0
102
RTVSPost2010PropOp55
 70
     1
102
RTVSPost2010Prop56
140
1.0
102
RTVSPost2010PropOp56
 70
     1
102
RTVSPost2010Prop57
140
1.0
102
RTVSPost2010PropOp57
 70
     1
  0
XRECORD
  5
26C0B
102
{ACAD_REACTORS
330
7E95
102
}
330
7E95
100
AcDbXrecord
280
     1
102
RTVSPost2010Prop28
280
     0
102
RTVSPost2010PropOp28
 70
     0
102
RTVSPost2010Prop29
280
     1
102
RTVSPost2010PropOp29
 70
     0
102
RTVSPost2010Prop30
280
     1
102
RTVSPost2010PropOp30
 70
     0
102
RTVSPost2010Prop31
280
     0
102
RTVSPost2010PropOp31
 70
     0
102
RTVSPost2010Prop32
280
     0
102
RTVSPost2010PropOp32
 70
     0
102
RTVSPost2010Prop33
280
     0
102
RTVSPost2010PropOp33
 70
     0
102
RTVSPost2010Prop34
280
     0
102
RTVSPost2010PropOp34
 70
     0
102
RTVSPost2010Prop35
280
     0
102
RTVSPost2010PropOp35
 70
     0
102
RTVSPost2010Prop36
280
     0
102
RTVSPost2010PropOp36
 70
     0
102
RTVSPost2010Prop37
 90
       50
102
RTVSPost2010PropOp37
 70
     0
102
RTVSPost2010Prop38
140
0.0
102
RTVSPost2010PropOp38
 70
     0
102
RTVSPost2010Prop39
140
1.0
102
RTVSPost2010PropOp39
 70
     0
102
RTVSPost2010Prop40
 90
        0
102
RTVSPost2010PropOp40
 70
     0
102
RTVSPost2010Prop41ColorIndex
 90
       18
102
RTVSPost2010Prop41ColorRGB
 90
        0
102
RTVSPost2010PropOp41
 70
     0
102
RTVSPost2010Prop42
 90
       50
102
RTVSPost2010PropOp42
 70
     0
102
RTVSPost2010Prop43
 90
        3
102
RTVSPost2010PropOp43
 70
     0
102
RTVSPost2010Prop44ColorIndex
 90
        5
102
RTVSPost2010Prop44ColorRGB
 90
      255
102
RTVSPost2010PropOp44
 70
     0
102
RTVSPost2010Prop45
280
     0
102
RTVSPost2010PropOp45
 70
     0
102
RTVSPost2010Prop46
 90
       50
102
RTVSPost2010PropOp46
 70
     0
102
RTVSPost2010Prop47
 90
       50
102
RTVSPost2010PropOp47
 70
     0
102
RTVSPost2010Prop48
 90
       50
102
RTVSPost2010PropOp48
 70
     0
102
RTVSPost2010Prop49
280
     0
102
RTVSPost2010PropOp49
 70
     0
102
RTVSPost2010Prop50
 90
       50
102
RTVSPost2010PropOp50
 70
     0
102
RTVSPost2010Prop51ColorIndex
 90
      256
102
RTVSPost2010Prop51ColorRGB
 90
-16777216
102
RTVSPost2010PropOp51
 70
     0
102
RTVSPost2010Prop52
140
1.0
102
RTVSPost2010PropOp52
 70
     0
102
RTVSPost2010Prop53
 90
        2
102
RTVSPost2010PropOp53
 70
     0
102
RTVSPost2010Prop54
  1
strokes_ogs.tif
102
RTVSPost2010PropOp54
 70
     0
102
RTVSPost2010Prop55
280
     0
102
RTVSPost2010PropOp55
 70
     0
102
RTVSPost2010Prop56
140
1.0
102
RTVSPost2010PropOp56
 70
     0
102
RTVSPost2010Prop57
140
1.0
102
RTVSPost2010PropOp57
 70
     0
  0
XRECORD
  5
26C0C
102
{ACAD_REACTORS
330
7E97
102
}
330
7E97
100
AcDbXrecord
280
     1
102
RTVSPost2010Prop28
280
     0
102
RTVSPost2010PropOp28
 70
     1
102
RTVSPost2010Prop29
280
     1
102
RTVSPost2010PropOp29
 70
     1
102
RTVSPost2010Prop30
280
     1
102
RTVSPost2010PropOp30
 70
     1
102
RTVSPost2010Prop31
280
     0
102
RTVSPost2010PropOp31
 70
     1
102
RTVSPost2010Prop32
280
     0
102
RTVSPost2010PropOp32
 70
     1
102
RTVSPost2010Prop33
280
     0
102
RTVSPost2010PropOp33
 70
     1
102
RTVSPost2010Prop34
280
     0
102
RTVSPost2010PropOp34
 70
     1
102
RTVSPost2010Prop35
280
     0
102
RTVSPost2010PropOp35
 70
     1
102
RTVSPost2010Prop36
280
     0
102
RTVSPost2010PropOp36
 70
     1
102
RTVSPost2010Prop37
 90
       50
102
RTVSPost2010PropOp37
 70
     1
102
RTVSPost2010Prop38
140
0.0
102
RTVSPost2010PropOp38
 70
     1
102
RTVSPost2010Prop39
140
1.0
102
RTVSPost2010PropOp39
 70
     1
102
RTVSPost2010Prop40
 90
        0
102
RTVSPost2010PropOp40
 70
     1
102
RTVSPost2010Prop41ColorIndex
 90
       18
102
RTVSPost2010Prop41ColorRGB
 90
        0
102
RTVSPost2010PropOp41
 70
     1
102
RTVSPost2010Prop42
 90
       50
102
RTVSPost2010PropOp42
 70
     1
102
RTVSPost2010Prop43
 90
        3
102
RTVSPost2010PropOp43
 70
     1
102
RTVSPost2010Prop44ColorIndex
 90
        5
102
RTVSPost2010Prop44ColorRGB
 90
      255
102
RTVSPost2010PropOp44
 70
     1
102
RTVSPost2010Prop45
280
     0
102
RTVSPost2010PropOp45
 70
     1
102
RTVSPost2010Prop46
 90
       50
102
RTVSPost2010PropOp46
 70
     1
102
RTVSPost2010Prop47
 90
       50
102
RTVSPost2010PropOp47
 70
     1
102
RTVSPost2010Prop48
 90
       50
102
RTVSPost2010PropOp48
 70
     1
102
RTVSPost2010Prop49
280
     0
102
RTVSPost2010PropOp49
 70
     1
102
RTVSPost2010Prop50
 90
       50
102
RTVSPost2010PropOp50
 70
     1
102
RTVSPost2010Prop51ColorIndex
 90
      256
102
RTVSPost2010Prop51ColorRGB
 90
-16777216
102
RTVSPost2010PropOp51
 70
     0
102
RTVSPost2010Prop52
140
1.0
102
RTVSPost2010PropOp52
 70
     0
102
RTVSPost2010Prop53
 90
        2
102
RTVSPost2010PropOp53
 70
     1
102
RTVSPost2010Prop54
  1
strokes_ogs.tif
102
RTVSPost2010PropOp54
 70
     1
102
RTVSPost2010Prop55
280
     0
102
RTVSPost2010PropOp55
 70
     1
102
RTVSPost2010Prop56
140
1.0
102
RTVSPost2010PropOp56
 70
     1
102
RTVSPost2010Prop57
140
1.0
102
RTVSPost2010PropOp57
 70
     1
  0
XRECORD
  5
26C0D
102
{ACAD_REACTORS
330
7E99
102
}
330
7E99
100
AcDbXrecord
280
     1
102
RTVSPost2010Prop28
280
     0
102
RTVSPost2010PropOp28
 70
     0
102
RTVSPost2010Prop29
280
     1
102
RTVSPost2010PropOp29
 70
     0
102
RTVSPost2010Prop30
280
     1
102
RTVSPost2010PropOp30
 70
     0
102
RTVSPost2010Prop31
280
     0
102
RTVSPost2010PropOp31
 70
     0
102
RTVSPost2010Prop32
280
     0
102
RTVSPost2010PropOp32
 70
     0
102
RTVSPost2010Prop33
280
     0
102
RTVSPost2010PropOp33
 70
     0
102
RTVSPost2010Prop34
280
     0
102
RTVSPost2010PropOp34
 70
     0
102
RTVSPost2010Prop35
280
     0
102
RTVSPost2010PropOp35
 70
     0
102
RTVSPost2010Prop36
280
     0
102
RTVSPost2010PropOp36
 70
     0
102
RTVSPost2010Prop37
 90
       50
102
RTVSPost2010PropOp37
 70
     0
102
RTVSPost2010Prop38
140
0.0
102
RTVSPost2010PropOp38
 70
     0
102
RTVSPost2010Prop39
140
1.0
102
RTVSPost2010PropOp39
 70
     0
102
RTVSPost2010Prop40
 90
        0
102
RTVSPost2010PropOp40
 70
     0
102
RTVSPost2010Prop41ColorIndex
 90
       18
102
RTVSPost2010Prop41ColorRGB
 90
        0
102
RTVSPost2010PropOp41
 70
     0
102
RTVSPost2010Prop42
 90
       50
102
RTVSPost2010PropOp42
 70
     0
102
RTVSPost2010Prop43
 90
        3
102
RTVSPost2010PropOp43
 70
     0
102
RTVSPost2010Prop44ColorIndex
 90
        5
102
RTVSPost2010Prop44ColorRGB
 90
      255
102
RTVSPost2010PropOp44
 70
     0
102
RTVSPost2010Prop45
280
     0
102
RTVSPost2010PropOp45
 70
     0
102
RTVSPost2010Prop46
 90
       50
102
RTVSPost2010PropOp46
 70
     0
102
RTVSPost2010Prop47
 90
       50
102
RTVSPost2010PropOp47
 70
     0
102
RTVSPost2010Prop48
 90
       50
102
RTVSPost2010PropOp48
 70
     0
102
RTVSPost2010Prop49
280
     0
102
RTVSPost2010PropOp49
 70
     0
102
RTVSPost2010Prop50
 90
       50
102
RTVSPost2010PropOp50
 70
     0
102
RTVSPost2010Prop51ColorIndex
 90
      256
102
RTVSPost2010Prop51ColorRGB
 90
-16777216
102
RTVSPost2010PropOp51
 70
     0
102
RTVSPost2010Prop52
140
1.0
102
RTVSPost2010PropOp52
 70
     0
102
RTVSPost2010Prop53
 90
        2
102
RTVSPost2010PropOp53
 70
     0
102
RTVSPost2010Prop54
  1
strokes_ogs.tif
102
RTVSPost2010PropOp54
 70
     0
102
RTVSPost2010Prop55
280
     0
102
RTVSPost2010PropOp55
 70
     0
102
RTVSPost2010Prop56
140
1.0
102
RTVSPost2010PropOp56
 70
     0
102
RTVSPost2010Prop57
140
1.0
102
RTVSPost2010PropOp57
 70
     0
  0
XRECORD
  5
26C0E
102
{ACAD_REACTORS
330
7E9B
102
}
330
7E9B
100
AcDbXrecord
280
     1
102
RTVSPost2010Prop28
280
     0
102
RTVSPost2010PropOp28
 70
     1
102
RTVSPost2010Prop29
280
     1
102
RTVSPost2010PropOp29
 70
     1
102
RTVSPost2010Prop30
280
     1
102
RTVSPost2010PropOp30
 70
     1
102
RTVSPost2010Prop31
280
     0
102
RTVSPost2010PropOp31
 70
     1
102
RTVSPost2010Prop32
280
     0
102
RTVSPost2010PropOp32
 70
     1
102
RTVSPost2010Prop33
280
     0
102
RTVSPost2010PropOp33
 70
     1
102
RTVSPost2010Prop34
280
     0
102
RTVSPost2010PropOp34
 70
     1
102
RTVSPost2010Prop35
280
     0
102
RTVSPost2010PropOp35
 70
     1
102
RTVSPost2010Prop36
280
     0
102
RTVSPost2010PropOp36
 70
     1
102
RTVSPost2010Prop37
 90
       50
102
RTVSPost2010PropOp37
 70
     1
102
RTVSPost2010Prop38
140
0.0
102
RTVSPost2010PropOp38
 70
     1
102
RTVSPost2010Prop39
140
1.0
102
RTVSPost2010PropOp39
 70
     1
102
RTVSPost2010Prop40
 90
        0
102
RTVSPost2010PropOp40
 70
     1
102
RTVSPost2010Prop41ColorIndex
 90
       18
102
RTVSPost2010Prop41ColorRGB
 90
        0
102
RTVSPost2010PropOp41
 70
     1
102
RTVSPost2010Prop42
 90
       50
102
RTVSPost2010PropOp42
 70
     1
102
RTVSPost2010Prop43
 90
        3
102
RTVSPost2010PropOp43
 70
     1
102
RTVSPost2010Prop44ColorIndex
 90
        5
102
RTVSPost2010Prop44ColorRGB
 90
      255
102
RTVSPost2010PropOp44
 70
     1
102
RTVSPost2010Prop45
280
     0
102
RTVSPost2010PropOp45
 70
     1
102
RTVSPost2010Prop46
 90
       50
102
RTVSPost2010PropOp46
 70
     1
102
RTVSPost2010Prop47
 90
       50
102
RTVSPost2010PropOp47
 70
     1
102
RTVSPost2010Prop48
 90
       50
102
RTVSPost2010PropOp48
 70
     1
102
RTVSPost2010Prop49
280
     0
102
RTVSPost2010PropOp49
 70
     1
102
RTVSPost2010Prop50
 90
       50
102
RTVSPost2010PropOp50
 70
     1
102
RTVSPost2010Prop51ColorIndex
 90
      256
102
RTVSPost2010Prop51ColorRGB
 90
-16777216
102
RTVSPost2010PropOp51
 70
     0
102
RTVSPost2010Prop52
140
1.0
102
RTVSPost2010PropOp52
 70
     0
102
RTVSPost2010Prop53
 90
        2
102
RTVSPost2010PropOp53
 70
     1
102
RTVSPost2010Prop54
  1
strokes_ogs.tif
102
RTVSPost2010PropOp54
 70
     1
102
RTVSPost2010Prop55
280
     0
102
RTVSPost2010PropOp55
 70
     1
102
RTVSPost2010Prop56
140
1.0
102
RTVSPost2010PropOp56
 70
     1
102
RTVSPost2010Prop57
140
1.0
102
RTVSPost2010PropOp57
 70
     1
  0
XRECORD
  5
26C0F
102
{ACAD_REACTORS
330
7E9D
102
}
330
7E9D
100
AcDbXrecord
280
     1
102
RTVSPost2010Prop28
280
     0
102
RTVSPost2010PropOp28
 70
     1
102
RTVSPost2010Prop29
280
     1
102
RTVSPost2010PropOp29
 70
     1
102
RTVSPost2010Prop30
280
     1
102
RTVSPost2010PropOp30
 70
     1
102
RTVSPost2010Prop31
280
     0
102
RTVSPost2010PropOp31
 70
     1
102
RTVSPost2010Prop32
280
     0
102
RTVSPost2010PropOp32
 70
     1
102
RTVSPost2010Prop33
280
     0
102
RTVSPost2010PropOp33
 70
     1
102
RTVSPost2010Prop34
280
     0
102
RTVSPost2010PropOp34
 70
     1
102
RTVSPost2010Prop35
280
     0
102
RTVSPost2010PropOp35
 70
     1
102
RTVSPost2010Prop36
280
     0
102
RTVSPost2010PropOp36
 70
     1
102
RTVSPost2010Prop37
 90
       50
102
RTVSPost2010PropOp37
 70
     1
102
RTVSPost2010Prop38
140
0.0
102
RTVSPost2010PropOp38
 70
     1
102
RTVSPost2010Prop39
140
1.0
102
RTVSPost2010PropOp39
 70
     1
102
RTVSPost2010Prop40
 90
        0
102
RTVSPost2010PropOp40
 70
     1
102
RTVSPost2010Prop41ColorIndex
 90
       18
102
RTVSPost2010Prop41ColorRGB
 90
        0
102
RTVSPost2010PropOp41
 70
     1
102
RTVSPost2010Prop42
 90
       50
102
RTVSPost2010PropOp42
 70
     1
102
RTVSPost2010Prop43
 90
        3
102
RTVSPost2010PropOp43
 70
     1
102
RTVSPost2010Prop44ColorIndex
 90
        5
102
RTVSPost2010Prop44ColorRGB
 90
      255
102
RTVSPost2010PropOp44
 70
     1
102
RTVSPost2010Prop45
280
     0
102
RTVSPost2010PropOp45
 70
     1
102
RTVSPost2010Prop46
 90
       50
102
RTVSPost2010PropOp46
 70
     1
102
RTVSPost2010Prop47
 90
       50
102
RTVSPost2010PropOp47
 70
     1
102
RTVSPost2010Prop48
 90
       50
102
RTVSPost2010PropOp48
 70
     1
102
RTVSPost2010Prop49
280
     0
102
RTVSPost2010PropOp49
 70
     1
102
RTVSPost2010Prop50
 90
       50
102
RTVSPost2010PropOp50
 70
     1
102
RTVSPost2010Prop51ColorIndex
 90
      256
102
RTVSPost2010Prop51ColorRGB
 90
-16777216
102
RTVSPost2010PropOp51
 70
     0
102
RTVSPost2010Prop52
140
1.0
102
RTVSPost2010PropOp52
 70
     0
102
RTVSPost2010Prop53
 90
        2
102
RTVSPost2010PropOp53
 70
     1
102
RTVSPost2010Prop54
  1
strokes_ogs.tif
102
RTVSPost2010PropOp54
 70
     1
102
RTVSPost2010Prop55
280
     0
102
RTVSPost2010PropOp55
 70
     1
102
RTVSPost2010Prop56
140
1.0
102
RTVSPost2010PropOp56
 70
     1
102
RTVSPost2010Prop57
140
1.0
102
RTVSPost2010PropOp57
 70
     1
  0
XRECORD
  5
26C10
102
{ACAD_REACTORS
330
7E9F
102
}
330
7E9F
100
AcDbXrecord
280
     1
102
RTVSPost2010Prop28
280
     0
102
RTVSPost2010PropOp28
 70
     1
102
RTVSPost2010Prop29
280
     1
102
RTVSPost2010PropOp29
 70
     1
102
RTVSPost2010Prop30
280
     1
102
RTVSPost2010PropOp30
 70
     1
102
RTVSPost2010Prop31
280
     0
102
RTVSPost2010PropOp31
 70
     1
102
RTVSPost2010Prop32
280
     0
102
RTVSPost2010PropOp32
 70
     1
102
RTVSPost2010Prop33
280
     0
102
RTVSPost2010PropOp33
 70
     1
102
RTVSPost2010Prop34
280
     0
102
RTVSPost2010PropOp34
 70
     1
102
RTVSPost2010Prop35
280
     0
102
RTVSPost2010PropOp35
 70
     1
102
RTVSPost2010Prop36
280
     0
102
RTVSPost2010PropOp36
 70
     1
102
RTVSPost2010Prop37
 90
       50
102
RTVSPost2010PropOp37
 70
     1
102
RTVSPost2010Prop38
140
0.0
102
RTVSPost2010PropOp38
 70
     1
102
RTVSPost2010Prop39
140
1.0
102
RTVSPost2010PropOp39
 70
     1
102
RTVSPost2010Prop40
 90
        0
102
RTVSPost2010PropOp40
 70
     1
102
RTVSPost2010Prop41ColorIndex
 90
       18
102
RTVSPost2010Prop41ColorRGB
 90
        0
102
RTVSPost2010PropOp41
 70
     1
102
RTVSPost2010Prop42
 90
       50
102
RTVSPost2010PropOp42
 70
     1
102
RTVSPost2010Prop43
 90
        3
102
RTVSPost2010PropOp43
 70
     1
102
RTVSPost2010Prop44ColorIndex
 90
        5
102
RTVSPost2010Prop44ColorRGB
 90
      255
102
RTVSPost2010PropOp44
 70
     1
102
RTVSPost2010Prop45
280
     0
102
RTVSPost2010PropOp45
 70
     1
102
RTVSPost2010Prop46
 90
       50
102
RTVSPost2010PropOp46
 70
     1
102
RTVSPost2010Prop47
 90
       50
102
RTVSPost2010PropOp47
 70
     1
102
RTVSPost2010Prop48
 90
       50
102
RTVSPost2010PropOp48
 70
     1
102
RTVSPost2010Prop49
280
     0
102
RTVSPost2010PropOp49
 70
     1
102
RTVSPost2010Prop50
 90
       50
102
RTVSPost2010PropOp50
 70
     1
102
RTVSPost2010Prop51ColorIndex
 90
      256
102
RTVSPost2010Prop51ColorRGB
 90
-16777216
102
RTVSPost2010PropOp51
 70
     0
102
RTVSPost2010Prop52
140
1.0
102
RTVSPost2010PropOp52
 70
     0
102
RTVSPost2010Prop53
 90
        2
102
RTVSPost2010PropOp53
 70
     1
102
RTVSPost2010Prop54
  1
strokes_ogs.tif
102
RTVSPost2010PropOp54
 70
     1
102
RTVSPost2010Prop55
280
     0
102
RTVSPost2010PropOp55
 70
     1
102
RTVSPost2010Prop56
140
1.0
102
RTVSPost2010PropOp56
 70
     1
102
RTVSPost2010Prop57
140
1.0
102
RTVSPost2010PropOp57
 70
     1
  0
XRECORD
  5
26C11
102
{ACAD_REACTORS
330
7EA1
102
}
330
7EA1
100
AcDbXrecord
280
     1
102
RTVSPost2010Prop28
280
     0
102
RTVSPost2010PropOp28
 70
     1
102
RTVSPost2010Prop29
280
     1
102
RTVSPost2010PropOp29
 70
     1
102
RTVSPost2010Prop30
280
     1
102
RTVSPost2010PropOp30
 70
     1
102
RTVSPost2010Prop31
280
     0
102
RTVSPost2010PropOp31
 70
     1
102
RTVSPost2010Prop32
280
     0
102
RTVSPost2010PropOp32
 70
     1
102
RTVSPost2010Prop33
280
     0
102
RTVSPost2010PropOp33
 70
     1
102
RTVSPost2010Prop34
280
     0
102
RTVSPost2010PropOp34
 70
     1
102
RTVSPost2010Prop35
280
     0
102
RTVSPost2010PropOp35
 70
     1
102
RTVSPost2010Prop36
280
     0
102
RTVSPost2010PropOp36
 70
     1
102
RTVSPost2010Prop37
 90
       50
102
RTVSPost2010PropOp37
 70
     1
102
RTVSPost2010Prop38
140
0.0
102
RTVSPost2010PropOp38
 70
     1
102
RTVSPost2010Prop39
140
1.0
102
RTVSPost2010PropOp39
 70
     1
102
RTVSPost2010Prop40
 90
        0
102
RTVSPost2010PropOp40
 70
     1
102
RTVSPost2010Prop41ColorIndex
 90
       18
102
RTVSPost2010Prop41ColorRGB
 90
        0
102
RTVSPost2010PropOp41
 70
     1
102
RTVSPost2010Prop42
 90
       50
102
RTVSPost2010PropOp42
 70
     1
102
RTVSPost2010Prop43
 90
        3
102
RTVSPost2010PropOp43
 70
     1
102
RTVSPost2010Prop44ColorIndex
 90
        5
102
RTVSPost2010Prop44ColorRGB
 90
      255
102
RTVSPost2010PropOp44
 70
     1
102
RTVSPost2010Prop45
280
     0
102
RTVSPost2010PropOp45
 70
     1
102
RTVSPost2010Prop46
 90
       50
102
RTVSPost2010PropOp46
 70
     1
102
RTVSPost2010Prop47
 90
       50
102
RTVSPost2010PropOp47
 70
     1
102
RTVSPost2010Prop48
 90
       50
102
RTVSPost2010PropOp48
 70
     1
102
RTVSPost2010Prop49
280
     0
102
RTVSPost2010PropOp49
 70
     1
102
RTVSPost2010Prop50
 90
       50
102
RTVSPost2010PropOp50
 70
     1
102
RTVSPost2010Prop51ColorIndex
 90
      256
102
RTVSPost2010Prop51ColorRGB
 90
-16777216
102
RTVSPost2010PropOp51
 70
     0
102
RTVSPost2010Prop52
140
1.0
102
RTVSPost2010PropOp52
 70
     0
102
RTVSPost2010Prop53
 90
        2
102
RTVSPost2010PropOp53
 70
     1
102
RTVSPost2010Prop54
  1
strokes_ogs.tif
102
RTVSPost2010PropOp54
 70
     1
102
RTVSPost2010Prop55
280
     0
102
RTVSPost2010PropOp55
 70
     1
102
RTVSPost2010Prop56
140
1.0
102
RTVSPost2010PropOp56
 70
     1
102
RTVSPost2010Prop57
140
1.0
102
RTVSPost2010PropOp57
 70
     1
  0
XRECORD
  5
26C12
102
{ACAD_REACTORS
330
7EA3
102
}
330
7EA3
100
AcDbXrecord
280
     1
102
RTVSPost2010Prop28
280
     0
102
RTVSPost2010PropOp28
 70
     1
102
RTVSPost2010Prop29
280
     1
102
RTVSPost2010PropOp29
 70
     1
102
RTVSPost2010Prop30
280
     1
102
RTVSPost2010PropOp30
 70
     1
102
RTVSPost2010Prop31
280
     0
102
RTVSPost2010PropOp31
 70
     1
102
RTVSPost2010Prop32
280
     0
102
RTVSPost2010PropOp32
 70
     1
102
RTVSPost2010Prop33
280
     0
102
RTVSPost2010PropOp33
 70
     1
102
RTVSPost2010Prop34
280
     0
102
RTVSPost2010PropOp34
 70
     1
102
RTVSPost2010Prop35
280
     0
102
RTVSPost2010PropOp35
 70
     1
102
RTVSPost2010Prop36
280
     0
102
RTVSPost2010PropOp36
 70
     1
102
RTVSPost2010Prop37
 90
       50
102
RTVSPost2010PropOp37
 70
     1
102
RTVSPost2010Prop38
140
0.0
102
RTVSPost2010PropOp38
 70
     1
102
RTVSPost2010Prop39
140
1.0
102
RTVSPost2010PropOp39
 70
     1
102
RTVSPost2010Prop40
 90
        0
102
RTVSPost2010PropOp40
 70
     1
102
RTVSPost2010Prop41ColorIndex
 90
       18
102
RTVSPost2010Prop41ColorRGB
 90
        0
102
RTVSPost2010PropOp41
 70
     1
102
RTVSPost2010Prop42
 90
       50
102
RTVSPost2010PropOp42
 70
     1
102
RTVSPost2010Prop43
 90
        3
102
RTVSPost2010PropOp43
 70
     1
102
RTVSPost2010Prop44ColorIndex
 90
        5
102
RTVSPost2010Prop44ColorRGB
 90
      255
102
RTVSPost2010PropOp44
 70
     1
102
RTVSPost2010Prop45
280
     0
102
RTVSPost2010PropOp45
 70
     1
102
RTVSPost2010Prop46
 90
       50
102
RTVSPost2010PropOp46
 70
     1
102
RTVSPost2010Prop47
 90
       50
102
RTVSPost2010PropOp47
 70
     1
102
RTVSPost2010Prop48
 90
       50
102
RTVSPost2010PropOp48
 70
     1
102
RTVSPost2010Prop49
280
     0
102
RTVSPost2010PropOp49
 70
     1
102
RTVSPost2010Prop50
 90
       50
102
RTVSPost2010PropOp50
 70
     1
102
RTVSPost2010Prop51ColorIndex
 90
      256
102
RTVSPost2010Prop51ColorRGB
 90
-16777216
102
RTVSPost2010PropOp51
 70
     0
102
RTVSPost2010Prop52
140
1.0
102
RTVSPost2010PropOp52
 70
     0
102
RTVSPost2010Prop53
 90
        2
102
RTVSPost2010PropOp53
 70
     1
102
RTVSPost2010Prop54
  1
strokes_ogs.tif
102
RTVSPost2010PropOp54
 70
     1
102
RTVSPost2010Prop55
280
     0
102
RTVSPost2010PropOp55
 70
     1
102
RTVSPost2010Prop56
140
1.0
102
RTVSPost2010PropOp56
 70
     1
102
RTVSPost2010Prop57
140
1.0
102
RTVSPost2010PropOp57
 70
     1
  0
XRECORD
  5
26C13
102
{ACAD_REACTORS
330
7EA5
102
}
330
7EA5
100
AcDbXrecord
280
     1
102
RTVSPost2010Prop28
280
     0
102
RTVSPost2010PropOp28
 70
     1
102
RTVSPost2010Prop29
280
     1
102
RTVSPost2010PropOp29
 70
     1
102
RTVSPost2010Prop30
280
     1
102
RTVSPost2010PropOp30
 70
     1
102
RTVSPost2010Prop31
280
     0
102
RTVSPost2010PropOp31
 70
     1
102
RTVSPost2010Prop32
280
     0
102
RTVSPost2010PropOp32
 70
     1
102
RTVSPost2010Prop33
280
     0
102
RTVSPost2010PropOp33
 70
     1
102
RTVSPost2010Prop34
280
     0
102
RTVSPost2010PropOp34
 70
     1
102
RTVSPost2010Prop35
280
     0
102
RTVSPost2010PropOp35
 70
     1
102
RTVSPost2010Prop36
280
     0
102
RTVSPost2010PropOp36
 70
     1
102
RTVSPost2010Prop37
 90
       50
102
RTVSPost2010PropOp37
 70
     1
102
RTVSPost2010Prop38
140
0.0
102
RTVSPost2010PropOp38
 70
     1
102
RTVSPost2010Prop39
140
1.0
102
RTVSPost2010PropOp39
 70
     1
102
RTVSPost2010Prop40
 90
        0
102
RTVSPost2010PropOp40
 70
     1
102
RTVSPost2010Prop41ColorIndex
 90
       18
102
RTVSPost2010Prop41ColorRGB
 90
        0
102
RTVSPost2010PropOp41
 70
     1
102
RTVSPost2010Prop42
 90
       50
102
RTVSPost2010PropOp42
 70
     1
102
RTVSPost2010Prop43
 90
        3
102
RTVSPost2010PropOp43
 70
     1
102
RTVSPost2010Prop44ColorIndex
 90
        5
102
RTVSPost2010Prop44ColorRGB
 90
      255
102
RTVSPost2010PropOp44
 70
     1
102
RTVSPost2010Prop45
280
     0
102
RTVSPost2010PropOp45
 70
     1
102
RTVSPost2010Prop46
 90
       50
102
RTVSPost2010PropOp46
 70
     1
102
RTVSPost2010Prop47
 90
       50
102
RTVSPost2010PropOp47
 70
     1
102
RTVSPost2010Prop48
 90
       50
102
RTVSPost2010PropOp48
 70
     1
102
RTVSPost2010Prop49
280
     0
102
RTVSPost2010PropOp49
 70
     1
102
RTVSPost2010Prop50
 90
       50
102
RTVSPost2010PropOp50
 70
     1
102
RTVSPost2010Prop51ColorIndex
 90
      256
102
RTVSPost2010Prop51ColorRGB
 90
-16777216
102
RTVSPost2010PropOp51
 70
     0
102
RTVSPost2010Prop52
140
1.0
102
RTVSPost2010PropOp52
 70
     0
102
RTVSPost2010Prop53
 90
        2
102
RTVSPost2010PropOp53
 70
     1
102
RTVSPost2010Prop54
  1
strokes_ogs.tif
102
RTVSPost2010PropOp54
 70
     1
102
RTVSPost2010Prop55
280
     0
102
RTVSPost2010PropOp55
 70
     1
102
RTVSPost2010Prop56
140
1.0
102
RTVSPost2010PropOp56
 70
     1
102
RTVSPost2010Prop57
140
1.0
102
RTVSPost2010PropOp57
 70
     1
  0
XRECORD
  5
26C14
102
{ACAD_REACTORS
330
7EA7
102
}
330
7EA7
100
AcDbXrecord
280
     1
102
RTVSPost2010Prop28
280
     0
102
RTVSPost2010PropOp28
 70
     1
102
RTVSPost2010Prop29
280
     1
102
RTVSPost2010PropOp29
 70
     1
102
RTVSPost2010Prop30
280
     1
102
RTVSPost2010PropOp30
 70
     1
102
RTVSPost2010Prop31
280
     0
102
RTVSPost2010PropOp31
 70
     1
102
RTVSPost2010Prop32
280
     0
102
RTVSPost2010PropOp32
 70
     1
102
RTVSPost2010Prop33
280
     0
102
RTVSPost2010PropOp33
 70
     1
102
RTVSPost2010Prop34
280
     0
102
RTVSPost2010PropOp34
 70
     1
102
RTVSPost2010Prop35
280
     0
102
RTVSPost2010PropOp35
 70
     1
102
RTVSPost2010Prop36
280
     0
102
RTVSPost2010PropOp36
 70
     1
102
RTVSPost2010Prop37
 90
       50
102
RTVSPost2010PropOp37
 70
     1
102
RTVSPost2010Prop38
140
0.0
102
RTVSPost2010PropOp38
 70
     1
102
RTVSPost2010Prop39
140
1.0
102
RTVSPost2010PropOp39
 70
     1
102
RTVSPost2010Prop40
 90
        0
102
RTVSPost2010PropOp40
 70
     1
102
RTVSPost2010Prop41ColorIndex
 90
       18
102
RTVSPost2010Prop41ColorRGB
 90
        0
102
RTVSPost2010PropOp41
 70
     1
102
RTVSPost2010Prop42
 90
       50
102
RTVSPost2010PropOp42
 70
     1
102
RTVSPost2010Prop43
 90
        3
102
RTVSPost2010PropOp43
 70
     1
102
RTVSPost2010Prop44ColorIndex
 90
        5
102
RTVSPost2010Prop44ColorRGB
 90
      255
102
RTVSPost2010PropOp44
 70
     1
102
RTVSPost2010Prop45
280
     0
102
RTVSPost2010PropOp45
 70
     1
102
RTVSPost2010Prop46
 90
       50
102
RTVSPost2010PropOp46
 70
     1
102
RTVSPost2010Prop47
 90
       50
102
RTVSPost2010PropOp47
 70
     1
102
RTVSPost2010Prop48
 90
       50
102
RTVSPost2010PropOp48
 70
     1
102
RTVSPost2010Prop49
280
     0
102
RTVSPost2010PropOp49
 70
     1
102
RTVSPost2010Prop50
 90
       50
102
RTVSPost2010PropOp50
 70
     1
102
RTVSPost2010Prop51ColorIndex
 90
      256
102
RTVSPost2010Prop51ColorRGB
 90
-16777216
102
RTVSPost2010PropOp51
 70
     0
102
RTVSPost2010Prop52
140
1.0
102
RTVSPost2010PropOp52
 70
     0
102
RTVSPost2010Prop53
 90
        2
102
RTVSPost2010PropOp53
 70
     1
102
RTVSPost2010Prop54
  1
strokes_ogs.tif
102
RTVSPost2010PropOp54
 70
     1
102
RTVSPost2010Prop55
280
     0
102
RTVSPost2010PropOp55
 70
     1
102
RTVSPost2010Prop56
140
1.0
102
RTVSPost2010PropOp56
 70
     1
102
RTVSPost2010Prop57
140
1.0
102
RTVSPost2010PropOp57
 70
     1
  0
XRECORD
  5
26C15
102
{ACAD_REACTORS
330
7EA9
102
}
330
7EA9
100
AcDbXrecord
280
     1
102
RTVSPost2010Prop28
280
     0
102
RTVSPost2010PropOp28
 70
     1
102
RTVSPost2010Prop29
280
     1
102
RTVSPost2010PropOp29
 70
     1
102
RTVSPost2010Prop30
280
     1
102
RTVSPost2010PropOp30
 70
     1
102
RTVSPost2010Prop31
280
     0
102
RTVSPost2010PropOp31
 70
     1
102
RTVSPost2010Prop32
280
     0
102
RTVSPost2010PropOp32
 70
     1
102
RTVSPost2010Prop33
280
     0
102
RTVSPost2010PropOp33
 70
     1
102
RTVSPost2010Prop34
280
     0
102
RTVSPost2010PropOp34
 70
     1
102
RTVSPost2010Prop35
280
     0
102
RTVSPost2010PropOp35
 70
     1
102
RTVSPost2010Prop36
280
     0
102
RTVSPost2010PropOp36
 70
     1
102
RTVSPost2010Prop37
 90
       50
102
RTVSPost2010PropOp37
 70
     1
102
RTVSPost2010Prop38
140
0.0
102
RTVSPost2010PropOp38
 70
     1
102
RTVSPost2010Prop39
140
1.0
102
RTVSPost2010PropOp39
 70
     1
102
RTVSPost2010Prop40
 90
        0
102
RTVSPost2010PropOp40
 70
     1
102
RTVSPost2010Prop41ColorIndex
 90
       18
102
RTVSPost2010Prop41ColorRGB
 90
        0
102
RTVSPost2010PropOp41
 70
     1
102
RTVSPost2010Prop42
 90
       50
102
RTVSPost2010PropOp42
 70
     1
102
RTVSPost2010Prop43
 90
        3
102
RTVSPost2010PropOp43
 70
     1
102
RTVSPost2010Prop44ColorIndex
 90
        5
102
RTVSPost2010Prop44ColorRGB
 90
      255
102
RTVSPost2010PropOp44
 70
     1
102
RTVSPost2010Prop45
280
     0
102
RTVSPost2010PropOp45
 70
     1
102
RTVSPost2010Prop46
 90
       50
102
RTVSPost2010PropOp46
 70
     1
102
RTVSPost2010Prop47
 90
       50
102
RTVSPost2010PropOp47
 70
     1
102
RTVSPost2010Prop48
 90
       50
102
RTVSPost2010PropOp48
 70
     1
102
RTVSPost2010Prop49
280
     0
102
RTVSPost2010PropOp49
 70
     1
102
RTVSPost2010Prop50
 90
       50
102
RTVSPost2010PropOp50
 70
     1
102
RTVSPost2010Prop51ColorIndex
 90
      256
102
RTVSPost2010Prop51ColorRGB
 90
-16777216
102
RTVSPost2010PropOp51
 70
     0
102
RTVSPost2010Prop52
140
1.0
102
RTVSPost2010PropOp52
 70
     0
102
RTVSPost2010Prop53
 90
        2
102
RTVSPost2010PropOp53
 70
     1
102
RTVSPost2010Prop54
  1
strokes_ogs.tif
102
RTVSPost2010PropOp54
 70
     1
102
RTVSPost2010Prop55
280
     0
102
RTVSPost2010PropOp55
 70
     1
102
RTVSPost2010Prop56
140
1.0
102
RTVSPost2010PropOp56
 70
     1
102
RTVSPost2010Prop57
140
1.0
102
RTVSPost2010PropOp57
 70
     1
  0
ENDSEC
  0
EOF
