  0
SECTION
  2
HEADER
  9
$ACADVER
  1
AC1032
  9
$ACADMAINTVER
 90
        4
  9
$DWGCODEPAGE
  3
ANSI_936
  9
$LASTSAVEDBY
  1
Administrator
  9
$REQUIREDVERSIONS
160
                 0
  9
$INSBASE
 10
0.0
 20
0.0
 30
0.0
  9
$EXTMIN
 10
-1333.745124844721
 20
-261.2623159503155
 30
0.0
  9
$EXTMAX
 10
3730.66923291482
 20
3184.50399916255
 30
0.0
  9
$LIMMIN
 10
0.0
 20
0.0
  9
$LIMMAX
 10
420.0
 20
297.0
  9
$ORTHOMODE
 70
     1
  9
$REGENMODE
 70
     1
  9
$FILLMODE
 70
     1
  9
$QTEXTMODE
 70
     0
  9
$MIRRTEXT
 70
     1
  9
$LTSCALE
 40
1.0
  9
$ATTMODE
 70
     1
  9
$TEXTSIZE
 40
2.5
  9
$TRACEWID
 40
1.0
  9
$TEXTSTYLE
  7
标注
  9
$CLAYER
  8
参照
  9
$CELTYPE
  6
ByLayer
  9
$CECOLOR
 62
   256
  9
$CELTSCALE
 40
1.0
  9
$DISPSILH
 70
     0
  9
$DIMSCALE
 40
1.0
  9
$DIMASZ
 40
2.5
  9
$DIMEXO
 40
0.625
  9
$DIMDLI
 40
3.75
  9
$DIMRND
 40
0.0
  9
$DIMDLE
 40
0.0
  9
$DIMEXE
 40
1.25
  9
$DIMTP
 40
0.0
  9
$DIMTM
 40
0.0
  9
$DIMTXT
 40
2.5
  9
$DIMCEN
 40
2.5
  9
$DIMTSZ
 40
0.0
  9
$DIMTOL
 70
     0
  9
$DIMLIM
 70
     0
  9
$DIMTIH
 70
     0
  9
$DIMTOH
 70
     0
  9
$DIMSE1
 70
     0
  9
$DIMSE2
 70
     0
  9
$DIMTAD
 70
     1
  9
$DIMZIN
 70
     8
  9
$DIMBLK
  1

  9
$DIMASO
 70
     1
  9
$DIMSHO
 70
     1
  9
$DIMPOST
  1

  9
$DIMAPOST
  1

  9
$DIMALT
 70
     0
  9
$DIMALTD
 70
     3
  9
$DIMALTF
 40
0.03937007874016
  9
$DIMLFAC
 40
1.0
  9
$DIMTOFL
 70
     1
  9
$DIMTVP
 40
0.0
  9
$DIMTIX
 70
     0
  9
$DIMSOXD
 70
     0
  9
$DIMSAH
 70
     0
  9
$DIMBLK1
  1

  9
$DIMBLK2
  1

  9
$DIMSTYLE
  2
ISO-25
  9
$DIMCLRD
 70
     0
  9
$DIMCLRE
 70
     0
  9
$DIMCLRT
 70
     0
  9
$DIMTFAC
 40
1.0
  9
$DIMGAP
 40
0.625
  9
$DIMJUST
 70
     0
  9
$DIMSD1
 70
     0
  9
$DIMSD2
 70
     0
  9
$DIMTOLJ
 70
     0
  9
$DIMTZIN
 70
     8
  9
$DIMALTZ
 70
     0
  9
$DIMALTTZ
 70
     0
  9
$DIMUPT
 70
     0
  9
$DIMDEC
 70
     2
  9
$DIMTDEC
 70
     2
  9
$DIMALTU
 70
     2
  9
$DIMALTTD
 70
     3
  9
$DIMTXSTY
  7
Standard
  9
$DIMAUNIT
 70
     0
  9
$DIMADEC
 70
     0
  9
$DIMALTRND
 40
0.0
  9
$DIMAZIN
 70
     0
  9
$DIMDSEP
 70
    44
  9
$DIMATFIT
 70
     3
  9
$DIMFRAC
 70
     0
  9
$DIMLDRBLK
  1

  9
$DIMLUNIT
 70
     2
  9
$DIMLWD
 70
    -2
  9
$DIMLWE
 70
    -2
  9
$DIMTMOVE
 70
     0
  9
$DIMFXL
 40
1.0
  9
$DIMFXLON
 70
     0
  9
$DIMJOGANG
 40
0.7853981633974483
  9
$DIMTFILL
 70
     0
  9
$DIMTFILLCLR
 70
     0
  9
$DIMARCSYM
 70
     0
  9
$DIMLTYPE
  6

  9
$DIMLTEX1
  6

  9
$DIMLTEX2
  6

  9
$DIMTXTDIRECTION
 70
     0
  9
$LUNITS
 70
     2
  9
$LUPREC
 70
     4
  9
$SKETCHINC
 40
1.0
  9
$FILLETRAD
 40
0.0
  9
$AUNITS
 70
     0
  9
$AUPREC
 70
     0
  9
$MENU
  1
.
  9
$ELEVATION
 40
0.0
  9
$PELEVATION
 40
0.0
  9
$THICKNESS
 40
0.0
  9
$LIMCHECK
 70
     0
  9
$CHAMFERA
 40
2.5
  9
$CHAMFERB
 40
2.5
  9
$CHAMFERC
 40
0.0
  9
$CHAMFERD
 40
0.0
  9
$SKPOLY
 70
     0
  9
$TDCREATE
 40
2460902.780393519
  9
$TDUCREATE
 40
2460902.447060185
  9
$TDUPDATE
 40
2460910.342441586
  9
$TDUUPDATE
 40
2460910.009108252
  9
$TDINDWG
 40
0.563270741
  9
$TDUSRTIMER
 40
0.563270741
  9
$USRTIMER
 70
     1
  9
$ANGBASE
 50
0.0
  9
$ANGDIR
 70
     0
  9
$PDMODE
 70
    35
  9
$PDSIZE
 40
-5.0
  9
$PLINEWID
 40
0.0
  9
$SPLFRAME
 70
     0
  9
$SPLINETYPE
 70
     6
  9
$SPLINESEGS
 70
     8
  9
$HANDSEED
  5
24C92
  9
$SURFTAB1
 70
     6
  9
$SURFTAB2
 70
     6
  9
$SURFTYPE
 70
     6
  9
$SURFU
 70
     6
  9
$SURFV
 70
     6
  9
$UCSBASE
  2

  9
$UCSNAME
  2

  9
$UCSORG
 10
0.0
 20
0.0
 30
0.0
  9
$UCSXDIR
 10
1.0
 20
0.0
 30
0.0
  9
$UCSYDIR
 10
0.0
 20
1.0
 30
0.0
  9
$UCSORTHOREF
  2

  9
$UCSORTHOVIEW
 70
     0
  9
$UCSORGTOP
 10
0.0
 20
0.0
 30
0.0
  9
$UCSORGBOTTOM
 10
0.0
 20
0.0
 30
0.0
  9
$UCSORGLEFT
 10
0.0
 20
0.0
 30
0.0
  9
$UCSORGRIGHT
 10
0.0
 20
0.0
 30
0.0
  9
$UCSORGFRONT
 10
0.0
 20
0.0
 30
0.0
  9
$UCSORGBACK
 10
0.0
 20
0.0
 30
0.0
  9
$PUCSBASE
  2

  9
$PUCSNAME
  2

  9
$PUCSORG
 10
0.0
 20
0.0
 30
0.0
  9
$PUCSXDIR
 10
1.0
 20
0.0
 30
0.0
  9
$PUCSYDIR
 10
0.0
 20
1.0
 30
0.0
  9
$PUCSORTHOREF
  2

  9
$PUCSORTHOVIEW
 70
     0
  9
$PUCSORGTOP
 10
0.0
 20
0.0
 30
0.0
  9
$PUCSORGBOTTOM
 10
0.0
 20
0.0
 30
0.0
  9
$PUCSORGLEFT
 10
0.0
 20
0.0
 30
0.0
  9
$PUCSORGRIGHT
 10
0.0
 20
0.0
 30
0.0
  9
$PUCSORGFRONT
 10
0.0
 20
0.0
 30
0.0
  9
$PUCSORGBACK
 10
0.0
 20
0.0
 30
0.0
  9
$USERI1
 70
     0
  9
$USERI2
 70
     0
  9
$USERI3
 70
     0
  9
$USERI4
 70
     0
  9
$USERI5
 70
     0
  9
$USERR1
 40
0.0
  9
$USERR2
 40
0.0
  9
$USERR3
 40
0.0
  9
$USERR4
 40
0.0
  9
$USERR5
 40
9.599999999999999
  9
$WORLDVIEW
 70
     1
  9
$SHADEDGE
 70
     3
  9
$SHADEDIF
 70
    70
  9
$TILEMODE
 70
     1
  9
$MAXACTVP
 70
    48
  9
$PINSBASE
 10
0.0
 20
0.0
 30
0.0
  9
$PLIMCHECK
 70
     0
  9
$PEXTMIN
 10
0.0
 20
0.0
 30
0.0
  9
$PEXTMAX
 10
-82.8878936767578
 20
548.0223388671874
 30
2.0
  9
$PLIMMIN
 10
0.0
 20
0.0
  9
$PLIMMAX
 10
420.0
 20
297.0
  9
$UNITMODE
 70
     0
  9
$VISRETAIN
 70
     0
  9
$PLINEGEN
 70
     0
  9
$PSLTSCALE
 70
     1
  9
$TREEDEPTH
 70
  3020
  9
$CMLSTYLE
  2
Standard
  9
$CMLJUST
 70
     0
  9
$CMLSCALE
 40
20.0
  9
$PROXYGRAPHICS
 70
     1
  9
$MEASUREMENT
 70
     1
  9
$CELWEIGHT
370
    -1
  9
$ENDCAPS
280
     0
  9
$JOINSTYLE
280
     0
  9
$LWDISPLAY
290
     0
  9
$INSUNITS
 70
     0
  9
$HYPERLINKBASE
  1

  9
$STYLESHEET
  1

  9
$XEDIT
290
     1
  9
$CEPSNTYPE
380
     0
  9
$PSTYLEMODE
290
     0
  9
$FINGERPRINTGUID
  2

  9
$VERSIONGUID
  2
{C819409C-63F9-44EC-A464-231D9EF9F9B5}
  9
$EXTNAMES
290
     1
  9
$PSVPSCALE
 40
0.0
  9
$OLESTARTUP
290
     0
  9
$SORTENTS
280
   127
  9
$INDEXCTL
280
     0
  9
$HIDETEXT
280
     0
  9
$XCLIPFRAME
280
     2
  9
$HALOGAP
280
     0
  9
$OBSCOLOR
 70
   257
  9
$OBSLTYPE
280
     0
  9
$INTERSECTIONDISPLAY
280
     0
  9
$INTERSECTIONCOLOR
 70
   257
  9
$DIMASSOC
280
     1
  9
$PROJECTNAME
  1

  9
$CAMERADISPLAY
290
     0
  9
$LENSLENGTH
 40
50.0
  9
$CAMERAHEIGHT
 40
0.0
  9
$STEPSPERSEC
 40
2.0
  9
$STEPSIZE
 40
6.0
  9
$3DDWFPREC
 40
2.0
  9
$PSOLWIDTH
 40
0.25
  9
$PSOLHEIGHT
 40
4.0
  9
$LOFTANG1
 40
1.570796326794896
  9
$LOFTANG2
 40
1.570796326794896
  9
$LOFTMAG1
 40
0.0
  9
$LOFTMAG2
 40
0.0
  9
$LOFTPARAM
 70
     7
  9
$LOFTNORMALS
280
     1
  9
$LATITUDE
 40
37.795
  9
$LONGITUDE
 40
-122.394
  9
$NORTHDIRECTION
 40
0.0
  9
$TIMEZONE
 70
 -8000
  9
$LIGHTGLYPHDISPLAY
280
     1
  9
$TILEMODELIGHTSYNCH
280
     1
  9
$CMATERIAL
347
4DBF
  9
$SOLIDHIST
280
     0
  9
$SHOWHIST
280
     1
  9
$DWFFRAME
280
     2
  9
$DGNFRAME
280
     0
  9
$REALWORLDSCALE
290
     1
  9
$INTERFERECOLOR
 62
     1
  9
$CSHADOW
280
     0
  9
$SHADOWPLANELOCATION
 40
0.0
  0
ENDSEC
  0
SECTION
  2
CLASSES
  0
CLASS
  1
LWPOLYLINE
  2
AcDbPolyline
  3
ObjectDBX Classes
 90
        0
 91
        0
280
     0
281
     1
  0
CLASS
  1
IMAGE
  2
AcDbRasterImage
  3
ISM
 90
     2175
 91
        0
280
     0
281
     1
  0
CLASS
  1
OLE2FRAME
  2
AcDbOle2Frame
  3
ObjectDBX Classes
 90
        0
 91
        0
280
     0
281
     1
  0
CLASS
  1
HATCH
  2
AcDbHatch
  3
ObjectDBX Classes
 90
        0
 91
        0
280
     0
281
     1
  0
CLASS
  1
DICTIONARYVAR
  2
AcDbDictionaryVar
  3
ObjectDBX Classes
 90
        0
 91
       12
280
     0
281
     0
  0
CLASS
  1
RASTERVARIABLES
  2
AcDbRasterVariables
  3
ISM
 90
        0
 91
        1
280
     0
281
     0
  0
CLASS
  1
IMAGEDEF
  2
AcDbRasterImageDef
  3
ISM
 90
        0
 91
        0
280
     0
281
     0
  0
CLASS
  1
IMAGEDEF_REACTOR
  2
AcDbRasterImageDefReactor
  3
ISM
 90
        1
 91
        0
280
     0
281
     0
  0
CLASS
  1
IDBUFFER
  2
AcDbIdBuffer
  3
ObjectDBX Classes
 90
        0
 91
        0
280
     0
281
     0
  0
CLASS
  1
SPATIAL_FILTER
  2
AcDbSpatialFilter
  3
ObjectDBX Classes
 90
        0
 91
        0
280
     0
281
     0
  0
CLASS
  1
XRECORD
  2
AcDbXrecord
  3
ObjectDBX Classes
 90
        0
 91
        0
280
     0
281
     0
  0
CLASS
  1
SORTENTSTABLE
  2
AcDbSortentsTable
  3
ObjectDBX Classes
 90
        0
 91
        2
280
     0
281
     0
  0
CLASS
  1
LAYER_INDEX
  2
AcDbLayerIndex
  3
ObjectDBX Classes
 90
        0
 91
        0
280
     0
281
     0
  0
CLASS
  1
SPATIAL_INDEX
  2
AcDbSpatialIndex
  3
ObjectDBX Classes
 90
        0
 91
        0
280
     0
281
     0
  0
CLASS
  1
OBJECT_PTR
  2
CAseDLPNTableRecord
  3
ASE-LPNTableRecord
 90
        1
 91
        0
280
     0
281
     0
  0
CLASS
  1
LAYOUT
  2
AcDbLayout
  3
ObjectDBX Classes
 90
        0
 91
        0
280
     0
281
     0
  0
CLASS
  1
PLOTSETTINGS
  2
AcDbPlotSettings
  3
ObjectDBX Classes
 90
        0
 91
        0
280
     0
281
     0
  0
CLASS
  1
ACDBDICTIONARYWDFLT
  2
AcDbDictionaryWithDefault
  3
ObjectDBX Classes
 90
        0
 91
        1
280
     0
281
     0
  0
CLASS
  1
ACDBPLACEHOLDER
  2
AcDbPlaceHolder
  3
ObjectDBX Classes
 90
        0
 91
        0
280
     0
281
     0
  0
CLASS
  1
VBA_PROJECT
  2
AcDbVbaProject
  3
acad
 90
        0
 91
        0
280
     0
281
     0
  0
CLASS
  1
WIPEOUT
  2
AcDbWipeout
  3
WipeOut|Product Desc: Object Enabler for WipeOut entity | Company: Autodesk, Inc. | WEB Address: www.autodesk.com
 90
     2175
 91
        0
280
     0
281
     1
  0
CLASS
  1
WIPEOUTVARIABLES
  2
AcDbWipeoutVariables
  3
"WipeOut|Product Desc:     WipeOut Dbx Application|Company:          Autodesk, Inc.|WEB Address:      www.autodesk.com"
 90
        0
 91
        1
280
     0
281
     0
  0
CLASS
  1
RTEXT
  2
RText
  3
RText|AutoCAD Express Tool|expresstools@autodesk.com
 90
     3071
 91
        0
280
     0
281
     1
  0
CLASS
  1
ARCALIGNEDTEXT
  2
AcDbArcAlignedText
  3
ATEXT|AutoCAD Express Tool|expresstools@autodesk.com
 90
        0
 91
        0
280
     0
281
     1
  0
CLASS
  1
MATERIAL
  2
AcDbMaterial
  3
ObjectDBX Classes
 90
     1153
 91
        3
280
     0
281
     0
  0
CLASS
  1
VISUALSTYLE
  2
AcDbVisualStyle
  3
ObjectDBX Classes
 90
     4095
 91
       25
280
     0
281
     0
  0
CLASS
  1
TABLESTYLE
  2
AcDbTableStyle
  3
ObjectDBX Classes
 90
     4095
 91
        1
280
     0
281
     0
  0
CLASS
  1
SCALE
  2
AcDbScale
  3
ObjectDBX Classes
 90
     1153
 91
       17
280
     0
281
     0
  0
CLASS
  1
MLEADERSTYLE
  2
AcDbMLeaderStyle
  3
ACDB_MLEADERSTYLE_CLASS
 90
     4095
 91
        1
280
     0
281
     0
  0
CLASS
  1
ACDBSECTIONVIEWSTYLE
  2
AcDbSectionViewStyle
  3
ObjectDBX Classes
 90
     1025
 91
        1
280
     0
281
     0
  0
CLASS
  1
ACDBDETAILVIEWSTYLE
  2
AcDbDetailViewStyle
  3
ObjectDBX Classes
 90
     1025
 91
        1
280
     0
281
     0
  0
CLASS
  1
DIMASSOC
  2
AcDbDimAssoc
  3
ZcDbDimAssoc ObjectDBX Classes
 90
        0
 91
       12
280
     0
281
     0
  0
CLASS
  1
CELLSTYLEMAP
  2
AcDbCellStyleMap
  3
ObjectDBX Classes
 90
     1152
 91
       22
280
     0
281
     0
  0
CLASS
  1
VLO-VL
  2
vlo_VL
  3
ObjectDBX Classes
 90
       81
 91
        1
280
     0
281
     0
  0
CLASS
  1
ZCDBISOLATEOBJECT
  2
ZcDbIsolateObject
  3
ZcDbIsolateObject
 90
        1
 91
        0
280
     0
281
     0
  0
CLASS
  1
TCH_DBCONFIG
  2
TDbConfig
  3
TCH_KERNAL|缺乏中望建筑解释器, 请下载中望建筑相关产品|网址: www.zwsoft.cn
 90
        1
 91
        2
280
     0
281
     0
  0
ENDSEC
  0
SECTION
  2
TABLES
  0
TABLE
  2
VPORT
  5
7
330
0
100
AcDbSymbolTable
 70
     1
  0
VPORT
  5
CB98
330
7
100
AcDbSymbolTableRecord
100
AcDbViewportTableRecord
  2
*Active
 70
     0
 10
0.0
 20
0.0
 11
1.0
 21
1.0
 12
3183.293686184354
 22
167.6102438152121
 13
0.0
 23
0.0
 14
1.0
 24
1.0
 15
0.0
 25
0.0
 16
0.0
 26
0.0
 36
1.0
 17
0.0
 27
0.0
 37
0.0
 40
1332.792451272339
 41
3.058568329718004
 42
50.0
 43
0.0
 44
0.0
 50
0.0
 51
0.0
 71
     0
 72
   100
 73
     1
 74
     1
 75
     0
 76
     0
 77
     0
 78
     0
281
     0
 65
     0
110
0.0
120
0.0
130
0.0
111
1.0
121
0.0
131
0.0
112
0.0
122
1.0
132
0.0
 79
     0
146
0.0
348
4DDD
 60
     3
 61
     5
292
     1
282
     1
141
0.0
142
0.0
 63
   250
421
  3355443
1001
ACAD_NAV_VCDISPLAY
1070
     3
  0
ENDTAB
  0
TABLE
  2
LTYPE
  5
4
330
0
100
AcDbSymbolTable
 70
     2
  0
LTYPE
  5
11
330
4
100
AcDbSymbolTableRecord
100
AcDbLinetypeTableRecord
  2
ByBlock
 70
     0
  3

 72
    65
 73
     0
 40
0.0
  0
LTYPE
  5
12
330
4
100
AcDbSymbolTableRecord
100
AcDbLinetypeTableRecord
  2
ByLayer
 70
     0
  3

 72
    65
 73
     0
 40
0.0
  0
LTYPE
  5
13
330
4
100
AcDbSymbolTableRecord
100
AcDbLinetypeTableRecord
  2
Continuous
 70
     0
  3
Solid line
 72
    65
 73
     0
 40
0.0
  0
LTYPE
  5
5521
330
4
100
AcDbSymbolTableRecord
100
AcDbLinetypeTableRecord
  2
CENTER
 70
     0
  3
Center ____ _ ____ _ ____ _ ____ _ ____ _ ____
 72
    65
 73
     4
 40
50.8
 49
31.75
 74
     0
 49
-6.349999999999999
 74
     0
 49
6.349999999999999
 74
     0
 49
-6.349999999999999
 74
     0
  0
ENDTAB
  0
TABLE
  2
LAYER
  5
2
102
{ACAD_XDICTIONARY
360
4E43
102
}
330
0
100
AcDbSymbolTable
 70
    17
  0
LAYER
  5
14
102
{ACAD_XDICTIONARY
360
4E3A
102
}
330
2
100
AcDbSymbolTableRecord
100
AcDbLayerTableRecord
  2
0
 70
     0
 62
     7
  6
Continuous
370
    -3
390
1D
347
4DCF
348
0
  0
LAYER
  5
4E17
330
2
100
AcDbSymbolTableRecord
100
AcDbLayerTableRecord
  2
Defpoints
 70
     0
 62
     7
  6
Continuous
290
     0
370
    -3
390
1D
347
4DCF
348
0
  0
LAYER
  5
4EC6
102
{ACAD_XDICTIONARY
360
4EC7
102
}
330
2
100
AcDbSymbolTableRecord
100
AcDbLayerTableRecord
  2
标注
 70
     0
 62
     2
  6
Continuous
370
    -3
390
1D
347
4DCF
348
0
1001
AcAecLayerStandard
1000

1000

  0
LAYER
  5
4EC9
102
{ACAD_XDICTIONARY
360
4ECA
102
}
330
2
100
AcDbSymbolTableRecord
100
AcDbLayerTableRecord
  2
FRAME 070
 70
     0
 62
     5
  6
Continuous
370
    -3
390
1D
347
4DCF
348
0
  0
LAYER
  5
4ECC
102
{ACAD_XDICTIONARY
360
4ECD
102
}
330
2
100
AcDbSymbolTableRecord
100
AcDbLayerTableRecord
  2
FRAME 050
 70
     0
 62
     6
  6
Continuous
370
    -3
390
1D
347
4DCF
348
0
  0
LAYER
  5
4ECF
102
{ACAD_XDICTIONARY
360
4ED0
102
}
330
2
100
AcDbSymbolTableRecord
100
AcDbLayerTableRecord
  2
FRAME 025
 70
     0
 62
     7
  6
Continuous
370
    -3
390
1D
347
4DCF
348
0
  0
LAYER
  5
4ED2
102
{ACAD_XDICTIONARY
360
4ED3
102
}
330
2
100
AcDbSymbolTableRecord
100
AcDbLayerTableRecord
  2
FRAME 200
 70
     0
 62
     8
  6
Continuous
370
    -3
390
1D
347
4DCF
348
0
  0
LAYER
  5
4ED5
102
{ACAD_XDICTIONARY
360
4ED6
102
}
330
2
100
AcDbSymbolTableRecord
100
AcDbLayerTableRecord
  2
凸台-拉-1837905
 70
     0
 62
     7
  6
Continuous
370
    -3
390
1D
347
4DCF
348
0
  0
LAYER
  5
7816
330
2
100
AcDbSymbolTableRecord
100
AcDbLayerTableRecord
  2
dim
 70
     0
 62
    84
  6
Continuous
370
     9
390
1D
347
4DCF
348
0
  0
LAYER
  5
792E
102
{ACAD_XDICTIONARY
360
792F
102
}
330
2
100
AcDbSymbolTableRecord
100
AcDbLayerTableRecord
  2
图框
 70
     0
 62
     7
  6
Continuous
370
    -3
390
1D
347
4DCF
348
0
  0
LAYER
  5
7931
102
{ACAD_XDICTIONARY
360
7932
102
}
330
2
100
AcDbSymbolTableRecord
100
AcDbLayerTableRecord
  2
TEXT
 70
     0
 62
     7
  6
Continuous
370
    20
390
1D
347
4DCF
348
0
  0
LAYER
  5
7934
330
2
100
AcDbSymbolTableRecord
100
AcDbLayerTableRecord
  2
06___PRT_AL_SURFS
 70
     0
 62
     7
  6
Continuous
370
    -3
390
1D
347
4DCF
348
0
  0
LAYER
  5
7935
330
2
100
AcDbSymbolTableRecord
100
AcDbLayerTableRecord
  2
菲林
 70
     0
 62
    11
  6
Continuous
370
    -3
390
1D
347
4DCF
348
0
  0
LAYER
  5
7936
330
2
100
AcDbSymbolTableRecord
100
AcDbLayerTableRecord
  2
发热丝
 70
     0
 62
     3
  6
Continuous
370
    -3
390
1D
347
4DCF
348
0
  0
LAYER
  5
7937
330
2
100
AcDbSymbolTableRecord
100
AcDbLayerTableRecord
  2
填充
 70
     0
 62
     3
  6
Continuous
370
    -3
390
1D
347
4DCF
348
0
  0
LAYER
  5
7938
330
2
100
AcDbSymbolTableRecord
100
AcDbLayerTableRecord
  2
参照
 70
     0
 62
     6
  6
Continuous
370
    -3
390
1D
347
4DCF
348
0
  0
LAYER
  5
85F4
330
2
100
AcDbSymbolTableRecord
100
AcDbLayerTableRecord
  2
xline
 70
     0
 62
    41
  6
Continuous
290
     0
370
    -3
390
1D
347
4DCF
348
0
1001
AcAecLayerStandard
1000

1000
杈呭姪绾垮浘灞傦紝涓嶅彲鎵撳嵃锛
  0
ENDTAB
  0
TABLE
  2
STYLE
  5
3
330
0
100
AcDbSymbolTable
 70
    12
  0
STYLE
  5
17
330
3
100
AcDbSymbolTableRecord
100
AcDbTextStyleTableRecord
  2
Standard
 70
     0
 40
0.0
 41
0.8
 50
0.0
 71
     0
 42
0.0
  3
txt
  4

  0
STYLE
  5
4ED8
330
3
100
AcDbSymbolTableRecord
100
AcDbTextStyleTableRecord
  2
标注
 70
     0
 40
0.0
 41
1.0
 50
0.0
 71
     0
 42
2.5
  3

  4

1001
ACAD
1000
SimSun
1071
    34306
  0
STYLE
  5
4ED9
330
3
100
AcDbSymbolTableRecord
100
AcDbTextStyleTableRecord
  2
标准
 70
     0
 40
0.0
 41
0.667
 50
0.0
 71
     0
 42
3.5
  3

  4

1001
CAXA_DRAFT_TXTSTYLE
1041
0.1
1041
1.917999999999999
1001
ACAD
1000
宋体
1071
    34306
  0
STYLE
  5
4EDA
330
3
100
AcDbSymbolTableRecord
100
AcDbTextStyleTableRecord
  2
工程字
 70
     0
 40
3.5
 41
1.0
 50
0.0
 71
     0
 42
3.5
  3

  4

1001
ACAD
1000
CAXA
1071
        2
  0
STYLE
  5
4EDB
330
3
100
AcDbSymbolTableRecord
100
AcDbTextStyleTableRecord
  2
BZ 尺寸标注
 70
     0
 40
0.0
 41
0.7
 50
0.0
 71
     0
 42
3.5
  3

  4

1001
ACAD
1000
SimSun
1071
    34306
  0
STYLE
  5
7939
330
3
100
AcDbSymbolTableRecord
100
AcDbTextStyleTableRecord
  2
ROMANS
 70
     0
 40
0.0
 41
1.0
 50
0.0
 71
     0
 42
4.0
  3

  4

1001
ACAD
1000
SimSun
1071
        2
  0
STYLE
  5
793A
330
3
100
AcDbSymbolTableRecord
100
AcDbTextStyleTableRecord
  2
ROMANT
 70
     0
 40
0.0
 41
1.0
 50
0.0
 71
     0
 42
2.2
  3

  4

1001
ACAD
1000
SimSun
1071
        2
  0
STYLE
  5
832F
330
3
100
AcDbSymbolTableRecord
100
AcDbTextStyleTableRecord
  2
Annotative
 70
     0
 40
0.0
 41
1.0
 50
0.0
 71
     0
 42
0.2
  3
txt.shx
  4

1001
AcadAnnotative
1000
AnnotativeData
1002
{
1070
     1
1070
     1
1002
}
  0
STYLE
  5
B8F9
330
3
100
AcDbSymbolTableRecord
100
AcDbTextStyleTableRecord
  2
注释文本 (ISO)
 70
     0
 40
0.0
 41
1.0
 50
0.0
 71
     0
 42
0.2
  3
tahoma.ttf
  4

1001
ACAD
1000
Tahoma
1071
      256
  0
STYLE
  5
CB50
330
3
100
AcDbSymbolTableRecord
100
AcDbTextStyleTableRecord
  2
ISO Proportional
 70
     0
 40
0.0
 41
0.8
 50
0.0
 71
     0
 42
2.5
  3
simhei.ttf
  4

1001
ACAD
1000
SimHei
1071
    34353
  0
STYLE
  5
CB51
330
3
100
AcDbSymbolTableRecord
100
AcDbTextStyleTableRecord
  2
SLDTEXTSTYLE0
 70
     0
 40
0.0
 41
0.7
 50
0.0
 71
     0
 42
3.5
  3
TXT
  4

  0
STYLE
  5
210BB
330
3
100
AcDbSymbolTableRecord
100
AcDbTextStyleTableRecord
  2
MtX_Arial
 70
     0
 40
0.0
 41
1.0
 50
0.0
 71
     0
 42
2.5
  3

  4

1001
ACAD
1000
Arial
1071
       34
  0
ENDTAB
  0
TABLE
  2
VIEW
  5
5
330
0
100
AcDbSymbolTable
 70
     0
  0
ENDTAB
  0
TABLE
  2
UCS
  5
6
330
0
100
AcDbSymbolTable
 70
     0
  0
ENDTAB
  0
TABLE
  2
APPID
  5
8
330
0
100
AcDbSymbolTable
 70
    23
  0
APPID
  5
16
330
8
100
AcDbSymbolTableRecord
100
AcDbRegAppTableRecord
  2
ACAD
 70
     0
  0
APPID
  5
4E0E
330
8
100
AcDbSymbolTableRecord
100
AcDbRegAppTableRecord
  2
ACAD_EXEMPT_FROM_CAD_STANDARDS
 70
     0
  0
APPID
  5
4E3E
330
8
100
AcDbSymbolTableRecord
100
AcDbRegAppTableRecord
  2
DCO15
 70
     0
  0
APPID
  5
4E49
330
8
100
AcDbSymbolTableRecord
100
AcDbRegAppTableRecord
  2
ACAD_NAV_VCDISPLAY
 70
     0
  0
APPID
  5
4EE0
330
8
100
AcDbSymbolTableRecord
100
AcDbRegAppTableRecord
  2
ACAD_PSEXT
 70
     0
  0
APPID
  5
4EE1
330
8
100
AcDbSymbolTableRecord
100
AcDbRegAppTableRecord
  2
AcAecLayerStandard
 70
     0
  0
APPID
  5
4EE2
330
8
100
AcDbSymbolTableRecord
100
AcDbRegAppTableRecord
  2
ACAD_DSTYLE_DIMJAG
 70
     0
  0
APPID
  5
4EE3
330
8
100
AcDbSymbolTableRecord
100
AcDbRegAppTableRecord
  2
ACAD_DSTYLE_DIMTALN
 70
     0
  0
APPID
  5
4EE4
330
8
100
AcDbSymbolTableRecord
100
AcDbRegAppTableRecord
  2
CAXA_DRAFT_TXTSTYLE
 70
     0
  0
APPID
  5
4EE5
330
8
100
AcDbSymbolTableRecord
100
AcDbRegAppTableRecord
  2
ACAD_DSTYLE_DIMBREAK
 70
     0
  0
APPID
  5
4EE6
330
8
100
AcDbSymbolTableRecord
100
AcDbRegAppTableRecord
  2
GradientColor1ACI
 70
     0
  0
APPID
  5
4EE7
330
8
100
AcDbSymbolTableRecord
100
AcDbRegAppTableRecord
  2
GradientColor2ACI
 70
     0
  0
APPID
  5
51E7
330
8
100
AcDbSymbolTableRecord
100
AcDbRegAppTableRecord
  2
ZWCAD_MTEXT_RTL_PARAGRAPHS
 70
     0
  0
APPID
  5
5226
330
8
100
AcDbSymbolTableRecord
100
AcDbRegAppTableRecord
  2
Acad_TC
 70
     0
  0
APPID
  5
5228
330
8
100
AcDbSymbolTableRecord
100
AcDbRegAppTableRecord
  2
AcadAnnotative
 70
     0
  0
APPID
  5
58E3
330
8
100
AcDbSymbolTableRecord
100
AcDbRegAppTableRecord
  2
HATCHBACKGROUNDCOLOR
 70
     0
  0
APPID
  5
6FC5
330
8
100
AcDbSymbolTableRecord
100
AcDbRegAppTableRecord
  2
DetailViewStyle
 70
     0
  0
APPID
  5
6FC8
330
8
100
AcDbSymbolTableRecord
100
AcDbRegAppTableRecord
  2
ACAD_MLEADERVER
 70
     0
  0
APPID
  5
6FCB
330
8
100
AcDbSymbolTableRecord
100
AcDbRegAppTableRecord
  2
SectionViewStyle
 70
     0
  0
APPID
  5
85A0
330
8
100
AcDbSymbolTableRecord
100
AcDbRegAppTableRecord
  2
AEC_ISOLATEDOBJECTS_XDATA
 70
     0
  0
APPID
  5
B8B3
330
8
100
AcDbSymbolTableRecord
100
AcDbRegAppTableRecord
  2
ACAD_DSTYLE_DIMINSPECT
 70
     0
  0
APPID
  5
B8FB
330
8
100
AcDbSymbolTableRecord
100
AcDbRegAppTableRecord
  2
AcCmTransparency
 70
     0
  0
APPID
  5
24B28
330
8
100
AcDbSymbolTableRecord
100
AcDbRegAppTableRecord
  2
PLOTTRANSPARENCY
 70
     0
  0
ENDTAB
  0
TABLE
  2
DIMSTYLE
  5
9
330
0
100
AcDbSymbolTable
 70
    10
100
AcDbDimStyleTable
 71
     4
340
4EDC
340
CA6F
340
18
340
4EDD
  0
DIMSTYLE
105
18
330
9
100
AcDbSymbolTableRecord
100
AcDbDimStyleTableRecord
  2
Standard
 70
     0
340
17
1001
AcadAnnotative
1000
AnnotativeData
1002
{
1070
     1
1070
     0
1002
}
  0
DIMSTYLE
105
4EDC
330
9
100
AcDbSymbolTableRecord
100
AcDbDimStyleTableRecord
  2
ISO-25
 70
     0
 41
2.5
 42
0.625
 43
3.75
 44
1.25
 73
     0
 74
     0
 77
     1
 78
     8
140
2.5
141
2.5
143
0.03937007874016
147
0.625
171
     3
172
     1
271
     2
272
     2
274
     3
278
    44
283
     0
284
     8
340
17
  0
DIMSTYLE
105
4EDD
330
9
100
AcDbSymbolTableRecord
100
AcDbDimStyleTableRecord
  2
标注样式大
 70
     0
 41
10.0
 42
0.625
 43
3.75
 44
1.25
 73
     0
 74
     0
 77
     1
 78
     8
140
20.0
141
2.5
143
0.03937007874016
147
0.625
171
     3
172
     1
176
     3
177
     3
271
     2
178
     3
271
     2
272
     2
274
     3
278
    44
283
     0
284
     8
340
4ED8
  0
DIMSTYLE
105
4EDE
330
9
100
AcDbSymbolTableRecord
100
AcDbDimStyleTableRecord
  2
标注样式小
 70
     0
 41
1.75
 42
0.625
 43
0.875
 44
1.25
 73
     0
 74
     0
 77
     1
 78
     8
140
3.5
141
2.5
143
0.03937007874016
147
0.625
171
     3
172
     1
176
     3
177
     3
271
     2
178
     3
271
     2
272
     2
274
     3
278
    44
283
     0
284
     8
340
4ED8
  0
DIMSTYLE
105
4EDF
330
9
100
AcDbSymbolTableRecord
100
AcDbDimStyleTableRecord
  2
BZ Standard
 70
     0
 41
2.5
 42
0.625
 43
8.0
 44
1.25
 48
0.000000001
 73
     0
 74
     0
 77
     1
 78
     8
 79
     2
140
3.5
141
2.5
146
0.7
147
0.625
172
     1
175
     1
176
   256
177
   256
271
     1
178
   256
179
     2
271
     1
272
     1
283
     0
284
     8
289
     0
340
4EDB
371
    13
372
    13
345
12
346
12
347
12
1001
ACAD_DSTYLE_DIMBREAK
1070
   391
1040
3.0
1001
ACAD_DSTYLE_DIMJAG
1070
   388
1040
38.0
1001
ACAD_DSTYLE_DIMTALN
1070
   392
1070
     0
  0
DIMSTYLE
105
B8FA
330
9
100
AcDbSymbolTableRecord
100
AcDbDimStyleTableRecord
  2
默认 (GB)
 70
     0
 40
3.0
 41
4.0
 42
0.0
 43
5.999999999999999
 44
5.0
 45
0.00000001
 46
10.0
 73
     0
 74
     0
 77
     1
 78
     8
 79
     2
140
3.5
143
0.0393700787401575
147
0.75
171
     3
172
     1
176
   256
177
   256
271
     2
178
   256
179
     3
271
     2
272
     2
274
     3
275
     1
285
     8
340
B8F9
341
B8EB
342
B8EB
371
    -1
372
    -1
  0
DIMSTYLE
105
CA6F
330
9
100
AcDbSymbolTableRecord
100
AcDbDimStyleTableRecord
  2
副本 ISO-25
 70
     0
 41
2.5
 42
0.625
 43
3.75
 44
1.25
 73
     0
 74
     0
 77
     1
 78
     8
140
3.5
141
2.5
143
0.03937007874016
147
0.625
171
     3
172
     1
271
     2
272
     2
274
     3
283
     0
284
     8
340
4ED9
1001
AcadAnnotative
1000
AnnotativeData
1002
{
1070
     1
1070
     0
1002
}
  0
DIMSTYLE
105
CB52
330
9
100
AcDbSymbolTableRecord
100
AcDbDimStyleTableRecord
  2
Annotative
 70
     0
 40
0.0
 41
2.5
 42
0.625
 43
3.75
 44
1.25
 73
     0
 74
     0
 77
     1
 78
     8
140
2.5
141
2.5
143
0.03937007874016
147
0.625
171
     3
172
     1
271
     2
272
     2
274
     3
278
    44
283
     0
284
     8
340
17
1001
AcadAnnotative
1000
AnnotativeData
1002
{
1070
     1
1070
     1
1002
}
1001
ACAD_DSTYLE_DIMJAG
1070
   388
1040
1.5
1001
ACAD_DSTYLE_DIMTALN
1070
   392
1070
     0
  0
DIMSTYLE
105
CB53
330
9
100
AcDbSymbolTableRecord
100
AcDbDimStyleTableRecord
  2
SLDDIMSTYLE2
 70
     0
 41
6.0
 44
0.0
 45
0.000000001
 73
     0
 77
     1
 78
     4
 79
     1
140
9.0
147
1.0
173
     1
176
     4
177
     3
271
     2
178
     1
271
     2
272
     2
276
     2
284
    12
340
CB51
1001
AcadAnnotative
1000
AnnotativeData
1002
{
1070
     1
1070
     0
1002
}
  0
DIMSTYLE
105
24A72
330
9
100
AcDbSymbolTableRecord
100
AcDbDimStyleTableRecord
  2
YanXiu
 70
     0
 41
2.5
 42
0.625
 43
3.75
 44
1.25
 73
     0
 74
     0
 77
     1
 78
     8
140
3.5
141
2.5
143
0.0393701
147
0.625
171
     3
172
     1
271
     2
272
     2
274
     3
283
     0
284
     8
340
4ED8
1001
AcadAnnotative
1000
AnnotativeData
1002
{
1070
     1
1070
     0
1002
}
  0
ENDTAB
  0
TABLE
  2
BLOCK_RECORD
  5
1
330
0
100
AcDbSymbolTable
 70
    39
  0
BLOCK_RECORD
  5
A
102
{ACAD_XDICTIONARY
360
5514
102
}
330
1
100
AcDbSymbolTableRecord
100
AcDbBlockTableRecord
  2
*MODEL_SPACE
340
20
 70
     0
280
     1
281
     0
  0
BLOCK_RECORD
  5
B
330
1
100
AcDbSymbolTableRecord
100
AcDbBlockTableRecord
  2
*PAPER_SPACE
340
21
 70
     0
280
     1
281
     0
  0
BLOCK_RECORD
  5
4E18
330
1
100
AcDbSymbolTableRecord
100
AcDbBlockTableRecord
  2
*D0
340
0
 70
     0
280
     1
281
     0
  0
BLOCK_RECORD
  5
4E25
330
1
100
AcDbSymbolTableRecord
100
AcDbBlockTableRecord
  2
*D1
340
0
 70
     0
280
     1
281
     0
  0
BLOCK_RECORD
  5
59AF
330
1
100
AcDbSymbolTableRecord
100
AcDbBlockTableRecord
  2
*D2
340
0
 70
     0
280
     1
281
     0
  0
BLOCK_RECORD
  5
5AEE
330
1
100
AcDbSymbolTableRecord
100
AcDbBlockTableRecord
  2
*D3
340
0
 70
     0
280
     1
281
     0
  0
BLOCK_RECORD
  5
5BF7
330
1
100
AcDbSymbolTableRecord
100
AcDbBlockTableRecord
  2
*D4
340
0
 70
     0
280
     1
281
     0
  0
BLOCK_RECORD
  5
5D00
330
1
100
AcDbSymbolTableRecord
100
AcDbBlockTableRecord
  2
*D5
340
0
 70
     0
280
     1
281
     0
  0
BLOCK_RECORD
  5
62E6
330
1
100
AcDbSymbolTableRecord
100
AcDbBlockTableRecord
  2
*D6
340
0
 70
     0
280
     1
281
     0
  0
BLOCK_RECORD
  5
63F8
330
1
100
AcDbSymbolTableRecord
100
AcDbBlockTableRecord
  2
*D7
340
0
 70
     0
280
     1
281
     0
  0
BLOCK_RECORD
  5
64DD
330
1
100
AcDbSymbolTableRecord
100
AcDbBlockTableRecord
  2
*D8
340
0
 70
     0
280
     1
281
     0
  0
BLOCK_RECORD
  5
6595
330
1
100
AcDbSymbolTableRecord
100
AcDbBlockTableRecord
  2
*D9
340
0
 70
     0
280
     1
281
     0
  0
BLOCK_RECORD
  5
6955
330
1
100
AcDbSymbolTableRecord
100
AcDbBlockTableRecord
  2
*D10
340
0
 70
     0
280
     1
281
     0
  0
BLOCK_RECORD
  5
6A7C
330
1
100
AcDbSymbolTableRecord
100
AcDbBlockTableRecord
  2
*D11
340
0
 70
     0
280
     1
281
     0
  0
BLOCK_RECORD
  5
700E
330
1
100
AcDbSymbolTableRecord
100
AcDbBlockTableRecord
  2
*D12
340
0
 70
     0
280
     1
281
     0
  0
BLOCK_RECORD
  5
74DA
330
1
100
AcDbSymbolTableRecord
100
AcDbBlockTableRecord
  2
*D13
340
0
 70
     0
280
     1
281
     0
  0
BLOCK_RECORD
  5
784D
330
1
100
AcDbSymbolTableRecord
100
AcDbBlockTableRecord
  2
logo
340
0
310
28000000200000002000000001002000000000000010000001000000010000000000000000000000000000FF000000FF000000FF000000FF000000FF000000FF000000FF000000FF000000FF000000FF000000FF000000FF000000FF000000FF000000FF000000FF000000FF000000FF000000FF000000FF000000FF000000
310
FF000000FF000000FF000000FF000000FF000000FF000000FF000000FF000000FF000000FF000000FF000000FF000000FF000000FF000000FF000000FF000000FF000000FF000000FF000000FF000000FF000000FF000000FF000000FF000000FF000000FF000000FF000000FF000000FF000000FF000000FF000000FF0000
310
00FF000000FF000000FF000000FF000000FF000000FF000000FF000000FF000000FF000000FF000000FF000000FF000000FF000000FF000000FF000000FF000000FF000000FF000000FF000000FF000000FF000000FF000000FF000000FF000000FF000000FF000000FF000000FF000000FF000000FF000000FF000000FF00
310
0000FF000000FF000000FF000000FF000000FF000000FF000000FF000000FF000000FF000000FF000000FF000000FF000000FF000000FF000000FF000000FF000000FF000000FF000000FF000000FF000000FF000000FF000000FF000000FF000000FF000000FF000000FF000000FF000000FF000000FF000000FF000000FF
310
000000FF000000FF000000FF000000FF000000FF000000FF000000FF000000FF000000FF000000FF000000FF000000FF000000FF000000FF000000FF000000FF000000FF000000FF000000FF000000FF000000FF000000FF000000FF000000FF000000FF000000FF000000FF000000FF000000FF000000FF000000FF000000
310
FF000000FF000000FF000000FF000000FF000000FF000000FF000000FF000000FF000000FF000000FF000000FF000000FF000000FF000000FF000000FF000000FF000000FF000000FF000000FF000000FF000000FF000000FF000000FF000000FF000000FF000000FF000000FF000000FF000000FF000000FF000000FF0000
310
00FF000000FF000000FF000000FF000000FF000000FF000000FF000000FF000000FF000000FF000000FF000000FF000000FF000000FF000000FF000000FF000000FF000000FF000000FF000000FF000000FF000000FF000000FF000000FF000000FF000000FF000000FF000000FF000000FF000000FF000000FF000000FF00
310
0000FF000000FF000000FF000000FF000000FF000000FF000000FF000000FF000000FF000000FF000000FF000000FF000000FF000000FF000000FF000000FF000000FF000000FF000000FF000000FF000000FF000000FF000000FF000000FF000000FF000000FF000000FF000000FF000000FF000000FF000000FF000000FF
310
000000FF000000FF000000FF000000FF000000FF000000FF000000FF000000FF000000FF000000FF000000FF000000FF000000FF000000FF000000FF000000FF000000FF000000FF000000FF000000FF000000FF000000FF000000FF000000FF000000FF000000FF000000FF000000FF000000FF000000FF000000FF000000
310
FF000000FF000000FF000000FF000000FF000000FF000000FF000000FF000000FF000000FF000000FF000000FF000000FF000000FF000000FF000000FF000000FF000000FF000000FF000000FF000000FF000000FF000000FF000000FF000000FF000000FF000000FF000000FF000000FF000000FF000000FF000000FF0000
310
00FF000000FF000000FF000000FF000000FF000000FF000000FF000000FF000000FF000000FF000000FF000000FF000000FF000000FF000000FF000000FF000000FF000000FF000000FF000000FF000000FF000000FF000000FF000000FF000000FF000000FF000000FF000000FF000000FF000000FF000000FF000000FF00
310
0000FF000000FF000000FF000000FF000000FF000000FF000000FF000000FF000000FF000000FF000000FF000000FF000000FF000000FF000000FF000000FF000000FF000000FF000000FF000000FF000000FF000000FF000000FF000000FF000000FF000000FF000000FF000000FF000000FF000000FF000000FF000000FF
310
000000FF000000FF000000FF000000FF000000FF000000FF000000FF000000FF000000FF000000FF000000FF000000FF000000FF000000FF000000FFFFFFFFFFFFFFFFFFFFFFFFFFFFFFFFFFFFFFFFFF000000FF000000FFFFFFFFFFFFFFFFFF000000FFFFFFFFFFFFFFFFFFFFFFFFFFFFFFFFFFFFFFFFFFFFFFFFFFFFFFFF
310
FFFFFFFFFFFFFFFFFFFFFFFFFFFFFFFFFFFFFFFFFFFFFFFFFF000000FF000000FFFFFFFFFFFFFFFFFFFFFFFFFFFFFFFFFF000000FF000000FFFFFFFFFFFFFFFFFFFFFFFFFFFFFFFFFFFFFFFFFFFFFFFFFF000000FF000000FFFFFFFFFFFFFFFFFF000000FFFFFFFFFFFFFFFFFFFFFFFFFFFFFFFFFFFFFFFFFFFFFFFFFFFFFF
310
FFFFFFFFFFFFFFFFFFFFFFFFFFFFFFFFFFFFFFFFFFFFFFFFFFFF000000FF000000FFFFFFFFFFFFFFFFFFFFFFFFFFFFFFFFFF000000FF000000FFFFFFFFFFFFFFFFFFFFFFFFFF000000FF000000FF000000FF000000FF000000FFFFFFFFFFFFFFFFFF000000FFFFFFFFFFFFFFFFFFFFFFFFFFFFFFFFFFFFFFFFFFFFFFFFFFFF
310
FFFFFFFFFFFFFF000000FF000000FF000000FFFFFFFFFFFFFFFFFFFFFFFFFFFFFFFFFFFFFFFFFFFFFFFFFFFFFFFFFFFFFFFFFF000000FF000000FFFFFFFFFFFFFFFFFFFFFFFFFF000000FF000000FF000000FF000000FF000000FFFFFFFFFFFFFFFFFF000000FFFFFFFFFFFFFFFFFFFFFFFFFFFFFFFFFFFFFFFFFFFFFFFFFF
310
FFFFFFFFFFFFFFFF000000FF000000FF000000FFFFFFFFFFFFFFFFFFFFFFFFFFFFFFFFFFFFFFFFFFFFFFFFFFFFFFFFFFFFFFFFFF000000FF000000FFFFFFFFFFFFFFFFFFFFFFFFFFFFFFFFFFFFFFFFFFFFFFFFFFFFFFFFFFFFFFFFFFFFFFFFFFFFFFFFFFFFFFFFFFFFFFFFFFFFFFFFFFFFFFFFFFFFFFFFFFFFFFFFFFFFFFFF
310
FFFFFFFFFFFFFFFFFFFFFFFFFFFFFFFFFFFFFFFFFFFFFFFFFFFFFFFFFF000000FF000000FFFFFFFFFFFFFFFFFFFFFFFFFFFFFFFFFF000000FF000000FF000000FFFFFFFFFFFFFFFFFFFFFFFFFFFFFFFFFFFFFFFFFFFFFFFFFFFFFFFFFFFFFFFFFFFFFFFFFFFFFFFFFFFFFFFFFFFFFFFFFFFFFFFFFFFFFFFFFFFFFFFFFFFFFF
310
FFFFFFFFFFFFFFFFFFFFFFFFFFFFFFFFFFFFFFFFFFFFFFFFFFFFFFFFFFFF000000FF000000FFFFFFFFFFFFFFFFFFFFFFFFFFFFFFFFFF000000FF000000FF000000FF000000FF000000FF000000FF000000FF000000FF000000FF000000FF000000FF000000FF000000FF000000FF000000FF000000FF000000FF000000FF00
310
0000FF000000FF000000FF000000FF000000FF000000FF000000FF000000FF000000FF000000FF000000FF00BFFFFF00BFFFFF00BFFFFF000000FF000000FF000000FF000000FF000000FF000000FF000000FF000000FF000000FF000000FF000000FF000000FF000000FF000000FF000000FF000000FF000000FF000000FF
310
000000FF000000FF000000FF000000FF000000FF000000FF000000FF000000FF000000FF000000FF000000FF00BFFFFF00BFFFFF00BFFFFF000000FF000000FF000000FF000000FF000000FF000000FF000000FF000000FF000000FF000000FF000000FF000000FF000000FF000000FF000000FF000000FF000000FF000000
310
FF000000FF000000FF000000FF000000FF000000FF000000FF000000FF000000FF000000FF000000FF000000FF000000FF000000FF000000FF000000FF000000FF000000FF000000FF000000FF000000FF000000FF000000FF000000FF000000FF000000FF000000FF000000FF000000FF000000FF000000FF000000FF0000
310
00FF000000FF000000FF000000FF000000FF000000FF000000FF000000FF000000FF000000FF000000FF000000FF000000FF000000FF000000FF000000FF000000FF000000FF000000FF000000FF000000FF000000FF000000FF000000FF000000FF000000FF000000FF000000FF000000FF000000FF000000FF000000FF00
310
0000FF000000FF000000FF000000FF000000FF000000FF000000FF000000FF000000FF000000FF000000FF000000FF000000FF000000FF000000FF000000FF000000FF000000FF000000FF000000FF000000FF000000FF000000FF000000FF000000FF000000FF000000FF000000FF000000FF000000FF000000FF000000FF
310
000000FF000000FF000000FF000000FF000000FF000000FF000000FF000000FF000000FF000000FF000000FF000000FF000000FF000000FF000000FF000000FF000000FF000000FF000000FF000000FF000000FF000000FF000000FF000000FF000000FF000000FF000000FF000000FF000000FF000000FF000000FF000000
310
FF000000FF000000FF000000FF000000FF000000FF000000FF000000FF000000FF000000FF000000FF000000FF000000FF000000FF000000FF000000FF000000FF000000FF000000FF000000FF000000FF000000FF000000FF000000FF000000FF000000FF000000FF000000FF000000FF000000FF000000FF000000FF0000
310
00FF000000FF000000FF000000FF000000FF000000FF000000FF000000FF000000FF000000FF000000FF000000FF000000FF000000FF000000FF000000FF000000FF000000FF000000FF000000FF000000FF000000FF000000FF000000FF000000FF000000FF000000FF000000FF000000FF000000FF000000FF000000FF00
310
0000FF000000FF000000FF000000FF000000FF000000FF000000FF000000FF000000FF000000FF000000FF000000FF000000FF000000FF000000FF000000FF000000FF000000FF000000FF000000FF000000FF000000FF000000FF000000FF000000FF000000FF000000FF000000FF000000FF000000FF000000FF000000FF
310
000000FF000000FF000000FF000000FF000000FF000000FF000000FF000000FF000000FF000000FF000000FF000000FF000000FF000000FF000000FF000000FF000000FF000000FF000000FF000000FF000000FF000000FF000000FF000000FF000000FF000000FF000000FF000000FF000000FF000000FF000000FF000000
310
FF000000FF000000FF000000FF000000FF000000FF000000FF000000FF000000FF000000FF000000FF000000FF000000FF000000FF000000FF000000FF000000FF000000FF000000FF000000FF000000FF000000FF000000FF000000FF000000FF000000FF000000FF000000FF000000FF000000FF000000FF000000FF0000
310
00FF000000FF000000FF000000FF000000FF000000FF000000FF000000FF000000FF000000FF000000FF000000FF000000FF000000FF000000FF000000FF000000FF000000FF000000FF000000FF000000FF000000FF000000FF000000FF000000FF000000FF000000FF000000FF000000FF000000FF000000FF000000FF00
310
0000FF000000FF000000FF000000FF000000FF000000FF000000FF000000FF000000FF000000FF000000FF000000FF000000FF000000FF000000FF000000FF000000FF000000FF000000FF000000FF000000FF000000FF000000FF000000FF000000FF000000FF000000FF000000FF000000FF000000FF000000FF000000FF
310
000000FF000000FF000000FF000000FF000000FF000000FF000000FF000000FF000000FF000000FF000000FF000000FF000000FF000000FF000000FF000000FF000000FF000000FF
102
{BLKREFS
331
7E29
102
}
 70
     4
280
     1
281
     0
1001
ACAD
1000
DesignCenter Data
1002
{
1070
     1
1070
     4
1002
}
  0
BLOCK_RECORD
  5
820F
330
1
100
AcDbSymbolTableRecord
100
AcDbBlockTableRecord
  2
*D15
340
0
 70
     0
280
     1
281
     0
  0
BLOCK_RECORD
  5
821C
330
1
100
AcDbSymbolTableRecord
100
AcDbBlockTableRecord
  2
*D16
340
0
 70
     0
280
     1
281
     0
  0
BLOCK_RECORD
  5
8229
330
1
100
AcDbSymbolTableRecord
100
AcDbBlockTableRecord
  2
*D17
340
0
 70
     0
280
     1
281
     0
  0
BLOCK_RECORD
  5
8236
330
1
100
AcDbSymbolTableRecord
100
AcDbBlockTableRecord
  2
*D18
340
0
 70
     0
280
     1
281
     0
  0
BLOCK_RECORD
  5
8243
330
1
100
AcDbSymbolTableRecord
100
AcDbBlockTableRecord
  2
*D19
340
0
 70
     0
280
     1
281
     0
  0
BLOCK_RECORD
  5
8250
330
1
100
AcDbSymbolTableRecord
100
AcDbBlockTableRecord
  2
*D20
340
0
 70
     0
280
     1
281
     0
  0
BLOCK_RECORD
  5
825D
330
1
100
AcDbSymbolTableRecord
100
AcDbBlockTableRecord
  2
*D21
340
0
 70
     0
280
     1
281
     0
  0
BLOCK_RECORD
  5
826B
330
1
100
AcDbSymbolTableRecord
100
AcDbBlockTableRecord
  2
*D22
340
0
 70
     0
280
     1
281
     0
  0
BLOCK_RECORD
  5
8278
330
1
100
AcDbSymbolTableRecord
100
AcDbBlockTableRecord
  2
*D23
340
0
 70
     0
280
     1
281
     0
  0
BLOCK_RECORD
  5
8285
330
1
100
AcDbSymbolTableRecord
100
AcDbBlockTableRecord
  2
*D24
340
0
 70
     0
280
     1
281
     0
  0
BLOCK_RECORD
  5
8292
330
1
100
AcDbSymbolTableRecord
100
AcDbBlockTableRecord
  2
*D25
340
0
 70
     0
280
     1
281
     0
  0
BLOCK_RECORD
  5
829F
330
1
100
AcDbSymbolTableRecord
100
AcDbBlockTableRecord
  2
*D26
340
0
 70
     0
280
     1
281
     0
  0
BLOCK_RECORD
  5
843E
102
{ACAD_XDICTIONARY
360
843F
102
}
330
1
100
AcDbSymbolTableRecord
100
AcDbBlockTableRecord
  2
zw$7093
340
0
 70
     1
280
     1
281
     0
  0
BLOCK_RECORD
  5
8DD6
330
1
100
AcDbSymbolTableRecord
100
AcDbBlockTableRecord
  2
20250818.1939061
340
0
102
{BLKREFS
331
8E5E
331
8E5F
331
8E60
331
8E61
331
8E62
331
8E63
331
8E64
331
8E65
331
8E66
331
8E67
331
8E68
331
8E69
331
8E6A
331
8E6B
331
8E6C
331
8E6D
331
8E6E
331
8E6F
331
8E70
331
8E71
331
8E72
331
8E73
331
8E74
331
8E75
331
8E76
102
}
 70
     0
280
     1
281
     0
  0
BLOCK_RECORD
  5
8E5B
330
1
100
AcDbSymbolTableRecord
100
AcDbBlockTableRecord
  2
20250818.1950571
340
0
 70
     0
280
     1
281
     0
  0
BLOCK_RECORD
  5
96F8
330
1
100
AcDbSymbolTableRecord
100
AcDbBlockTableRecord
  2
20250818.2029091
340
0
 70
     0
280
     1
281
     0
  0
BLOCK_RECORD
  5
96FF
330
1
100
AcDbSymbolTableRecord
100
AcDbBlockTableRecord
  2
20250818.2029191
340
0
 70
     0
280
     1
281
     0
  0
BLOCK_RECORD
  5
A51B
330
1
100
AcDbSymbolTableRecord
100
AcDbBlockTableRecord
  2
20250818.2114571
340
0
 70
     0
280
     1
281
     0
  0
BLOCK_RECORD
  5
B8EB
330
1
100
AcDbSymbolTableRecord
100
AcDbBlockTableRecord
  2
Filled-1
340
0
 70
     0
280
     1
281
     0
  0
BLOCK_RECORD
  5
20FF9
330
1
100
AcDbSymbolTableRecord
100
AcDbBlockTableRecord
  2
*D34
340
0
 70
     0
280
     1
281
     0
  0
BLOCK_RECORD
  5
21005
330
1
100
AcDbSymbolTableRecord
100
AcDbBlockTableRecord
  2
*D35
340
0
 70
     0
280
     1
281
     0
  0
BLOCK_RECORD
  5
21011
330
1
100
AcDbSymbolTableRecord
100
AcDbBlockTableRecord
  2
*D36
340
0
 70
     0
280
     1
281
     0
  0
BLOCK_RECORD
  5
2101D
330
1
100
AcDbSymbolTableRecord
100
AcDbBlockTableRecord
  2
*D37
340
0
 70
     0
280
     1
281
     0
  0
BLOCK_RECORD
  5
24A7F
330
1
100
AcDbSymbolTableRecord
100
AcDbBlockTableRecord
  2
*D38
340
0
 70
     0
280
     1
281
     0
  0
ENDTAB
  0
ENDSEC
  0
SECTION
  2
BLOCKS
  0
BLOCK
  5
D
330
A
100
AcDbEntity
  8
0
100
AcDbBlockBegin
  2
*MODEL_SPACE
 70
     0
 10
0.0
 20
0.0
 30
0.0
  3
*MODEL_SPACE
  1

  0
ENDBLK
  5
E
330
A
100
AcDbEntity
  8
0
100
AcDbBlockEnd
  0
BLOCK
  5
F
330
B
100
AcDbEntity
 67
     1
  8
0
100
AcDbBlockBegin
  2
*PAPER_SPACE
 70
     0
 10
0.0
 20
0.0
 30
0.0
  3
*PAPER_SPACE
  1

  0
ENDBLK
  5
10
330
B
100
AcDbEntity
 67
     1
  8
0
100
AcDbBlockEnd
  0
BLOCK
  5
4E19
330
4E18
100
AcDbEntity
  8
0
100
AcDbBlockBegin
  2
*D0
 70
     1
 10
0.0
 20
0.0
 30
0.0
  3
*D0
  1

  0
LINE
  5
4E1B
330
4E18
100
AcDbEntity
  8
0
 62
     0
440
 16777216
370
    -2
100
AcDbLine
 10
-1217.271484375
 20
313.7825927734375
 30
0.0
 11
-1217.271484375
 21
338.1688475630376
 31
0.0
  0
LINE
  5
4E1C
330
4E18
100
AcDbEntity
  8
0
 62
     0
440
 16777216
370
    -2
100
AcDbLine
 10
-795.8214721679687
 20
313.7825927734375
 30
0.0
 11
-795.8214721679687
 21
338.1688475630376
 31
0.0
  0
LINE
  5
4E1D
330
4E18
100
AcDbEntity
  8
0
 62
     0
440
 16777216
370
    -2
100
AcDbLine
 10
-1214.771484375
 20
336.9188475630376
 30
0.0
 11
-798.3214721679687
 21
336.9188475630376
 31
0.0
  0
SOLID
  5
4E1E
330
4E18
100
AcDbEntity
  8
0
 62
     0
440
 16777216
100
AcDbTrace
 10
-1214.771484375
 20
337.3355142297043
 30
0.0
 11
-1214.771484375
 21
336.5021808963709
 31
0.0
 12
-1217.271484375
 22
336.9188475630376
 32
0.0
 13
-1217.271484375
 23
336.9188475630376
 33
0.0
  0
SOLID
  5
4E1F
330
4E18
100
AcDbEntity
  8
0
 62
     0
440
 16777216
100
AcDbTrace
 10
-798.3214721679687
 20
337.3355142297043
 30
0.0
 11
-798.3214721679687
 21
336.5021808963709
 31
0.0
 12
-795.8214721679687
 22
336.9188475630376
 32
0.0
 13
-795.8214721679687
 23
336.9188475630376
 33
0.0
  0
MTEXT
  5
4E20
330
4E18
100
AcDbEntity
  8
0
 62
     0
440
 16777216
100
AcDbMText
 10
-1006.546478271484
 20
339.0021808963709
 30
0.0
 40
2.5
 41
0.0
 46
0.0
 71
     5
 72
     1
  1
421,45
 73
     1
 44
1.0
1001
ACAD
1000
MTEXTBEGIN
1070
    73
1070
     1
1070
    44
1040
1.0
1070
    74
1070
     0
1000
MTEXTEND
  0
POINT
  5
4E21
330
4E18
100
AcDbEntity
  8
Defpoints
 62
     0
440
 16777216
100
AcDbPoint
 10
-1217.271484375
 20
313.1575927734375
 30
0.0
  0
POINT
  5
4E22
330
4E18
100
AcDbEntity
  8
Defpoints
 62
     0
440
 16777216
100
AcDbPoint
 10
-795.8214721679687
 20
313.1575927734375
 30
0.0
  0
POINT
  5
4E23
330
4E18
100
AcDbEntity
  8
Defpoints
 62
     0
440
 16777216
100
AcDbPoint
 10
-795.8214721679687
 20
336.9188475630376
 30
0.0
  0
ENDBLK
  5
4E1A
330
4E18
100
AcDbEntity
  8
0
100
AcDbBlockEnd
  0
BLOCK
  5
4E26
330
4E25
100
AcDbEntity
  8
0
100
AcDbBlockBegin
  2
*D1
 70
     1
 10
0.0
 20
0.0
 30
0.0
  3
*D1
  1

  0
LINE
  5
4E31
330
4E25
100
AcDbEntity
  8
0
 62
     0
440
 16777216
370
    -2
100
AcDbLine
 10
-1164.451416015625
 20
154.8403167724609
 30
0.0
 11
-1164.451416015625
 21
-18.91893647384222
 31
0.0
  0
LINE
  5
4E32
330
4E25
100
AcDbEntity
  8
0
 62
     0
440
 16777216
370
    -2
100
AcDbLine
 10
-795.21142578125
 20
16.82032775878906
 30
0.0
 11
-795.21142578125
 21
-18.91893647384222
 31
0.0
  0
LINE
  5
4E33
330
4E25
100
AcDbEntity
  8
0
 62
     0
440
 16777216
370
    -2
100
AcDbLine
 10
-1161.951416015625
 20
-17.66893647384222
 30
0.0
 11
-797.71142578125
 21
-17.66893647384222
 31
0.0
  0
SOLID
  5
4E34
330
4E25
100
AcDbEntity
  8
0
 62
     0
440
 16777216
100
AcDbTrace
 10
-1161.951416015625
 20
-17.25226980717555
 30
0.0
 11
-1161.951416015625
 21
-18.08560314050889
 31
0.0
 12
-1164.451416015625
 22
-17.66893647384222
 32
0.0
 13
-1164.451416015625
 23
-17.66893647384222
 33
0.0
  0
SOLID
  5
4E35
330
4E25
100
AcDbEntity
  8
0
 62
     0
440
 16777216
100
AcDbTrace
 10
-797.71142578125
 20
-17.25226980717555
 30
0.0
 11
-797.71142578125
 21
-18.08560314050889
 31
0.0
 12
-795.21142578125
 22
-17.66893647384222
 32
0.0
 13
-795.21142578125
 23
-17.66893647384222
 33
0.0
  0
MTEXT
  5
4E36
330
4E25
100
AcDbEntity
  8
0
 62
     0
440
 16777216
100
AcDbMText
 10
-982.7016361909581
 20
-15.58560314050889
 30
0.0
 40
2.5
 41
0.0
 46
0.0
 71
     5
 72
     1
  1
369,24
 73
     1
 44
1.0
1001
ACAD
1000
MTEXTBEGIN
1070
    73
1070
     1
1070
    44
1040
1.0
1070
    74
1070
     0
1000
MTEXTEND
  0
POINT
  5
4E37
330
4E25
100
AcDbEntity
  8
Defpoints
 62
     0
440
 16777216
100
AcDbPoint
 10
-1164.451416015625
 20
155.4653167724609
 30
0.0
  0
POINT
  5
4E38
330
4E25
100
AcDbEntity
  8
Defpoints
 62
     0
440
 16777216
100
AcDbPoint
 10
-795.21142578125
 20
17.44532775878906
 30
0.0
  0
POINT
  5
4E39
330
4E25
100
AcDbEntity
  8
Defpoints
 62
     0
440
 16777216
100
AcDbPoint
 10
-795.21142578125
 20
-17.66893647384222
 30
0.0
  0
ENDBLK
  5
4E27
330
4E25
100
AcDbEntity
  8
0
100
AcDbBlockEnd
  0
BLOCK
  5
59B9
330
59AF
100
AcDbEntity
  8
0
100
AcDbBlockBegin
  2
*D2
 70
     1
 10
0.0
 20
0.0
 30
0.0
  3
*D2
  1

  0
LINE
  5
6E60
330
59AF
100
AcDbEntity
  8
标注
 62
     0
370
    -2
100
AcDbLine
 10
1298.035323982805
 20
257.8315884252148
 30
0.0
 11
1371.275663450575
 21
257.8315884252148
 31
0.0
  0
LINE
  5
6E61
330
59AF
100
AcDbEntity
  8
标注
 62
     0
370
    -2
100
AcDbLine
 10
1298.035323982805
 20
561.8315613744336
 30
0.0
 11
1371.275663450575
 21
561.8315613744336
 31
0.0
  0
LINE
  5
6E62
330
59AF
100
AcDbEntity
  8
标注
 62
     0
370
    -2
100
AcDbLine
 10
1365.025663450575
 20
270.3315884252148
 30
0.0
 11
1365.025663450575
 21
549.3315613744336
 31
0.0
  0
SOLID
  5
6E63
330
59AF
100
AcDbEntity
  8
标注
 62
     0
100
AcDbTrace
 10
1362.942330117242
 20
270.3315884252148
 30
0.0
 11
1367.108996783908
 21
270.3315884252148
 31
0.0
 12
1365.025663450575
 22
257.8315884252148
 32
0.0
 13
1365.025663450575
 23
257.8315884252148
 33
0.0
  0
SOLID
  5
6E64
330
59AF
100
AcDbEntity
  8
标注
 62
     0
100
AcDbTrace
 10
1367.108996783908
 20
549.3315613744336
 30
0.0
 11
1362.942330117242
 21
549.3315613744336
 31
0.0
 12
1365.025663450575
 22
561.8315613744336
 32
0.0
 13
1365.025663450575
 23
561.8315613744336
 33
0.0
  0
MTEXT
  5
6E65
330
59AF
100
AcDbEntity
  8
标注
 62
     0
100
AcDbMText
 10
1355.650663450575
 20
409.8315748998242
 30
0.0
 40
12.5
 41
0.0
 46
0.0
 71
     5
 72
     1
  1
304±1
 11
0.0
 21
1.0
 31
0.0
 73
     1
 44
1.0
1001
ACAD
1000
MTEXTBEGIN
1070
    73
1070
     1
1070
    44
1040
1.0
1070
    74
1070
     0
1000
MTEXTEND
  0
POINT
  5
6E66
330
59AF
100
AcDbEntity
  8
Defpoints
 62
     0
100
AcDbPoint
 10
1294.910323982805
 20
257.8315884252148
 30
0.0
  0
POINT
  5
6E67
330
59AF
100
AcDbEntity
  8
Defpoints
 62
     0
100
AcDbPoint
 10
1294.910323982805
 20
561.8315613744336
 30
0.0
  0
POINT
  5
6E68
330
59AF
100
AcDbEntity
  8
Defpoints
 62
     0
100
AcDbPoint
 10
1365.025663450575
 20
561.8315613744336
 30
0.0
  0
ENDBLK
  5
59BA
330
59AF
100
AcDbEntity
  8
0
100
AcDbBlockEnd
  0
BLOCK
  5
5AF8
330
5AEE
100
AcDbEntity
  8
0
100
AcDbBlockBegin
  2
*D3
 70
     1
 10
0.0
 20
0.0
 30
0.0
  3
*D3
  1

  0
LINE
  5
6EB7
330
5AEE
100
AcDbEntity
  8
标注
 62
     0
370
    -2
100
AcDbLine
 10
874.910419197649
 20
564.9565613744336
 30
0.0
 11
874.910419197649
 21
603.3299602805526
 31
0.0
  0
LINE
  5
6EB8
330
5AEE
100
AcDbEntity
  8
标注
 62
     0
370
    -2
100
AcDbLine
 10
1294.910323982805
 20
564.9565613744336
 30
0.0
 11
1294.910323982805
 21
603.3299602805526
 31
0.0
  0
LINE
  5
6EB9
330
5AEE
100
AcDbEntity
  8
标注
 62
     0
370
    -2
100
AcDbLine
 10
887.410419197649
 20
597.0799602805526
 30
0.0
 11
1282.410323982805
 21
597.0799602805526
 31
0.0
  0
SOLID
  5
6EBA
330
5AEE
100
AcDbEntity
  8
标注
 62
     0
100
AcDbTrace
 10
887.410419197649
 20
599.163293613886
 30
0.0
 11
887.410419197649
 21
594.9966269472192
 31
0.0
 12
874.910419197649
 22
597.0799602805526
 32
0.0
 13
874.910419197649
 23
597.0799602805526
 33
0.0
  0
SOLID
  5
6EBB
330
5AEE
100
AcDbEntity
  8
标注
 62
     0
100
AcDbTrace
 10
1282.410323982805
 20
594.9966269472192
 30
0.0
 11
1282.410323982805
 21
599.163293613886
 31
0.0
 12
1294.910323982805
 22
597.0799602805526
 32
0.0
 13
1294.910323982805
 23
597.0799602805526
 33
0.0
  0
MTEXT
  5
6EBC
330
5AEE
100
AcDbEntity
  8
标注
 62
     0
100
AcDbMText
 10
1084.910371590227
 20
606.4549602805526
 30
0.0
 40
12.5
 41
0.0
 46
0.0
 71
     5
 72
     1
  1
420±1
 73
     1
 44
1.0
1001
ACAD
1000
MTEXTBEGIN
1070
    73
1070
     1
1070
    44
1040
1.0
1070
    74
1070
     0
1000
MTEXTEND
  0
POINT
  5
6EBD
330
5AEE
100
AcDbEntity
  8
Defpoints
 62
     0
100
AcDbPoint
 10
874.910419197649
 20
561.8315613744336
 30
0.0
  0
POINT
  5
6EBE
330
5AEE
100
AcDbEntity
  8
Defpoints
 62
     0
100
AcDbPoint
 10
1294.910323982805
 20
561.8315613744336
 30
0.0
  0
POINT
  5
6EBF
330
5AEE
100
AcDbEntity
  8
Defpoints
 62
     0
100
AcDbPoint
 10
1294.910323982805
 20
597.0799602805526
 30
0.0
  0
ENDBLK
  5
5AF9
330
5AEE
100
AcDbEntity
  8
0
100
AcDbBlockEnd
  0
BLOCK
  5
5C01
330
5BF7
100
AcDbEntity
  8
0
100
AcDbBlockBegin
  2
*D4
 70
     1
 10
0.0
 20
0.0
 30
0.0
  3
*D4
  1

  0
LINE
  5
6E45
330
5BF7
100
AcDbEntity
  8
标注
 62
     0
370
    -2
100
AcDbLine
 10
1298.035323982805
 20
257.8315884252148
 30
0.0
 11
1338.14327370284
 21
257.8315884252148
 31
0.0
  0
LINE
  5
6E46
330
5BF7
100
AcDbEntity
  8
标注
 62
     0
370
    -2
100
AcDbLine
 10
1298.035323982805
 20
404.3354506322459
 30
0.0
 11
1338.14327370284
 21
404.3354506322459
 31
0.0
  0
LINE
  5
6E47
330
5BF7
100
AcDbEntity
  8
标注
 62
     0
370
    -2
100
AcDbLine
 10
1331.89327370284
 20
270.3315884252148
 30
0.0
 11
1331.89327370284
 21
391.835450632246
 31
0.0
  0
SOLID
  5
6E48
330
5BF7
100
AcDbEntity
  8
标注
 62
     0
100
AcDbTrace
 10
1329.809940369506
 20
270.3315884252148
 30
0.0
 11
1333.976607036173
 21
270.3315884252148
 31
0.0
 12
1331.89327370284
 22
257.8315884252148
 32
0.0
 13
1331.89327370284
 23
257.8315884252148
 33
0.0
  0
SOLID
  5
6E49
330
5BF7
100
AcDbEntity
  8
标注
 62
     0
100
AcDbTrace
 10
1333.976607036173
 20
391.835450632246
 30
0.0
 11
1329.809940369506
 21
391.835450632246
 31
0.0
 12
1331.89327370284
 22
404.3354506322459
 32
0.0
 13
1331.89327370284
 23
404.3354506322459
 33
0.0
  0
MTEXT
  5
6E4A
330
5BF7
100
AcDbEntity
  8
标注
 62
     0
100
AcDbMText
 10
1321.476607036173
 20
331.0835195287304
 30
0.0
 40
12.5
 41
0.0
 46
0.0
 71
     5
 72
     1
  1
146,5
 11
0.0
 21
1.0
 31
0.0
 73
     1
 44
1.0
1001
ACAD
1000
MTEXTBEGIN
1070
    73
1070
     1
1070
    44
1040
1.0
1070
    74
1070
     0
1000
MTEXTEND
  0
POINT
  5
6E4B
330
5BF7
100
AcDbEntity
  8
Defpoints
 62
     0
100
AcDbPoint
 10
1294.910323982805
 20
257.8315884252148
 30
0.0
  0
POINT
  5
6E4C
330
5BF7
100
AcDbEntity
  8
Defpoints
 62
     0
100
AcDbPoint
 10
1294.910323982805
 20
404.3354506322459
 30
0.0
  0
POINT
  5
6E4D
330
5BF7
100
AcDbEntity
  8
Defpoints
 62
     0
100
AcDbPoint
 10
1331.89327370284
 20
404.3354506322459
 30
0.0
  0
ENDBLK
  5
5C02
330
5BF7
100
AcDbEntity
  8
0
100
AcDbBlockEnd
  0
BLOCK
  5
5D0A
330
5D00
100
AcDbEntity
  8
0
100
AcDbBlockBegin
  2
*D5
 70
     1
 10
0.0
 20
0.0
 30
0.0
  3
*D5
  1

  0
LINE
  5
6E7B
330
5D00
100
AcDbEntity
  8
标注
 62
     0
370
    -2
100
AcDbLine
 10
1298.035323982805
 20
415.3276991674021
 30
0.0
 11
1338.14327370284
 21
415.3276991674021
 31
0.0
  0
LINE
  5
6E7C
330
5D00
100
AcDbEntity
  8
标注
 62
     0
370
    -2
100
AcDbLine
 10
1298.035323982805
 20
561.8315613744336
 30
0.0
 11
1338.14327370284
 21
561.8315613744336
 31
0.0
  0
LINE
  5
6E7D
330
5D00
100
AcDbEntity
  8
标注
 62
     0
370
    -2
100
AcDbLine
 10
1331.89327370284
 20
427.8276991674021
 30
0.0
 11
1331.89327370284
 21
549.3315613744336
 31
0.0
  0
SOLID
  5
6E7E
330
5D00
100
AcDbEntity
  8
标注
 62
     0
100
AcDbTrace
 10
1329.809940369506
 20
427.8276991674021
 30
0.0
 11
1333.976607036173
 21
427.8276991674021
 31
0.0
 12
1331.89327370284
 22
415.3276991674021
 32
0.0
 13
1331.89327370284
 23
415.3276991674021
 33
0.0
  0
SOLID
  5
6E7F
330
5D00
100
AcDbEntity
  8
标注
 62
     0
100
AcDbTrace
 10
1333.976607036173
 20
549.3315613744336
 30
0.0
 11
1329.809940369506
 21
549.3315613744336
 31
0.0
 12
1331.89327370284
 22
561.8315613744336
 32
0.0
 13
1331.89327370284
 23
561.8315613744336
 33
0.0
  0
MTEXT
  5
6E80
330
5D00
100
AcDbEntity
  8
标注
 62
     0
100
AcDbMText
 10
1321.476607036173
 20
488.5796302709179
 30
0.0
 40
12.5
 41
0.0
 46
0.0
 71
     5
 72
     1
  1
146,5
 11
0.0
 21
1.0
 31
0.0
 73
     1
 44
1.0
1001
ACAD
1000
MTEXTBEGIN
1070
    73
1070
     1
1070
    44
1040
1.0
1070
    74
1070
     0
1000
MTEXTEND
  0
POINT
  5
6E81
330
5D00
100
AcDbEntity
  8
Defpoints
 62
     0
100
AcDbPoint
 10
1294.910323982805
 20
415.3276991674021
 30
0.0
  0
POINT
  5
6E82
330
5D00
100
AcDbEntity
  8
Defpoints
 62
     0
100
AcDbPoint
 10
1294.910323982805
 20
561.8315613744336
 30
0.0
  0
POINT
  5
6E83
330
5D00
100
AcDbEntity
  8
Defpoints
 62
     0
100
AcDbPoint
 10
1331.89327370284
 20
561.8315613744336
 30
0.0
  0
ENDBLK
  5
5D0B
330
5D00
100
AcDbEntity
  8
0
100
AcDbBlockEnd
  0
BLOCK
  5
62F2
330
62E6
100
AcDbEntity
  8
0
100
AcDbBlockBegin
  2
*D6
 70
     1
 10
0.0
 20
0.0
 30
0.0
  3
*D6
  1

  0
LINE
  5
6E9A
330
62E6
100
AcDbEntity
  8
标注
 62
     0
370
    -2
100
AcDbLine
 10
1291.785323982805
 20
404.3354506322459
 30
0.0
 11
1231.55019316925
 21
404.3354506322459
 31
0.0
  0
LINE
  5
6E9B
330
62E6
100
AcDbEntity
  8
标注
 62
     0
370
    -2
100
AcDbLine
 10
1291.785323982805
 20
415.3276991674021
 30
0.0
 11
1231.55019316925
 21
415.3276991674021
 31
0.0
  0
LINE
  5
6E9C
330
62E6
100
AcDbEntity
  8
标注
 62
     0
370
    -2
100
AcDbLine
 10
1237.800193169249
 20
427.8276991674021
 30
0.0
 11
1237.800193169249
 21
483.2443658340687
 31
0.0
  0
LINE
  5
6E9D
330
62E6
100
AcDbEntity
  8
标注
 62
     0
370
    -2
100
AcDbLine
 10
1237.800193169249
 20
404.3354506322459
 30
0.0
 11
1237.800193169249
 21
415.3276991674021
 31
0.0
  0
LINE
  5
6E9E
330
62E6
100
AcDbEntity
  8
标注
 62
     0
370
    -2
100
AcDbLine
 10
1237.800193169249
 20
391.835450632246
 30
0.0
 11
1237.800193169249
 21
379.335450632246
 31
0.0
  0
SOLID
  5
6E9F
330
62E6
100
AcDbEntity
  8
标注
 62
     0
100
AcDbTrace
 10
1239.883526502583
 20
391.835450632246
 30
0.0
 11
1235.716859835916
 21
391.835450632246
 31
0.0
 12
1237.800193169249
 22
404.3354506322459
 32
0.0
 13
1237.800193169249
 23
404.3354506322459
 33
0.0
  0
SOLID
  5
6EA0
330
62E6
100
AcDbEntity
  8
标注
 62
     0
100
AcDbTrace
 10
1235.716859835916
 20
427.8276991674021
 30
0.0
 11
1239.883526502583
 21
427.8276991674021
 31
0.0
 12
1237.800193169249
 22
415.3276991674021
 32
0.0
 13
1237.800193169249
 23
415.3276991674021
 33
0.0
  0
MTEXT
  5
6EA1
330
62E6
100
AcDbEntity
  8
标注
 62
     0
100
AcDbMText
 10
1227.383526502583
 20
461.7860325007354
 30
0.0
 40
12.5
 41
0.0
 46
0.0
 71
     5
 72
     1
  1
10,99
 11
0.0
 21
1.0
 31
0.0
 73
     1
 44
1.0
1001
ACAD
1000
MTEXTBEGIN
1070
    73
1070
     1
1070
    44
1040
1.0
1070
    74
1070
     0
1000
MTEXTEND
  0
POINT
  5
6EA2
330
62E6
100
AcDbEntity
  8
Defpoints
 62
     0
100
AcDbPoint
 10
1294.910323982805
 20
404.3354506322459
 30
0.0
  0
POINT
  5
6EA3
330
62E6
100
AcDbEntity
  8
Defpoints
 62
     0
100
AcDbPoint
 10
1294.910323982805
 20
415.3276991674021
 30
0.0
  0
POINT
  5
6EA4
330
62E6
100
AcDbEntity
  8
Defpoints
 62
     0
100
AcDbPoint
 10
1237.800193169249
 20
415.3276991674021
 30
0.0
  0
ENDBLK
  5
62F3
330
62E6
100
AcDbEntity
  8
0
100
AcDbBlockEnd
  0
BLOCK
  5
6402
330
63F8
100
AcDbEntity
  8
0
100
AcDbBlockBegin
  2
*D7
 70
     1
 10
0.0
 20
0.0
 30
0.0
  3
*D7
  1

  0
LINE
  5
6E2A
330
63F8
100
AcDbEntity
  8
标注
 62
     0
370
    -2
100
AcDbLine
 10
927.3103654867115
 20
254.7065884252148
 30
0.0
 11
927.3103654867115
 21
221.1080823075202
 31
0.0
  0
LINE
  5
6E2B
330
63F8
100
AcDbEntity
  8
标注
 62
     0
370
    -2
100
AcDbLine
 10
1294.910323982805
 20
254.7065884252148
 30
0.0
 11
1294.910323982805
 21
221.1080823075202
 31
0.0
  0
LINE
  5
6E2C
330
63F8
100
AcDbEntity
  8
标注
 62
     0
370
    -2
100
AcDbLine
 10
939.8103654867115
 20
227.3580823075202
 30
0.0
 11
1282.410323982805
 21
227.3580823075202
 31
0.0
  0
SOLID
  5
6E2D
330
63F8
100
AcDbEntity
  8
标注
 62
     0
100
AcDbTrace
 10
939.8103654867115
 20
229.4414156408535
 30
0.0
 11
939.8103654867115
 21
225.2747489741868
 31
0.0
 12
927.3103654867115
 22
227.3580823075202
 32
0.0
 13
927.3103654867115
 23
227.3580823075202
 33
0.0
  0
SOLID
  5
6E2E
330
63F8
100
AcDbEntity
  8
标注
 62
     0
100
AcDbTrace
 10
1282.410323982805
 20
225.2747489741868
 30
0.0
 11
1282.410323982805
 21
229.4414156408535
 31
0.0
 12
1294.910323982805
 22
227.3580823075202
 32
0.0
 13
1294.910323982805
 23
227.3580823075202
 33
0.0
  0
MTEXT
  5
6E2F
330
63F8
100
AcDbEntity
  8
标注
 62
     0
100
AcDbMText
 10
1111.110344734758
 20
237.7747489741868
 30
0.0
 40
12.5
 41
0.0
 46
0.0
 71
     5
 72
     1
  1
367,6
 73
     1
 44
1.0
1001
ACAD
1000
MTEXTBEGIN
1070
    73
1070
     1
1070
    44
1040
1.0
1070
    74
1070
     0
1000
MTEXTEND
  0
POINT
  5
6E30
330
63F8
100
AcDbEntity
  8
Defpoints
 62
     0
100
AcDbPoint
 10
927.3103654867115
 20
257.8315884252148
 30
0.0
  0
POINT
  5
6E31
330
63F8
100
AcDbEntity
  8
Defpoints
 62
     0
100
AcDbPoint
 10
1294.910323982805
 20
257.8315884252148
 30
0.0
  0
POINT
  5
6E32
330
63F8
100
AcDbEntity
  8
Defpoints
 62
     0
100
AcDbPoint
 10
1294.910323982805
 20
227.3580823075202
 30
0.0
  0
ENDBLK
  5
6403
330
63F8
100
AcDbEntity
  8
0
100
AcDbBlockEnd
  0
BLOCK
  5
64E7
330
64DD
100
AcDbEntity
  8
0
100
AcDbBlockBegin
  2
*D8
 70
     1
 10
0.0
 20
0.0
 30
0.0
  3
*D8
  1

  0
LINE
  5
6EED
330
64DD
100
AcDbEntity
  8
标注
 62
     0
370
    -2
100
AcDbLine
 10
930.4353654867115
 20
257.8315884252148
 30
0.0
 11
967.6993316682274
 21
257.8315884252148
 31
0.0
  0
LINE
  5
6EEE
330
64DD
100
AcDbEntity
  8
标注
 62
     0
370
    -2
100
AcDbLine
 10
930.4353654867115
 20
318.5796437963086
 30
0.0
 11
967.6993316682274
 21
318.5796437963086
 31
0.0
  0
LINE
  5
6EEF
330
64DD
100
AcDbEntity
  8
标注
 62
     0
370
    -2
100
AcDbLine
 10
961.4493316682274
 20
270.3315884252148
 30
0.0
 11
961.4493316682274
 21
306.0796437963086
 31
0.0
  0
SOLID
  5
6EF0
330
64DD
100
AcDbEntity
  8
标注
 62
     0
100
AcDbTrace
 10
959.365998334894
 20
270.3315884252148
 30
0.0
 11
963.5326650015608
 21
270.3315884252148
 31
0.0
 12
961.4493316682274
 22
257.8315884252148
 32
0.0
 13
961.4493316682274
 23
257.8315884252148
 33
0.0
  0
SOLID
  5
6EF1
330
64DD
100
AcDbEntity
  8
标注
 62
     0
100
AcDbTrace
 10
963.5326650015608
 20
306.0796437963086
 30
0.0
 11
959.365998334894
 21
306.0796437963086
 31
0.0
 12
961.4493316682274
 22
318.5796437963086
 32
0.0
 13
961.4493316682274
 23
318.5796437963086
 33
0.0
  0
MTEXT
  5
6EF2
330
64DD
100
AcDbEntity
  8
标注
 62
     0
100
AcDbMText
 10
951.0326650015608
 20
288.2056161107617
 30
0.0
 40
12.5
 41
0.0
 46
0.0
 71
     5
 72
     1
  1
60,75
 11
0.0
 21
1.0
 31
0.0
 73
     1
 44
1.0
1001
ACAD
1000
MTEXTBEGIN
1070
    73
1070
     1
1070
    44
1040
1.0
1070
    74
1070
     0
1000
MTEXTEND
  0
POINT
  5
6EF3
330
64DD
100
AcDbEntity
  8
Defpoints
 62
     0
100
AcDbPoint
 10
927.3103654867115
 20
257.8315884252148
 30
0.0
  0
POINT
  5
6EF4
330
64DD
100
AcDbEntity
  8
Defpoints
 62
     0
100
AcDbPoint
 10
927.3103654867115
 20
318.5796437963086
 30
0.0
  0
POINT
  5
6EF5
330
64DD
100
AcDbEntity
  8
Defpoints
 62
     0
100
AcDbPoint
 10
961.4493316682274
 20
318.5796437963086
 30
0.0
  0
ENDBLK
  5
64E8
330
64DD
100
AcDbEntity
  8
0
100
AcDbBlockEnd
  0
BLOCK
  5
659F
330
6595
100
AcDbEntity
  8
0
100
AcDbBlockBegin
  2
*D9
 70
     1
 10
0.0
 20
0.0
 30
0.0
  3
*D9
  1

  0
LINE
  5
6F08
330
6595
100
AcDbEntity
  8
标注
 62
     0
370
    -2
100
AcDbLine
 10
930.4353654867115
 20
318.5796437963086
 30
0.0
 11
967.6993316682274
 21
318.5796437963086
 31
0.0
  0
LINE
  5
6F09
330
6595
100
AcDbEntity
  8
标注
 62
     0
370
    -2
100
AcDbLine
 10
930.4353654867115
 20
354.5796437963086
 30
0.0
 11
967.6993316682274
 21
354.5796437963086
 31
0.0
  0
LINE
  5
6F0A
330
6595
100
AcDbEntity
  8
标注
 62
     0
370
    -2
100
AcDbLine
 10
961.4493316682274
 20
331.0796437963086
 30
0.0
 11
961.4493316682274
 21
342.0796437963086
 31
0.0
  0
SOLID
  5
6F0B
330
6595
100
AcDbEntity
  8
标注
 62
     0
100
AcDbTrace
 10
959.365998334894
 20
331.0796437963086
 30
0.0
 11
963.5326650015608
 21
331.0796437963086
 31
0.0
 12
961.4493316682274
 22
318.5796437963086
 32
0.0
 13
961.4493316682274
 23
318.5796437963086
 33
0.0
  0
SOLID
  5
6F0C
330
6595
100
AcDbEntity
  8
标注
 62
     0
100
AcDbTrace
 10
963.5326650015608
 20
342.0796437963086
 30
0.0
 11
959.365998334894
 21
342.0796437963086
 31
0.0
 12
961.4493316682274
 22
354.5796437963086
 32
0.0
 13
961.4493316682274
 23
354.5796437963086
 33
0.0
  0
MTEXT
  5
6F0D
330
6595
100
AcDbEntity
  8
标注
 62
     0
100
AcDbMText
 10
952.0743316682274
 20
336.5796437963086
 30
0.0
 40
12.5
 41
0.0
 46
0.0
 71
     5
 72
     1
  1
36
 11
0.0
 21
1.0
 31
0.0
 73
     1
 44
1.0
1001
ACAD
1000
MTEXTBEGIN
1070
    73
1070
     1
1070
    44
1040
1.0
1070
    74
1070
     0
1000
MTEXTEND
  0
POINT
  5
6F0E
330
6595
100
AcDbEntity
  8
Defpoints
 62
     0
100
AcDbPoint
 10
927.3103654867115
 20
318.5796437963086
 30
0.0
  0
POINT
  5
6F0F
330
6595
100
AcDbEntity
  8
Defpoints
 62
     0
100
AcDbPoint
 10
927.3103654867115
 20
354.5796437963086
 30
0.0
  0
POINT
  5
6F10
330
6595
100
AcDbEntity
  8
Defpoints
 62
     0
100
AcDbPoint
 10
961.4493316682274
 20
354.5796437963086
 30
0.0
  0
ENDBLK
  5
65A0
330
6595
100
AcDbEntity
  8
0
100
AcDbBlockEnd
  0
BLOCK
  5
6961
330
6955
100
AcDbEntity
  8
0
100
AcDbBlockBegin
  2
*D10
 70
     1
 10
0.0
 20
0.0
 30
0.0
  3
*D10
  1

  0
LINE
  5
6A71
330
6955
100
AcDbEntity
  8
标注
 62
     0
370
    -2
100
AcDbLine
 10
927.3103654867115
 20
357.7046437963086
 30
0.0
 11
927.3103654867115
 21
395.7312858796046
 31
0.0
  0
LINE
  5
6A72
330
6955
100
AcDbEntity
  8
标注
 62
     0
370
    -2
100
AcDbLine
 10
902.3103654867115
 20
357.7046437963086
 30
0.0
 11
902.3103654867115
 21
395.7312858796046
 31
0.0
  0
LINE
  5
6A73
330
6955
100
AcDbEntity
  8
标注
 62
     0
370
    -2
100
AcDbLine
 10
927.3103654867115
 20
389.4812858796046
 30
0.0
 11
902.3103654867115
 21
389.4812858796046
 31
0.0
  0
LINE
  5
6A74
330
6955
100
AcDbEntity
  8
标注
 62
     0
370
    -2
100
AcDbLine
 10
939.8103654867115
 20
389.4812858796046
 30
0.0
 11
952.3103654867115
 21
389.4812858796046
 31
0.0
  0
LINE
  5
6A75
330
6955
100
AcDbEntity
  8
标注
 62
     0
370
    -2
100
AcDbLine
 10
889.8103654867115
 20
389.4812858796046
 30
0.0
 11
877.3103654867115
 21
389.4812858796046
 31
0.0
  0
SOLID
  5
6A76
330
6955
100
AcDbEntity
  8
标注
 62
     0
100
AcDbTrace
 10
939.8103654867115
 20
391.564619212938
 30
0.0
 11
939.8103654867115
 21
387.3979525462713
 31
0.0
 12
927.3103654867115
 22
389.4812858796046
 32
0.0
 13
927.3103654867115
 23
389.4812858796046
 33
0.0
  0
SOLID
  5
6A77
330
6955
100
AcDbEntity
  8
标注
 62
     0
100
AcDbTrace
 10
889.8103654867115
 20
387.3979525462713
 30
0.0
 11
889.8103654867115
 21
391.564619212938
 31
0.0
 12
902.3103654867115
 22
389.4812858796046
 32
0.0
 13
902.3103654867115
 23
389.4812858796046
 33
0.0
  0
MTEXT
  5
6A78
330
6955
100
AcDbEntity
  8
标注
 62
     0
100
AcDbMText
 10
914.8103654867115
 20
398.8562858796046
 30
0.0
 40
12.5
 41
0.0
 46
0.0
 71
     5
 72
     1
  1
25
 73
     1
 44
1.0
1001
ACAD
1000
MTEXTBEGIN
1070
    73
1070
     1
1070
    44
1040
1.0
1070
    74
1070
     0
1000
MTEXTEND
  0
POINT
  5
6A79
330
6955
100
AcDbEntity
  8
Defpoints
 62
     0
100
AcDbPoint
 10
927.3103654867115
 20
354.5796437963086
 30
0.0
  0
POINT
  5
6A7A
330
6955
100
AcDbEntity
  8
Defpoints
 62
     0
100
AcDbPoint
 10
902.3103654867115
 20
354.5796437963086
 30
0.0
  0
POINT
  5
6A7B
330
6955
100
AcDbEntity
  8
Defpoints
 62
     0
100
AcDbPoint
 10
902.3103654867115
 20
389.4812858796046
 30
0.0
  0
ENDBLK
  5
6962
330
6955
100
AcDbEntity
  8
0
100
AcDbBlockEnd
  0
BLOCK
  5
6A86
330
6A7C
100
AcDbEntity
  8
0
100
AcDbBlockBegin
  2
*D11
 70
     1
 10
0.0
 20
0.0
 30
0.0
  3
*D11
  1

  0
LINE
  5
6ED2
330
6A7C
100
AcDbEntity
  8
标注
 62
     0
370
    -2
100
AcDbLine
 10
763.6971642271223
 20
348.1950982642021
 30
0.0
 11
763.6971642271223
 21
379.227925844267
 31
0.0
  0
LINE
  5
6ED3
330
6A7C
100
AcDbEntity
  8
标注
 62
     0
370
    -2
100
AcDbLine
 10
902.3103654867115
 20
357.7046437963086
 30
0.0
 11
902.3103654867115
 21
379.227925844267
 31
0.0
  0
LINE
  5
6ED4
330
6A7C
100
AcDbEntity
  8
标注
 62
     0
370
    -2
100
AcDbLine
 10
776.1971642271223
 20
372.977925844267
 30
0.0
 11
889.8103654867115
 21
372.977925844267
 31
0.0
  0
SOLID
  5
6ED5
330
6A7C
100
AcDbEntity
  8
标注
 62
     0
100
AcDbTrace
 10
776.1971642271223
 20
375.0612591776004
 30
0.0
 11
776.1971642271223
 21
370.8945925109337
 31
0.0
 12
763.6971642271223
 22
372.977925844267
 32
0.0
 13
763.6971642271223
 23
372.977925844267
 33
0.0
  0
SOLID
  5
6ED6
330
6A7C
100
AcDbEntity
  8
标注
 62
     0
100
AcDbTrace
 10
889.8103654867115
 20
370.8945925109337
 30
0.0
 11
889.8103654867115
 21
375.0612591776004
 31
0.0
 12
902.3103654867115
 22
372.977925844267
 32
0.0
 13
902.3103654867115
 23
372.977925844267
 33
0.0
  0
MTEXT
  5
6ED7
330
6A7C
100
AcDbEntity
  8
标注
 62
     0
100
AcDbMText
 10
833.003764856917
 20
382.352925844267
 30
0.0
 40
12.5
 41
0.0
 46
0.0
 71
     5
 72
     1
  1
300±10
 73
     1
 44
1.0
1001
ACAD
1000
MTEXTBEGIN
1070
    73
1070
     1
1070
    44
1040
1.0
1070
    74
1070
     0
1000
MTEXTEND
  0
POINT
  5
6ED8
330
6A7C
100
AcDbEntity
  8
Defpoints
 62
     0
100
AcDbPoint
 10
763.6971642271223
 20
345.0700982642021
 30
0.0
  0
POINT
  5
6ED9
330
6A7C
100
AcDbEntity
  8
Defpoints
 62
     0
100
AcDbPoint
 10
902.3103654867115
 20
354.5796437963086
 30
0.0
  0
POINT
  5
6EDA
330
6A7C
100
AcDbEntity
  8
Defpoints
 62
     0
100
AcDbPoint
 10
902.3103654867115
 20
372.977925844267
 30
0.0
  0
ENDBLK
  5
6A87
330
6A7C
100
AcDbEntity
  8
0
100
AcDbBlockEnd
  0
BLOCK
  5
701A
330
700E
100
AcDbEntity
  8
0
100
AcDbBlockBegin
  2
*D12
 70
     1
 10
0.0
 20
0.0
 30
0.0
  3
*D12
  1

  0
LINE
  5
74CF
330
700E
100
AcDbEntity
  8
标注
 62
     0
370
    -2
100
AcDbLine
 10
1529.201452064443
 20
564.6440613744336
 30
0.0
 11
1529.201452064443
 21
586.3986373102
 31
0.0
  0
LINE
  5
74D0
330
700E
100
AcDbEntity
  8
标注
 62
     0
370
    -2
100
AcDbLine
 10
1530.791452064443
 20
564.6440613744336
 30
0.0
 11
1530.791452064443
 21
586.3986373102
 31
0.0
  0
LINE
  5
74D1
330
700E
100
AcDbEntity
  8
标注
 62
     0
370
    -2
100
AcDbLine
 10
1529.201452064443
 20
580.7736373102
 30
0.0
 11
1447.076452064443
 21
580.7736373102
 31
0.0
  0
LINE
  5
74D2
330
700E
100
AcDbEntity
  8
标注
 62
     0
370
    -2
100
AcDbLine
 10
1529.201452064443
 20
580.7736373102
 30
0.0
 11
1530.791452064443
 21
580.7736373102
 31
0.0
  0
LINE
  5
74D3
330
700E
100
AcDbEntity
  8
标注
 62
     0
370
    -2
100
AcDbLine
 10
1542.041452064443
 20
580.7736373102
 30
0.0
 11
1553.291452064443
 21
580.7736373102
 31
0.0
  0
SOLID
  5
74D4
330
700E
100
AcDbEntity
  8
标注
 62
     0
100
AcDbTrace
 10
1517.951452064443
 20
578.8986373102
 30
0.0
 11
1517.951452064443
 21
582.6486373102
 31
0.0
 12
1529.201452064443
 22
580.7736373102
 32
0.0
 13
1529.201452064443
 23
580.7736373102
 33
0.0
  0
SOLID
  5
74D5
330
700E
100
AcDbEntity
  8
标注
 62
     0
100
AcDbTrace
 10
1542.041452064443
 20
582.6486373102
 30
0.0
 11
1542.041452064443
 21
578.8986373102
 31
0.0
 12
1530.791452064443
 22
580.7736373102
 32
0.0
 13
1530.791452064443
 23
580.7736373102
 33
0.0
  0
MTEXT
  5
74D6
330
700E
100
AcDbEntity
  8
标注
 62
     0
100
AcDbMText
 10
1476.888952064443
 20
590.1486373102
 30
0.0
 40
11.25
 41
0.0
 46
0.0
 71
     5
 72
     1
  1
1,59±0.2
 73
     1
 44
1.0
1001
ACAD
1000
MTEXTBEGIN
1070
    73
1070
     1
1070
    44
1040
1.0
1070
    74
1070
     0
1000
MTEXTEND
  0
POINT
  5
74D7
330
700E
100
AcDbEntity
  8
Defpoints
 62
     0
100
AcDbPoint
 10
1529.201452064443
 20
561.8315613744336
 30
0.0
  0
POINT
  5
74D8
330
700E
100
AcDbEntity
  8
Defpoints
 62
     0
100
AcDbPoint
 10
1530.791452064443
 20
561.8315613744336
 30
0.0
  0
POINT
  5
74D9
330
700E
100
AcDbEntity
  8
Defpoints
 62
     0
100
AcDbPoint
 10
1530.791452064443
 20
580.7736373102
 30
0.0
  0
ENDBLK
  5
701B
330
700E
100
AcDbEntity
  8
0
100
AcDbBlockEnd
  0
BLOCK
  5
74E6
330
74DA
100
AcDbEntity
  8
0
100
AcDbBlockBegin
  2
*D13
 70
     1
 10
0.0
 20
0.0
 30
0.0
  3
*D13
  1

  0
LINE
  5
766A
330
74DA
100
AcDbEntity
  8
标注
 62
     0
370
    -2
100
AcDbLine
 10
1529.201452064443
 20
315.7671437963086
 30
0.0
 11
1529.201452064443
 21
200.6862646993411
 31
0.0
  0
LINE
  5
766B
330
74DA
100
AcDbEntity
  8
标注
 62
     0
370
    -2
100
AcDbLine
 10
1534.841452064443
 20
315.7671437963086
 30
0.0
 11
1534.841452064443
 21
200.6862646993411
 31
0.0
  0
LINE
  5
766C
330
74DA
100
AcDbEntity
  8
标注
 62
     0
370
    -2
100
AcDbLine
 10
1529.201452064443
 20
206.3112646993411
 30
0.0
 11
1397.299915751594
 21
206.3112646993411
 31
0.0
  0
LINE
  5
766D
330
74DA
100
AcDbEntity
  8
标注
 62
     0
370
    -2
100
AcDbLine
 10
1529.201452064443
 20
206.3112646993411
 30
0.0
 11
1534.841452064443
 21
206.3112646993411
 31
0.0
  0
LINE
  5
766E
330
74DA
100
AcDbEntity
  8
标注
 62
     0
370
    -2
100
AcDbLine
 10
1546.091452064443
 20
206.3112646993411
 30
0.0
 11
1557.341452064443
 21
206.3112646993411
 31
0.0
  0
SOLID
  5
766F
330
74DA
100
AcDbEntity
  8
标注
 62
     0
100
AcDbTrace
 10
1517.951452064443
 20
204.436264699341
 30
0.0
 11
1517.951452064443
 21
208.186264699341
 31
0.0
 12
1529.201452064443
 22
206.3112646993411
 32
0.0
 13
1529.201452064443
 23
206.3112646993411
 33
0.0
  0
SOLID
  5
7670
330
74DA
100
AcDbEntity
  8
标注
 62
     0
100
AcDbTrace
 10
1546.091452064443
 20
208.186264699341
 30
0.0
 11
1546.091452064443
 21
204.436264699341
 31
0.0
 12
1534.841452064443
 22
206.3112646993411
 32
0.0
 13
1534.841452064443
 23
206.3112646993411
 33
0.0
  0
MTEXT
  5
7671
330
74DA
100
AcDbEntity
  8
标注
 62
     0
100
AcDbMText
 10
1452.000683908018
 20
216.5713903976651
 30
0.0
 40
11.25
 41
0.0
 46
0.0
 71
     5
 72
     1
  1
\f宋体|b0|i0|c134|p2;接线点高度＜\Ftxt|c134;5.64
 73
     1
 44
1.0
1001
ACAD
1000
MTEXTBEGIN
1070
    73
1070
     1
1070
    44
1040
1.0
1070
    74
1070
     0
1000
MTEXTEND
  0
POINT
  5
7672
330
74DA
100
AcDbEntity
  8
Defpoints
 62
     0
100
AcDbPoint
 10
1529.201452064443
 20
318.5796437963086
 30
0.0
  0
POINT
  5
7673
330
74DA
100
AcDbEntity
  8
Defpoints
 62
     0
100
AcDbPoint
 10
1534.841452064443
 20
318.5796437963086
 30
0.0
  0
POINT
  5
7674
330
74DA
100
AcDbEntity
  8
Defpoints
 62
     0
100
AcDbPoint
 10
1534.841452064443
 20
206.3112646993411
 30
0.0
  0
ENDBLK
  5
74E7
330
74DA
100
AcDbEntity
  8
0
100
AcDbBlockEnd
  0
BLOCK
  5
784E
330
784D
100
AcDbEntity
  8
0
 62
     1
100
AcDbBlockBegin
  2
logo
 70
     0
 10
0.0
 20
0.0
 30
0.0
  3
logo
  1

  0
HATCH
  5
784F
330
784D
100
AcDbEntity
  8
0
100
AcDbHatch
 10
0.0
 20
0.0
 30
0.0
210
0.0
220
0.0
230
1.0
  2
SOLID
 70
     1
 71
     0
 91
        6
 92
        7
 72
     0
 73
     1
 93
        4
 10
190.2859398412092
 20
26.77682403334355
 10
181.4902906655734
 20
26.77682403334355
 10
181.4902906655734
 20
-9.418659571188912
 10
190.2859398412092
 20
-9.418659571188912
 97
        0
 92
        7
 72
     1
 73
     1
 93
       16
 10
178.0188294215149
 20
26.77682403334355
 42
0.0
 10
169.2231802458791
 20
26.77682403334355
 42
0.0
 10
169.2231802458791
 20
14.14642269700387
 42
-0.4142135623730965
 10
168.2511802458775
 20
13.1744226970023
 42
0.0
 10
151.6440992076477
 20
13.1744226970023
 42
-0.4142135623730962
 10
150.6720992076498
 20
14.14642269700387
 42
0.0
 10
150.6720992076498
 20
26.77682403334355
 42
0.0
 10
141.8764500320103
 20
26.77682403334355
 42
0.0
 10
141.8764500320103
 20
-9.418659571188912
 42
0.0
 10
150.6720992076498
 20
-9.418659571188912
 42
0.0
 10
150.6720992076498
 20
3.406773521367611
 42
-0.4142135623730949
 10
151.6440992076477
 20
4.378773521366453
 42
0.0
 10
168.2511802458775
 20
4.378773521366453
 42
-0.4142135623730962
 10
169.2231802458791
 20
3.406773521367611
 42
0.0
 10
169.2231802458791
 20
-9.418659571188912
 42
0.0
 10
178.0188294215149
 20
-9.418659571188912
 42
0.0
 97
        0
 92
        7
 72
     1
 73
     1
 93
       13
 10
113.1546155826272
 20
15.98354887952253
 42
-0.4142135623730951
 10
115.0986155826249
 20
17.92754887952294
 42
0.0
 10
127.2649274993764
 20
17.92754887952294
 42
0.0
 10
138.2617838681017
 20
17.92754887952294
 42
0.0
 10
138.2617838681017
 20
26.77682403334355
 42
0.0
 10
114.7370471714239
 20
26.77682403334355
 42
0.4142135623730951
 10
105.0170471714245
 20
17.05682403334147
 42
0.0
 10
105.0170471714245
 20
0.301340428810434
 42
0.4142135623730951
 10
114.7370471714239
 20
-9.418659571188912
 42
0.0
 10
138.2617838681017
 20
-9.418659571188912
 42
0.0
 10
138.2617838681017
 20
-0.5693844173655834
 42
0.0
 10
115.0986155826249
 20
-0.5693844173655834
 42
-0.4142135623730951
 10
113.1546155826272
 20
1.374615582632102
 42
0.0
 97
        0
 92
        7
 72
     0
 73
     1
 93
       12
 10
99.60923550361441
 20
13.05614516873727
 10
76.46262580274377
 20
13.05614516873727
 10
76.46262580274377
 20
17.92754887952294
 10
101.057652154046
 20
17.92754887952294
 10
101.057652154046
 20
26.77682403334355
 10
67.78942220289535
 20
26.77682403334355
 10
67.78942220289535
 20
-9.418659571188912
 10
101.057652154046
 20
-9.418659571188912
 10
101.057652154046
 20
-0.5693844173655834
 10
76.46262580274377
 20
-0.5693844173655834
 10
76.46262580274377
 20
4.469157710192191
 10
99.60923550361441
 20
4.469157710192191
 97
        0
 92
        7
 72
     0
 73
     1
 93
        8
 10
50.57678494573156
 20
17.92754887952294
 10
64.24931265241503
 20
17.92754887952294
 10
64.24931265241503
 20
26.77682403334355
 10
28.17032123365061
 20
26.77682403334355
 10
28.17032123365061
 20
17.92754887952294
 10
41.74987235276967
 20
17.92754887952294
 10
41.74987235276967
 20
-9.418659571188912
 10
50.57678494573156
 20
-9.418659571188912
 97
        0
 92
        7
 72
     1
 73
     1
 93
       13
 10
24.53778386810336
 20
-0.5693844173655834
 42
0.0
 10
1.374615582626574
 20
-0.5693844173655834
 42
-0.4142135623730951
 10
-0.5693844173747494
 20
1.374615582632102
 42
0.0
 10
-0.5693844173747494
 20
15.98354887952253
 42
-0.4142135623730951
 10
1.374615582626574
 20
17.92754887952294
 42
0.0
 10
13.54092749937808
 20
17.92754887952294
 42
0.0
 10
24.53778386810336
 20
17.92754887952294
 42
0.0
 10
24.53778386810336
 20
26.77682403334355
 42
0.0
 10
1.01304717142375
 20
26.77682403334355
 42
0.4142135623730951
 10
-8.706952828575595
 20
17.05682403334147
 42
0.0
 10
-8.706952828575595
 20
0.301340428810434
 42
0.4142135623730951
 10
1.01304717142375
 20
-9.418659571188912
 42
0.0
 10
24.53778386810336
 20
-9.418659571188912
 42
0.0
 97
        0
 75
     1
 76
     1
 47
2.322380144644404
 98
        6
 10
184.5223669548685
 20
8.087748983876807
 10
171.6466094442512
 20
9.216425686047005
 10
109.752618191309
 20
6.959072281703882
 10
74.73959361492416
 20
7.410543005093202
 10
45.14794049703778
 20
5.830395579530956
 10
8.77957317471737
 20
-5.907842803373496
1001
GradientColor1ACI
1070
     5
1001
GradientColor2ACI
1070
     2
1001
ACAD
1010
0.0
1020
0.0
1030
0.0
  0
LINE
  5
7850
330
784D
100
AcDbEntity
  8
0
100
AcDbLine
 10
67.78942220289535
 20
26.77682403333536
 30
0.0
 11
101.057652154046
 21
26.77682403333536
 31
0.0
  0
LINE
  5
7851
330
784D
100
AcDbEntity
  8
0
100
AcDbLine
 10
76.46262580274377
 20
17.92754887951749
 30
0.0
 11
101.057652154046
 21
17.92754887951749
 31
0.0
  0
LINE
  5
7852
330
784D
100
AcDbEntity
  8
0
100
AcDbLine
 10
67.78942220289535
 20
26.77682403333536
 30
0.0
 11
67.78942220289535
 21
-9.418659571194368
 31
0.0
  0
LINE
  5
7853
330
784D
100
AcDbEntity
  8
0
100
AcDbLine
 10
67.78942220289535
 20
-9.418659571194368
 30
0.0
 11
101.057652154046
 21
-9.418659571194368
 31
0.0
  0
LINE
  5
7854
330
784D
100
AcDbEntity
  8
0
100
AcDbLine
 10
76.46262580274377
 20
-0.5693844173710403
 30
0.0
 11
101.057652154046
 21
-0.5693844173710403
 31
0.0
  0
LINE
  5
7855
330
784D
100
AcDbEntity
  8
0
100
AcDbLine
 10
101.057652154046
 20
-9.418659571194368
 30
0.0
 11
101.057652154046
 21
-0.5693844173710403
 31
0.0
  0
LINE
  5
7856
330
784D
100
AcDbEntity
  8
0
100
AcDbLine
 10
101.057652154046
 20
17.92754887951749
 30
0.0
 11
101.057652154046
 21
26.77682403333536
 31
0.0
  0
LINE
  5
7857
330
784D
100
AcDbEntity
  8
0
100
AcDbLine
 10
76.46262580274377
 20
17.92754887951749
 30
0.0
 11
76.46262580274377
 21
13.05614516873182
 31
0.0
  0
LINE
  5
7858
330
784D
100
AcDbEntity
  8
0
100
AcDbLine
 10
76.46262580274377
 20
4.469157710184005
 30
0.0
 11
76.46262580274377
 21
-0.5693844173710403
 31
0.0
  0
LINE
  5
7859
330
784D
100
AcDbEntity
  8
0
100
AcDbLine
 10
76.46262580274377
 20
4.469157710184005
 30
0.0
 11
99.60923550361441
 21
4.469157710184005
 31
0.0
  0
LINE
  5
785A
330
784D
100
AcDbEntity
  8
0
100
AcDbLine
 10
99.60923550361441
 20
4.469157710184005
 30
0.0
 11
99.60923550361441
 21
13.05614516873182
 31
0.0
  0
LINE
  5
785B
330
784D
100
AcDbEntity
  8
0
100
AcDbLine
 10
99.60923550361441
 20
13.05614516873182
 30
0.0
 11
76.46262580274377
 21
13.05614516873182
 31
0.0
  0
LINE
  5
785C
330
784D
100
AcDbEntity
  8
0
100
AcDbLine
 10
28.17032123365061
 20
26.77682403333536
 30
0.0
 11
64.24931265241503
 21
26.77682403333536
 31
0.0
  0
LINE
  5
785D
330
784D
100
AcDbEntity
  8
0
100
AcDbLine
 10
28.17032123365061
 20
17.92754887951749
 30
0.0
 11
41.74987235276967
 21
17.92754887951749
 31
0.0
  0
LINE
  5
785E
330
784D
100
AcDbEntity
  8
0
100
AcDbLine
 10
50.57678494573156
 20
17.92754887951749
 30
0.0
 11
64.24931265241503
 21
17.92754887951749
 31
0.0
  0
LINE
  5
785F
330
784D
100
AcDbEntity
  8
0
100
AcDbLine
 10
28.17032123365061
 20
26.77682403333536
 30
0.0
 11
28.17032123365061
 21
17.92754887951749
 31
0.0
  0
LINE
  5
7860
330
784D
100
AcDbEntity
  8
0
100
AcDbLine
 10
64.24931265241503
 20
26.77682403333536
 30
0.0
 11
64.24931265241503
 21
17.92754887951749
 31
0.0
  0
LINE
  5
7861
330
784D
100
AcDbEntity
  8
0
100
AcDbLine
 10
41.74987235276967
 20
17.92754887951749
 30
0.0
 11
41.74987235276967
 21
-9.418659571194368
 31
0.0
  0
LINE
  5
7862
330
784D
100
AcDbEntity
  8
0
100
AcDbLine
 10
50.57678494573156
 20
-9.418659571194368
 30
0.0
 11
50.57678494573156
 21
17.92754887951749
 31
0.0
  0
LINE
  5
7863
330
784D
100
AcDbEntity
  8
0
100
AcDbLine
 10
50.57678494573156
 20
-9.418659571194368
 30
0.0
 11
41.74987235276967
 21
-9.418659571194368
 31
0.0
  0
LINE
  5
7864
330
784D
100
AcDbEntity
  8
0
100
AcDbLine
 10
24.53778386810336
 20
26.77682403333536
 30
0.0
 11
1.01304717142375
 21
26.77682403333536
 31
0.0
  0
ARC
  5
7865
330
784D
100
AcDbEntity
  8
0
100
AcDbCircle
 10
1.01304717142375
 20
17.05682403333601
 30
0.0
 40
9.719999999999997
100
AcDbArc
 50
90.0
 51
180.0
  0
LINE
  5
7866
330
784D
100
AcDbEntity
  8
0
100
AcDbLine
 10
24.53778386810336
 20
17.92754887951749
 30
0.0
 11
1.374615582626574
 21
17.92754887951749
 31
0.0
  0
LINE
  5
7867
330
784D
100
AcDbEntity
  8
0
100
AcDbLine
 10
-8.667874181539444
 20
17.92754887951749
 30
0.0
 11
-8.706952828575595
 21
17.92754887951749
 31
0.0
  0
LINE
  5
7868
330
784D
100
AcDbEntity
  8
0
100
AcDbLine
 10
-8.706952828575595
 20
17.05682403333601
 30
0.0
 11
-8.706952828575595
 21
0.301340428804977
 31
0.0
  0
ARC
  5
7869
330
784D
100
AcDbEntity
  8
0
100
AcDbCircle
 10
1.01304717142375
 20
0.301340428804977
 30
0.0
 40
9.719999999999997
100
AcDbArc
 50
180.0
 51
270.0
  0
LINE
  5
786A
330
784D
100
AcDbEntity
  8
0
100
AcDbLine
 10
1.01304717142375
 20
-9.418659571194368
 30
0.0
 11
24.53778386810336
 21
-9.418659571194368
 31
0.0
  0
LINE
  5
786B
330
784D
100
AcDbEntity
  8
0
100
AcDbLine
 10
1.374615582626574
 20
-0.5693844173710403
 30
0.0
 11
24.53778386810336
 21
-0.5693844173710403
 31
0.0
  0
ARC
  5
786C
330
784D
100
AcDbEntity
  8
0
100
AcDbCircle
 10
1.374615582626574
 20
1.374615582626645
 30
0.0
 40
1.943999999999999
100
AcDbArc
 50
180.0
 51
270.0
  0
LINE
  5
786D
330
784D
100
AcDbEntity
  8
0
100
AcDbLine
 10
24.53778386810336
 20
-9.418659571194368
 30
0.0
 11
24.53778386810336
 21
-0.5693844173710403
 31
0.0
  0
LINE
  5
786E
330
784D
100
AcDbEntity
  8
0
100
AcDbLine
 10
24.53778386810336
 20
17.92754887951749
 30
0.0
 11
24.53778386810336
 21
26.77682403333536
 31
0.0
  0
LINE
  5
786F
330
784D
100
AcDbEntity
  8
0
100
AcDbLine
 10
28.17032123365061
 20
26.77682403333536
 30
0.0
 11
28.17032123365061
 21
17.92754887951749
 31
0.0
  0
LINE
  5
7870
330
784D
100
AcDbEntity
  8
0
100
AcDbLine
 10
-0.5693844173747494
 20
1.374615582626645
 30
0.0
 11
-0.5693844173747494
 21
15.98354887951707
 31
0.0
  0
LINE
  5
7871
330
784D
100
AcDbEntity
  8
0
100
AcDbLine
 10
13.54092749937808
 20
17.92754887951749
 30
0.0
 11
1.374615582626574
 21
17.92754887951749
 31
0.0
  0
ARC
  5
7872
330
784D
100
AcDbEntity
  8
0
100
AcDbCircle
 10
1.374615582626574
 20
15.98354887951707
 30
0.0
 40
1.943999999999999
100
AcDbArc
 50
90.0
 51
180.0
  0
LINE
  5
7873
330
784D
100
AcDbEntity
  8
0
100
AcDbLine
 10
138.2617838681017
 20
26.77682403333536
 30
0.0
 11
114.7370471714239
 21
26.77682403333536
 31
0.0
  0
ARC
  5
7874
330
784D
100
AcDbEntity
  8
0
100
AcDbCircle
 10
114.7370471714239
 20
17.05682403333601
 30
0.0
 40
9.719999999999997
100
AcDbArc
 50
90.0
 51
180.0
  0
LINE
  5
7875
330
784D
100
AcDbEntity
  8
0
100
AcDbLine
 10
138.2617838681017
 20
17.92754887951749
 30
0.0
 11
115.0986155826249
 21
17.92754887951749
 31
0.0
  0
LINE
  5
7876
330
784D
100
AcDbEntity
  8
0
100
AcDbLine
 10
105.0561258184589
 20
17.92754887951749
 30
0.0
 11
105.0170471714245
 21
17.92754887951749
 31
0.0
  0
LINE
  5
7877
330
784D
100
AcDbEntity
  8
0
100
AcDbLine
 10
105.0170471714245
 20
17.05682403333601
 30
0.0
 11
105.0170471714245
 21
0.301340428804977
 31
0.0
  0
ARC
  5
7878
330
784D
100
AcDbEntity
  8
0
100
AcDbCircle
 10
114.7370471714239
 20
0.301340428804977
 30
0.0
 40
9.719999999999997
100
AcDbArc
 50
180.0
 51
270.0
  0
LINE
  5
7879
330
784D
100
AcDbEntity
  8
0
100
AcDbLine
 10
114.7370471714239
 20
-9.418659571194368
 30
0.0
 11
138.2617838681017
 21
-9.418659571194368
 31
0.0
  0
LINE
  5
787A
330
784D
100
AcDbEntity
  8
0
100
AcDbLine
 10
115.0986155826249
 20
-0.5693844173710403
 30
0.0
 11
138.2617838681017
 21
-0.5693844173710403
 31
0.0
  0
ARC
  5
787B
330
784D
100
AcDbEntity
  8
0
100
AcDbCircle
 10
115.0986155826249
 20
1.374615582626645
 30
0.0
 40
1.943999999999999
100
AcDbArc
 50
180.0
 51
270.0
  0
LINE
  5
787C
330
784D
100
AcDbEntity
  8
0
100
AcDbLine
 10
138.2617838681017
 20
-9.418659571194368
 30
0.0
 11
138.2617838681017
 21
-0.5693844173710403
 31
0.0
  0
LINE
  5
787D
330
784D
100
AcDbEntity
  8
0
100
AcDbLine
 10
138.2617838681017
 20
17.92754887951749
 30
0.0
 11
138.2617838681017
 21
26.77682403333536
 31
0.0
  0
LINE
  5
787E
330
784D
100
AcDbEntity
  8
0
100
AcDbLine
 10
113.1546155826272
 20
1.374615582626645
 30
0.0
 11
113.1546155826272
 21
15.98354887951707
 31
0.0
  0
LINE
  5
787F
330
784D
100
AcDbEntity
  8
0
100
AcDbLine
 10
127.2649274993764
 20
17.92754887951749
 30
0.0
 11
115.0986155826249
 21
17.92754887951749
 31
0.0
  0
ARC
  5
7880
330
784D
100
AcDbEntity
  8
0
100
AcDbCircle
 10
115.0986155826249
 20
15.98354887951707
 30
0.0
 40
1.943999999999999
100
AcDbArc
 50
90.0
 51
180.0
  0
LINE
  5
7881
330
784D
100
AcDbEntity
  8
0
100
AcDbLine
 10
141.8764500320103
 20
26.77682403333536
 30
0.0
 11
150.6720992076498
 21
26.77682403333536
 31
0.0
  0
LINE
  5
7882
330
784D
100
AcDbEntity
  8
0
100
AcDbLine
 10
169.2231802458791
 20
26.77682403333536
 30
0.0
 11
178.0188294215149
 21
26.77682403333536
 31
0.0
  0
LINE
  5
7883
330
784D
100
AcDbEntity
  8
0
100
AcDbLine
 10
141.8764500320103
 20
26.77682403333536
 30
0.0
 11
141.8764500320103
 21
-9.418659571194368
 31
0.0
  0
LINE
  5
7884
330
784D
100
AcDbEntity
  8
0
100
AcDbLine
 10
150.6720992076498
 20
26.77682403333536
 30
0.0
 11
150.6720992076498
 21
14.14642269699568
 31
0.0
  0
ARC
  5
7885
330
784D
100
AcDbEntity
  8
0
100
AcDbCircle
 10
151.6440992076477
 20
14.14642269699568
 30
0.0
 40
0.9719999999999997
100
AcDbArc
 50
180.0
 51
270.0
  0
LINE
  5
7886
330
784D
100
AcDbEntity
  8
0
100
AcDbLine
 10
150.6720992076498
 20
3.406773521359426
 30
0.0
 11
150.6720992076498
 21
-9.418659571194368
 31
0.0
  0
ARC
  5
7887
330
784D
100
AcDbEntity
  8
0
100
AcDbCircle
 10
151.6440992076477
 20
3.406773521359426
 30
0.0
 40
0.9719999999999997
100
AcDbArc
 50
90.0
 51
180.0
  0
LINE
  5
7888
330
784D
100
AcDbEntity
  8
0
100
AcDbLine
 10
151.6440992076477
 20
13.17442269699684
 30
0.0
 11
168.2511802458775
 21
13.17442269699684
 31
0.0
  0
LINE
  5
7889
330
784D
100
AcDbEntity
  8
0
100
AcDbLine
 10
151.6440992076477
 20
4.378773521360996
 30
0.0
 11
168.2511802458775
 21
4.378773521360996
 31
0.0
  0
LINE
  5
788A
330
784D
100
AcDbEntity
  8
0
100
AcDbLine
 10
141.8764500320103
 20
-9.418659571194368
 30
0.0
 11
150.6720992076498
 21
-9.418659571194368
 31
0.0
  0
LINE
  5
788B
330
784D
100
AcDbEntity
  8
0
100
AcDbLine
 10
169.2231802458791
 20
-9.418659571194368
 30
0.0
 11
178.0188294215149
 21
-9.418659571194368
 31
0.0
  0
LINE
  5
788C
330
784D
100
AcDbEntity
  8
0
100
AcDbLine
 10
178.0188294215149
 20
26.77682403333536
 30
0.0
 11
178.0188294215149
 21
-9.418659571194368
 31
0.0
  0
LINE
  5
788D
330
784D
100
AcDbEntity
  8
0
100
AcDbLine
 10
169.2231802458791
 20
26.77682403333536
 30
0.0
 11
169.2231802458791
 21
14.14642269699568
 31
0.0
  0
ARC
  5
788E
330
784D
100
AcDbEntity
  8
0
100
AcDbCircle
 10
168.2511802458775
 20
14.14642269699568
 30
0.0
 40
0.9719999999999997
100
AcDbArc
 50
270.0
 51
0.0
  0
LINE
  5
788F
330
784D
100
AcDbEntity
  8
0
100
AcDbLine
 10
169.2231802458791
 20
3.406773521359426
 30
0.0
 11
169.2231802458791
 21
-9.418659571194368
 31
0.0
  0
ARC
  5
7890
330
784D
100
AcDbEntity
  8
0
100
AcDbCircle
 10
168.2511802458775
 20
3.406773521359426
 30
0.0
 40
0.9719999999999997
100
AcDbArc
 50
0.0
 51
90.0
  0
LINE
  5
7891
330
784D
100
AcDbEntity
  8
0
100
AcDbLine
 10
181.4902906655734
 20
-9.418659571194368
 30
0.0
 11
190.2859398412092
 21
-9.418659571194368
 31
0.0
  0
LINE
  5
7892
330
784D
100
AcDbEntity
  8
0
100
AcDbLine
 10
181.4902906655734
 20
26.77682403333536
 30
0.0
 11
190.2859398412092
 21
26.77682403333536
 31
0.0
  0
LINE
  5
7893
330
784D
100
AcDbEntity
  8
0
100
AcDbLine
 10
181.4902906655734
 20
26.77682403333536
 30
0.0
 11
181.4902906655734
 21
-9.418659571194368
 31
0.0
  0
LINE
  5
7894
330
784D
100
AcDbEntity
  8
0
100
AcDbLine
 10
190.2859398412092
 20
26.77682403333536
 30
0.0
 11
190.2859398412092
 21
-9.418659571194368
 31
0.0
  0
HATCH
  5
7895
330
784D
100
AcDbEntity
  8
0
 62
    40
100
AcDbHatch
 10
0.0
 20
0.0
 30
0.0
210
0.0
220
0.0
230
1.0
  2
SOLID
 70
     1
 71
     0
 91
        1
 92
        7
 72
     0
 73
     1
 93
        4
 10
190.2859398412092
 20
39.09257449634431
 10
181.4902906655734
 20
39.09257449634431
 10
181.4902906655734
 20
30.29692532070847
 10
190.2859398412092
 20
30.29692532070847
 97
        0
 75
     1
 76
     1
 47
0.9083192184032947
 98
        1
 10
184.4677560210857
 20
35.16208771389763
1001
GradientColor1ACI
1070
     5
1001
GradientColor2ACI
1070
     2
1001
ACAD
1010
0.0
1020
0.0
1030
0.0
  0
LINE
  5
7896
330
784D
100
AcDbEntity
  8
0
 62
    40
100
AcDbLine
 10
181.4902906655734
 20
30.29692532070301
 30
0.0
 11
181.4902906655734
 21
39.0925744963334
 31
0.0
  0
LINE
  5
7897
330
784D
100
AcDbEntity
  8
0
 62
    40
100
AcDbLine
 10
190.2859398412092
 20
30.29692532070301
 30
0.0
 11
190.2859398412092
 21
39.0925744963334
 31
0.0
  0
LINE
  5
7898
330
784D
100
AcDbEntity
  8
0
 62
    40
100
AcDbLine
 10
181.4902906655734
 20
30.29692532070301
 30
0.0
 11
190.2859398412092
 21
30.29692532070301
 31
0.0
  0
LINE
  5
7899
330
784D
100
AcDbEntity
  8
0
 62
    40
100
AcDbLine
 10
181.4902906655734
 20
39.0925744963334
 30
0.0
 11
190.2859398412092
 21
39.0925744963334
 31
0.0
  0
ENDBLK
  5
789A
330
784D
100
AcDbEntity
  8
0
 62
     1
100
AcDbBlockEnd
  0
BLOCK
  5
8210
330
820F
100
AcDbEntity
  8
标注
100
AcDbBlockBegin
  2
*D15
 70
     1
 10
0.0
 20
0.0
 30
0.0
  3
*D15
  1

  0
LINE
  5
82AC
330
820F
100
AcDbEntity
  8
0
 62
     0
370
    -2
100
AcDbLine
 10
1546.400918682399
 20
2688.105304447042
 30
0.0
 11
1546.400918682399
 21
2698.31110019218
 31
0.0
  0
LINE
  5
82AD
330
820F
100
AcDbEntity
  8
0
 62
     0
370
    -2
100
AcDbLine
 10
1395.960516282399
 20
2688.105304447042
 30
0.0
 11
1395.960516282399
 21
2698.31110019218
 31
0.0
  0
LINE
  5
82AE
330
820F
100
AcDbEntity
  8
0
 62
     0
370
    -2
100
AcDbLine
 10
1546.220918682399
 20
2698.13110019218
 30
0.0
 11
1471.438717482399
 21
2698.13110019218
 31
0.0
  0
LINE
  5
82AF
330
820F
100
AcDbEntity
  8
0
 62
     0
370
    -2
100
AcDbLine
 10
1396.1405162824
 20
2698.13110019218
 30
0.0
 11
1470.922717482399
 21
2698.13110019218
 31
0.0
  0
SOLID
  5
82B0
330
820F
100
AcDbEntity
  8
0
 62
     0
100
AcDbTrace
 10
1546.220918682399
 20
2698.101100192179
 30
0.0
 11
1546.220918682399
 21
2698.16110019218
 31
0.0
 12
1546.400918682399
 22
2698.13110019218
 32
0.0
 13
1546.400918682399
 23
2698.13110019218
 33
0.0
  0
SOLID
  5
82B1
330
820F
100
AcDbEntity
  8
0
 62
     0
100
AcDbTrace
 10
1396.1405162824
 20
2698.16110019218
 30
0.0
 11
1396.1405162824
 21
2698.101100192179
 31
0.0
 12
1395.960516282399
 22
2698.13110019218
 32
0.0
 13
1395.960516282399
 23
2698.13110019218
 33
0.0
  0
MTEXT
  5
82B2
330
820F
100
AcDbEntity
  8
0
 62
     0
100
AcDbMText
 10
1471.180717482399
 20
2698.13110019218
 30
0.0
 40
0.18
 41
0.0
 46
0.0
 71
     5
 72
     1
  1
\A1;600
 73
     1
 44
1.0
1001
ACAD
1000
MTEXTBEGIN
1070
    73
1070
     1
1070
    44
1040
1.0
1070
    74
1070
     0
1000
MTEXTEND
  0
POINT
  5
82B3
330
820F
100
AcDbEntity
  8
Defpoints
 62
     0
100
AcDbPoint
 10
1546.400918682399
 20
2688.042804447043
 30
0.0
  0
POINT
  5
82B4
330
820F
100
AcDbEntity
  8
Defpoints
 62
     0
100
AcDbPoint
 10
1395.960516282399
 20
2688.042804447043
 30
0.0
  0
POINT
  5
82B5
330
820F
100
AcDbEntity
  8
Defpoints
 62
     0
100
AcDbPoint
 10
1395.960516282399
 20
2698.13110019218
 30
0.0
  0
ENDBLK
  5
8211
330
820F
100
AcDbEntity
  8
标注
100
AcDbBlockEnd
  0
BLOCK
  5
821D
330
821C
100
AcDbEntity
  8
标注
100
AcDbBlockBegin
  2
*D16
 70
     1
 10
0.0
 20
0.0
 30
0.0
  3
*D16
  1

  0
LINE
  5
82B6
330
821C
100
AcDbEntity
  8
0
 62
     0
370
    -2
100
AcDbLine
 10
1018.4605162801
 20
2910.201972621702
 30
0.0
 11
1018.4605162801
 21
2934.791776725271
 31
0.0
  0
LINE
  5
82B7
330
821C
100
AcDbEntity
  8
0
 62
     0
370
    -2
100
AcDbLine
 10
1416.46051628054
 20
2910.201972621702
 30
0.0
 11
1416.46051628054
 21
2934.791776725271
 31
0.0
  0
LINE
  5
82B8
330
821C
100
AcDbEntity
  8
0
 62
     0
370
    -2
100
AcDbLine
 10
1018.640516280099
 20
2934.611776725271
 30
0.0
 11
1216.91451628032
 21
2934.611776725271
 31
0.0
  0
LINE
  5
82B9
330
821C
100
AcDbEntity
  8
0
 62
     0
370
    -2
100
AcDbLine
 10
1416.28051628054
 20
2934.611776725271
 30
0.0
 11
1218.00651628032
 21
2934.611776725271
 31
0.0
  0
SOLID
  5
82BA
330
821C
100
AcDbEntity
  8
0
 62
     0
100
AcDbTrace
 10
1018.640516280099
 20
2934.641776725271
 30
0.0
 11
1018.640516280099
 21
2934.581776725271
 31
0.0
 12
1018.4605162801
 22
2934.611776725271
 32
0.0
 13
1018.4605162801
 23
2934.611776725271
 33
0.0
  0
SOLID
  5
82BB
330
821C
100
AcDbEntity
  8
0
 62
     0
100
AcDbTrace
 10
1416.28051628054
 20
2934.581776725271
 30
0.0
 11
1416.28051628054
 21
2934.641776725271
 31
0.0
 12
1416.46051628054
 22
2934.611776725271
 32
0.0
 13
1416.46051628054
 23
2934.611776725271
 33
0.0
  0
MTEXT
  5
82BC
330
821C
100
AcDbEntity
  8
0
 62
     0
100
AcDbMText
 10
1217.46051628032
 20
2934.611776725271
 30
0.0
 40
0.18
 41
0.0
 46
0.0
 71
     5
 72
     1
  1
\A1;398.0000
 73
     1
 44
1.0
1001
ACAD
1000
MTEXTBEGIN
1070
    73
1070
     1
1070
    44
1040
1.0
1070
    74
1070
     0
1000
MTEXTEND
  0
POINT
  5
82BD
330
821C
100
AcDbEntity
  8
Defpoints
 62
     0
100
AcDbPoint
 10
1018.4605162801
 20
2910.139472621703
 30
0.0
  0
POINT
  5
82BE
330
821C
100
AcDbEntity
  8
Defpoints
 62
     0
100
AcDbPoint
 10
1416.46051628054
 20
2910.139472621703
 30
0.0
  0
POINT
  5
82BF
330
821C
100
AcDbEntity
  8
Defpoints
 62
     0
100
AcDbPoint
 10
1416.46051628054
 20
2934.611776725271
 30
0.0
  0
ENDBLK
  5
821E
330
821C
100
AcDbEntity
  8
标注
100
AcDbBlockEnd
  0
BLOCK
  5
822A
330
8229
100
AcDbEntity
  8
标注
100
AcDbBlockBegin
  2
*D17
 70
     1
 10
0.0
 20
0.0
 30
0.0
  3
*D17
  1

  0
LINE
  5
82C0
330
8229
100
AcDbEntity
  8
0
 62
     0
370
    -2
100
AcDbLine
 10
1018.3980162801
 20
2910.139472621703
 30
0.0
 11
958.0108064571312
 21
2910.139472621703
 31
0.0
  0
LINE
  5
82C1
330
8229
100
AcDbEntity
  8
0
 62
     0
370
    -2
100
AcDbLine
 10
1018.3980162801
 20
2590.139472622983
 30
0.0
 11
958.0108064571312
 21
2590.139472622983
 31
0.0
  0
LINE
  5
82C2
330
8229
100
AcDbEntity
  8
0
 62
     0
370
    -2
100
AcDbLine
 10
958.1908064571312
 20
2909.959472621702
 30
0.0
 11
958.1908064571312
 21
2770.206862955888
 31
0.0
  0
LINE
  5
82C3
330
8229
100
AcDbEntity
  8
0
 62
     0
370
    -2
100
AcDbLine
 10
958.1908064571312
 20
2590.319472622983
 30
0.0
 11
958.1908064571312
 21
2769.846862955887
 31
0.0
  0
SOLID
  5
82C4
330
8229
100
AcDbEntity
  8
0
 62
     0
100
AcDbTrace
 10
958.2208064571311
 20
2909.959472621702
 30
0.0
 11
958.1608064571312
 21
2909.959472621702
 31
0.0
 12
958.1908064571312
 22
2910.139472621703
 32
0.0
 13
958.1908064571312
 23
2910.139472621703
 33
0.0
  0
SOLID
  5
82C5
330
8229
100
AcDbEntity
  8
0
 62
     0
100
AcDbTrace
 10
958.1608064571312
 20
2590.319472622983
 30
0.0
 11
958.2208064571311
 21
2590.319472622983
 31
0.0
 12
958.1908064571312
 22
2590.139472622983
 32
0.0
 13
958.1908064571312
 23
2590.139472622983
 33
0.0
  0
MTEXT
  5
82C6
330
8229
100
AcDbEntity
  8
0
 62
     0
100
AcDbMText
 10
958.1908064571312
 20
2770.026862955887
 30
0.0
 40
0.18
 41
0.0
 46
0.0
 71
     5
 72
     1
  1
\A1;320.0000
 73
     1
 44
1.0
1001
ACAD
1000
MTEXTBEGIN
1070
    73
1070
     1
1070
    44
1040
1.0
1070
    74
1070
     0
1000
MTEXTEND
  0
POINT
  5
82C7
330
8229
100
AcDbEntity
  8
Defpoints
 62
     0
100
AcDbPoint
 10
1018.4605162801
 20
2910.139472621703
 30
0.0
  0
POINT
  5
82C8
330
8229
100
AcDbEntity
  8
Defpoints
 62
     0
100
AcDbPoint
 10
1018.4605162801
 20
2590.139472622983
 30
0.0
  0
POINT
  5
82C9
330
8229
100
AcDbEntity
  8
Defpoints
 62
     0
100
AcDbPoint
 10
958.1908064571312
 20
2590.139472622983
 30
0.0
  0
ENDBLK
  5
822B
330
8229
100
AcDbEntity
  8
标注
100
AcDbBlockEnd
  0
BLOCK
  5
8237
330
8236
100
AcDbEntity
  8
标注
100
AcDbBlockBegin
  2
*D18
 70
     1
 10
0.0
 20
0.0
 30
0.0
  3
*D18
  1

  0
LINE
  5
82CA
330
8236
100
AcDbEntity
  8
0
 62
     0
370
    -2
100
AcDbLine
 10
1018.3980162801
 20
2754.139472623343
 30
0.0
 11
992.5613471030127
 21
2754.139472623343
 31
0.0
  0
LINE
  5
82CB
330
8236
100
AcDbEntity
  8
0
 62
     0
370
    -2
100
AcDbLine
 10
1018.3980162801
 20
2746.139472621343
 30
0.0
 11
992.5613471030127
 21
2746.139472621343
 31
0.0
  0
LINE
  5
82CC
330
8236
100
AcDbEntity
  8
0
 62
     0
370
    -2
100
AcDbLine
 10
992.7413471030126
 20
2753.959472623343
 30
0.0
 11
992.7413471030126
 21
2750.451033460636
 31
0.0
  0
LINE
  5
82CD
330
8236
100
AcDbEntity
  8
0
 62
     0
370
    -2
100
AcDbLine
 10
992.7413471030126
 20
2746.319472621343
 30
0.0
 11
992.7413471030126
 21
2750.091033460635
 31
0.0
  0
SOLID
  5
82CE
330
8236
100
AcDbEntity
  8
0
 62
     0
100
AcDbTrace
 10
992.7713471030127
 20
2753.959472623343
 30
0.0
 11
992.7113471030127
 21
2753.959472623343
 31
0.0
 12
992.7413471030126
 22
2754.139472623343
 32
0.0
 13
992.7413471030126
 23
2754.139472623343
 33
0.0
  0
SOLID
  5
82CF
330
8236
100
AcDbEntity
  8
0
 62
     0
100
AcDbTrace
 10
992.7113471030127
 20
2746.319472621343
 30
0.0
 11
992.7713471030127
 21
2746.319472621343
 31
0.0
 12
992.7413471030126
 22
2746.139472621343
 32
0.0
 13
992.7413471030126
 23
2746.139472621343
 33
0.0
  0
MTEXT
  5
82D0
330
8236
100
AcDbEntity
  8
0
 62
     0
100
AcDbMText
 10
992.7413471030126
 20
2750.271033460636
 30
0.0
 40
0.18
 41
0.0
 46
0.0
 71
     5
 72
     1
  1
\A1;8.0000
 73
     1
 44
1.0
1001
ACAD
1000
MTEXTBEGIN
1070
    73
1070
     1
1070
    44
1040
1.0
1070
    74
1070
     0
1000
MTEXTEND
  0
POINT
  5
82D1
330
8236
100
AcDbEntity
  8
Defpoints
 62
     0
100
AcDbPoint
 10
1018.4605162801
 20
2754.139472623343
 30
0.0
  0
POINT
  5
82D2
330
8236
100
AcDbEntity
  8
Defpoints
 62
     0
100
AcDbPoint
 10
1018.4605162801
 20
2746.139472621343
 30
0.0
  0
POINT
  5
82D3
330
8236
100
AcDbEntity
  8
Defpoints
 62
     0
100
AcDbPoint
 10
992.7413471030126
 20
2746.139472621343
 30
0.0
  0
ENDBLK
  5
8238
330
8236
100
AcDbEntity
  8
标注
100
AcDbBlockEnd
  0
BLOCK
  5
8244
330
8243
100
AcDbEntity
  8
标注
100
AcDbBlockBegin
  2
*D19
 70
     1
 10
0.0
 20
0.0
 30
0.0
  3
*D19
  1

  0
LINE
  5
82D4
330
8243
100
AcDbEntity
  8
0
 62
     0
370
    -2
100
AcDbLine
 10
1045.686622418223
 20
2746.139472621343
 30
0.0
 11
1045.207276053301
 21
2746.139472621343
 31
0.0
  0
LINE
  5
82D5
330
8243
100
AcDbEntity
  8
0
 62
     0
370
    -2
100
AcDbLine
 10
1045.686622418223
 20
2590.139472622983
 30
0.0
 11
1045.207276053301
 21
2590.139472622983
 31
0.0
  0
LINE
  5
82D6
330
8243
100
AcDbEntity
  8
0
 62
     0
370
    -2
100
AcDbLine
 10
1045.387276053301
 20
2745.959472621343
 30
0.0
 11
1045.387276053301
 21
2668.319472622163
 31
0.0
  0
LINE
  5
82D7
330
8243
100
AcDbEntity
  8
0
 62
     0
370
    -2
100
AcDbLine
 10
1045.387276053301
 20
2590.319472622983
 30
0.0
 11
1045.387276053301
 21
2667.959472622162
 31
0.0
  0
SOLID
  5
82D8
330
8243
100
AcDbEntity
  8
0
 62
     0
100
AcDbTrace
 10
1045.417276053301
 20
2745.959472621343
 30
0.0
 11
1045.357276053301
 21
2745.959472621343
 31
0.0
 12
1045.387276053301
 22
2746.139472621343
 32
0.0
 13
1045.387276053301
 23
2746.139472621343
 33
0.0
  0
SOLID
  5
82D9
330
8243
100
AcDbEntity
  8
0
 62
     0
100
AcDbTrace
 10
1045.357276053301
 20
2590.319472622983
 30
0.0
 11
1045.417276053301
 21
2590.319472622983
 31
0.0
 12
1045.387276053301
 22
2590.139472622983
 32
0.0
 13
1045.387276053301
 23
2590.139472622983
 33
0.0
  0
MTEXT
  5
82DA
330
8243
100
AcDbEntity
  8
0
 62
     0
100
AcDbMText
 10
1045.387276053301
 20
2668.139472622163
 30
0.0
 40
0.18
 41
0.0
 46
0.0
 71
     5
 72
     1
  1
\A1;156.0000
 73
     1
 44
1.0
1001
ACAD
1000
MTEXTBEGIN
1070
    73
1070
     1
1070
    44
1040
1.0
1070
    74
1070
     0
1000
MTEXTEND
  0
POINT
  5
82DB
330
8243
100
AcDbEntity
  8
Defpoints
 62
     0
100
AcDbPoint
 10
1045.749122418223
 20
2746.139472621343
 30
0.0
  0
POINT
  5
82DC
330
8243
100
AcDbEntity
  8
Defpoints
 62
     0
100
AcDbPoint
 10
1045.749122418223
 20
2590.139472622983
 30
0.0
  0
POINT
  5
82DD
330
8243
100
AcDbEntity
  8
Defpoints
 62
     0
100
AcDbPoint
 10
1045.387276053301
 20
2590.139472622983
 30
0.0
  0
ENDBLK
  5
8245
330
8243
100
AcDbEntity
  8
标注
100
AcDbBlockEnd
  0
BLOCK
  5
8251
330
8250
100
AcDbEntity
  8
标注
100
AcDbBlockBegin
  2
*D20
 70
     1
 10
0.0
 20
0.0
 30
0.0
  3
*D20
  1

  0
LINE
  5
82DE
330
8250
100
AcDbEntity
  8
0
 62
     0
370
    -2
100
AcDbLine
 10
1018.4605162801
 20
2590.076972622983
 30
0.0
 11
1018.4605162801
 21
2570.709561731332
 31
0.0
  0
LINE
  5
82DF
330
8250
100
AcDbEntity
  8
0
 62
     0
370
    -2
100
AcDbLine
 10
1365.96051627998
 20
2590.076972622983
 30
0.0
 11
1365.96051627998
 21
2570.709561731332
 31
0.0
  0
LINE
  5
82E0
330
8250
100
AcDbEntity
  8
0
 62
     0
370
    -2
100
AcDbLine
 10
1018.640516280099
 20
2570.889561731332
 30
0.0
 11
1191.65251628004
 21
2570.889561731332
 31
0.0
  0
LINE
  5
82E1
330
8250
100
AcDbEntity
  8
0
 62
     0
370
    -2
100
AcDbLine
 10
1365.78051627998
 20
2570.889561731332
 30
0.0
 11
1192.76851628004
 21
2570.889561731332
 31
0.0
  0
SOLID
  5
82E2
330
8250
100
AcDbEntity
  8
0
 62
     0
100
AcDbTrace
 10
1018.640516280099
 20
2570.919561731332
 30
0.0
 11
1018.640516280099
 21
2570.859561731332
 31
0.0
 12
1018.4605162801
 22
2570.889561731332
 32
0.0
 13
1018.4605162801
 23
2570.889561731332
 33
0.0
  0
SOLID
  5
82E3
330
8250
100
AcDbEntity
  8
0
 62
     0
100
AcDbTrace
 10
1365.78051627998
 20
2570.859561731332
 30
0.0
 11
1365.78051627998
 21
2570.919561731332
 31
0.0
 12
1365.96051627998
 22
2570.889561731332
 32
0.0
 13
1365.96051627998
 23
2570.889561731332
 33
0.0
  0
MTEXT
  5
82E4
330
8250
100
AcDbEntity
  8
0
 62
     0
100
AcDbMText
 10
1192.21051628004
 20
2570.889561731332
 30
0.0
 40
0.18
 41
0.0
 46
0.0
 71
     5
 72
     1
  1
\A1;347.5000
 73
     1
 44
1.0
1001
ACAD
1000
MTEXTBEGIN
1070
    73
1070
     1
1070
    44
1040
1.0
1070
    74
1070
     0
1000
MTEXTEND
  0
POINT
  5
82E5
330
8250
100
AcDbEntity
  8
Defpoints
 62
     0
100
AcDbPoint
 10
1018.4605162801
 20
2590.139472622983
 30
0.0
  0
POINT
  5
82E6
330
8250
100
AcDbEntity
  8
Defpoints
 62
     0
100
AcDbPoint
 10
1365.96051627998
 20
2590.139472622983
 30
0.0
  0
POINT
  5
82E7
330
8250
100
AcDbEntity
  8
Defpoints
 62
     0
100
AcDbPoint
 10
1365.96051627998
 20
2570.889561731332
 30
0.0
  0
ENDBLK
  5
8252
330
8250
100
AcDbEntity
  8
标注
100
AcDbBlockEnd
  0
BLOCK
  5
825E
330
825D
100
AcDbEntity
  8
标注
100
AcDbBlockBegin
  2
*D21
 70
     1
 10
0.0
 20
0.0
 30
0.0
  3
*D21
  1

  0
LINE
  5
82E8
330
825D
100
AcDbEntity
  8
0
 62
     0
370
    -2
100
AcDbLine
 10
1395.960516282399
 20
2653.576972622982
 30
0.0
 11
1395.960516282399
 21
2620.390518469748
 31
0.0
  0
LINE
  5
82E9
330
825D
100
AcDbEntity
  8
0
 62
     0
370
    -2
100
AcDbLine
 10
1365.96051627998
 20
2653.576972622982
 30
0.0
 11
1365.96051627998
 21
2620.390518469748
 31
0.0
  0
LINE
  5
82EA
330
825D
100
AcDbEntity
  8
0
 62
     0
370
    -2
100
AcDbLine
 10
1337.532516279979
 20
2620.570518469748
 30
0.0
 11
1337.712516279979
 21
2620.570518469748
 31
0.0
  0
LINE
  5
82EB
330
825D
100
AcDbEntity
  8
0
 62
     0
370
    -2
100
AcDbLine
 10
1337.712516279979
 20
2620.570518469748
 30
0.0
 11
1365.96051627998
 21
2620.570518469748
 31
0.0
  0
LINE
  5
82EC
330
825D
100
AcDbEntity
  8
0
 62
     0
370
    -2
100
AcDbLine
 10
1395.780516282399
 20
2620.570518469748
 30
0.0
 11
1366.14051627998
 21
2620.570518469748
 31
0.0
  0
SOLID
  5
82ED
330
825D
100
AcDbEntity
  8
0
 62
     0
100
AcDbTrace
 10
1395.780516282399
 20
2620.540518469748
 30
0.0
 11
1395.780516282399
 21
2620.600518469748
 31
0.0
 12
1395.960516282399
 22
2620.570518469748
 32
0.0
 13
1395.960516282399
 23
2620.570518469748
 33
0.0
  0
SOLID
  5
82EE
330
825D
100
AcDbEntity
  8
0
 62
     0
100
AcDbTrace
 10
1366.14051627998
 20
2620.600518469748
 30
0.0
 11
1366.14051627998
 21
2620.540518469748
 31
0.0
 12
1365.96051627998
 22
2620.570518469748
 32
0.0
 13
1365.96051627998
 23
2620.570518469748
 33
0.0
  0
MTEXT
  5
82EF
330
825D
100
AcDbEntity
  8
0
 62
     0
100
AcDbMText
 10
1337.070516279979
 20
2620.570518469748
 30
0.0
 40
0.18
 41
0.0
 46
0.0
 71
     5
 72
     1
  1
\A1;30.0000
 73
     1
 44
1.0
1001
ACAD
1000
MTEXTBEGIN
1070
    73
1070
     1
1070
    44
1040
1.0
1070
    74
1070
     0
1000
MTEXTEND
  0
POINT
  5
82F0
330
825D
100
AcDbEntity
  8
Defpoints
 62
     0
100
AcDbPoint
 10
1395.960516282399
 20
2653.639472622983
 30
0.0
  0
POINT
  5
82F1
330
825D
100
AcDbEntity
  8
Defpoints
 62
     0
100
AcDbPoint
 10
1365.96051627998
 20
2653.639472622983
 30
0.0
  0
POINT
  5
82F2
330
825D
100
AcDbEntity
  8
Defpoints
 62
     0
100
AcDbPoint
 10
1365.96051627998
 20
2620.570518469748
 30
0.0
  0
ENDBLK
  5
825F
330
825D
100
AcDbEntity
  8
标注
100
AcDbBlockEnd
  0
BLOCK
  5
826C
330
826B
100
AcDbEntity
  8
标注
100
AcDbBlockBegin
  2
*D22
 70
     1
 10
0.0
 20
0.0
 30
0.0
  3
*D22
  1

  0
LINE
  5
82F3
330
826B
100
AcDbEntity
  8
0
 62
     0
370
    -2
100
AcDbLine
 10
1365.89801627998
 20
2693.639472622822
 30
0.0
 11
1331.724682224152
 21
2693.639472622822
 31
0.0
  0
LINE
  5
82F4
330
826B
100
AcDbEntity
  8
0
 62
     0
370
    -2
100
AcDbLine
 10
1365.89801627998
 20
2648.639472623003
 30
0.0
 11
1331.724682224152
 21
2648.639472623003
 31
0.0
  0
LINE
  5
82F5
330
826B
100
AcDbEntity
  8
0
 62
     0
370
    -2
100
AcDbLine
 10
1331.904682224152
 20
2693.459472622823
 30
0.0
 11
1331.904682224152
 21
2671.319472622913
 31
0.0
  0
LINE
  5
82F6
330
826B
100
AcDbEntity
  8
0
 62
     0
370
    -2
100
AcDbLine
 10
1331.904682224152
 20
2648.819472623002
 30
0.0
 11
1331.904682224152
 21
2670.959472622912
 31
0.0
  0
SOLID
  5
82F7
330
826B
100
AcDbEntity
  8
0
 62
     0
100
AcDbTrace
 10
1331.934682224152
 20
2693.459472622823
 30
0.0
 11
1331.874682224152
 21
2693.459472622823
 31
0.0
 12
1331.904682224152
 22
2693.639472622822
 32
0.0
 13
1331.904682224152
 23
2693.639472622822
 33
0.0
  0
SOLID
  5
82F8
330
826B
100
AcDbEntity
  8
0
 62
     0
100
AcDbTrace
 10
1331.874682224152
 20
2648.819472623002
 30
0.0
 11
1331.934682224152
 21
2648.819472623002
 31
0.0
 12
1331.904682224152
 22
2648.639472623003
 32
0.0
 13
1331.904682224152
 23
2648.639472623003
 33
0.0
  0
MTEXT
  5
82F9
330
826B
100
AcDbEntity
  8
0
 62
     0
100
AcDbMText
 10
1331.904682224152
 20
2671.139472622912
 30
0.0
 40
0.18
 41
0.0
 46
0.0
 71
     5
 72
     1
  1
\A1;45.0000
 73
     1
 44
1.0
1001
ACAD
1000
MTEXTBEGIN
1070
    73
1070
     1
1070
    44
1040
1.0
1070
    74
1070
     0
1000
MTEXTEND
  0
POINT
  5
82FA
330
826B
100
AcDbEntity
  8
Defpoints
 62
     0
100
AcDbPoint
 10
1365.96051627998
 20
2693.639472622822
 30
0.0
  0
POINT
  5
82FB
330
826B
100
AcDbEntity
  8
Defpoints
 62
     0
100
AcDbPoint
 10
1365.96051627998
 20
2648.639472623003
 30
0.0
  0
POINT
  5
82FC
330
826B
100
AcDbEntity
  8
Defpoints
 62
     0
100
AcDbPoint
 10
1331.904682224152
 20
2648.639472623003
 30
0.0
  0
ENDBLK
  5
826D
330
826B
100
AcDbEntity
  8
标注
100
AcDbBlockEnd
  0
BLOCK
  5
8279
330
8278
100
AcDbEntity
  8
标注
100
AcDbBlockBegin
  2
*D23
 70
     1
 10
0.0
 20
0.0
 30
0.0
  3
*D23
  1

  0
LINE
  5
82FD
330
8278
100
AcDbEntity
  8
参照
 62
     0
370
    -2
100
AcDbLine
 10
2093.737953165781
 20
2748.076972622843
 30
0.0
 11
2093.737953165781
 21
2565.353203249493
 31
0.0
  0
LINE
  5
82FE
330
8278
100
AcDbEntity
  8
参照
 62
     0
370
    -2
100
AcDbLine
 10
2497.73795316622
 20
2587.076972622983
 30
0.0
 11
2497.73795316622
 21
2565.353203249493
 31
0.0
  0
LINE
  5
82FF
330
8278
100
AcDbEntity
  8
参照
 62
     0
370
    -2
100
AcDbLine
 10
2093.917953165781
 20
2565.533203249493
 30
0.0
 11
2295.203953166001
 21
2565.533203249493
 31
0.0
  0
LINE
  5
8300
330
8278
100
AcDbEntity
  8
参照
 62
     0
370
    -2
100
AcDbLine
 10
2497.557953166221
 20
2565.533203249493
 30
0.0
 11
2296.271953166001
 21
2565.533203249493
 31
0.0
  0
SOLID
  5
8301
330
8278
100
AcDbEntity
  8
参照
 62
     0
100
AcDbTrace
 10
2093.917953165781
 20
2565.563203249493
 30
0.0
 11
2093.917953165781
 21
2565.503203249492
 31
0.0
 12
2093.737953165781
 22
2565.533203249493
 32
0.0
 13
2093.737953165781
 23
2565.533203249493
 33
0.0
  0
SOLID
  5
8302
330
8278
100
AcDbEntity
  8
参照
 62
     0
100
AcDbTrace
 10
2497.557953166221
 20
2565.503203249492
 30
0.0
 11
2497.557953166221
 21
2565.563203249493
 31
0.0
 12
2497.73795316622
 22
2565.533203249493
 32
0.0
 13
2497.73795316622
 23
2565.533203249493
 33
0.0
  0
MTEXT
  5
8303
330
8278
100
AcDbEntity
  8
参照
 62
     0
100
AcDbMText
 10
2295.737953166001
 20
2565.533203249493
 30
0.0
 40
0.18
 41
0.0
 46
0.0
 71
     5
 72
     1
  1
\A1;404.0000
 73
     1
 44
1.0
1001
ACAD
1000
MTEXTBEGIN
1070
    73
1070
     1
1070
    44
1040
1.0
1070
    74
1070
     0
1000
MTEXTEND
  0
POINT
  5
8304
330
8278
100
AcDbEntity
  8
Defpoints
 62
     0
100
AcDbPoint
 10
2093.737953165781
 20
2748.139472622843
 30
0.0
  0
POINT
  5
8305
330
8278
100
AcDbEntity
  8
Defpoints
 62
     0
100
AcDbPoint
 10
2497.73795316622
 20
2587.139472622983
 30
0.0
  0
POINT
  5
8306
330
8278
100
AcDbEntity
  8
Defpoints
 62
     0
100
AcDbPoint
 10
2497.73795316622
 20
2565.533203249493
 30
0.0
  0
ENDBLK
  5
827A
330
8278
100
AcDbEntity
  8
标注
100
AcDbBlockEnd
  0
BLOCK
  5
8286
330
8285
100
AcDbEntity
  8
标注
100
AcDbBlockBegin
  2
*D24
 70
     1
 10
0.0
 20
0.0
 30
0.0
  3
*D24
  1

  0
LINE
  5
8307
330
8285
100
AcDbEntity
  8
参照
 62
     0
370
    -2
100
AcDbLine
 10
2083.737953165781
 20
2585.576972622983
 30
0.0
 11
2083.737953165781
 21
2543.461631362123
 31
0.0
  0
LINE
  5
8308
330
8285
100
AcDbEntity
  8
参照
 62
     0
370
    -2
100
AcDbLine
 10
2507.737953166221
 20
2585.076972622983
 30
0.0
 11
2507.737953166221
 21
2543.461631362123
 31
0.0
  0
LINE
  5
8309
330
8285
100
AcDbEntity
  8
参照
 62
     0
370
    -2
100
AcDbLine
 10
2083.91795316578
 20
2543.641631362123
 30
0.0
 11
2295.191953166001
 21
2543.641631362123
 31
0.0
  0
LINE
  5
830A
330
8285
100
AcDbEntity
  8
参照
 62
     0
370
    -2
100
AcDbLine
 10
2507.557953166221
 20
2543.641631362123
 30
0.0
 11
2296.283953166001
 21
2543.641631362123
 31
0.0
  0
SOLID
  5
830B
330
8285
100
AcDbEntity
  8
参照
 62
     0
100
AcDbTrace
 10
2083.91795316578
 20
2543.671631362123
 30
0.0
 11
2083.91795316578
 21
2543.611631362122
 31
0.0
 12
2083.737953165781
 22
2543.641631362123
 32
0.0
 13
2083.737953165781
 23
2543.641631362123
 33
0.0
  0
SOLID
  5
830C
330
8285
100
AcDbEntity
  8
参照
 62
     0
100
AcDbTrace
 10
2507.557953166221
 20
2543.611631362122
 30
0.0
 11
2507.557953166221
 21
2543.671631362123
 31
0.0
 12
2507.737953166221
 22
2543.641631362123
 32
0.0
 13
2507.737953166221
 23
2543.641631362123
 33
0.0
  0
MTEXT
  5
830D
330
8285
100
AcDbEntity
  8
参照
 62
     0
100
AcDbMText
 10
2295.737953166001
 20
2543.641631362123
 30
0.0
 40
0.18
 41
0.0
 46
0.0
 71
     5
 72
     1
  1
\A1;424.0000
 73
     1
 44
1.0
1001
ACAD
1000
MTEXTBEGIN
1070
    73
1070
     1
1070
    44
1040
1.0
1070
    74
1070
     0
1000
MTEXTEND
  0
POINT
  5
830E
330
8285
100
AcDbEntity
  8
Defpoints
 62
     0
100
AcDbPoint
 10
2083.737953165781
 20
2585.639472622983
 30
0.0
  0
POINT
  5
830F
330
8285
100
AcDbEntity
  8
Defpoints
 62
     0
100
AcDbPoint
 10
2507.737953166221
 20
2585.139472622983
 30
0.0
  0
POINT
  5
8310
330
8285
100
AcDbEntity
  8
Defpoints
 62
     0
100
AcDbPoint
 10
2507.737953166221
 20
2543.641631362123
 30
0.0
  0
ENDBLK
  5
8287
330
8285
100
AcDbEntity
  8
标注
100
AcDbBlockEnd
  0
BLOCK
  5
8293
330
8292
100
AcDbEntity
  8
标注
100
AcDbBlockBegin
  2
*D25
 70
     1
 10
0.0
 20
0.0
 30
0.0
  3
*D25
  1

  0
LINE
  5
8311
330
8292
100
AcDbEntity
  8
参照
 62
     0
370
    -2
100
AcDbLine
 10
2497.800453166221
 20
2587.139472622983
 30
0.0
 11
2524.257595944271
 21
2587.139472622983
 31
0.0
  0
LINE
  5
8312
330
8292
100
AcDbEntity
  8
参照
 62
     0
370
    -2
100
AcDbLine
 10
2497.800453166221
 20
2913.139472621703
 30
0.0
 11
2524.257595944271
 21
2913.139472621703
 31
0.0
  0
LINE
  5
8313
330
8292
100
AcDbEntity
  8
参照
 62
     0
370
    -2
100
AcDbLine
 10
2524.077595944271
 20
2587.319472622982
 30
0.0
 11
2524.077595944271
 21
2749.959472622342
 31
0.0
  0
LINE
  5
8314
330
8292
100
AcDbEntity
  8
参照
 62
     0
370
    -2
100
AcDbLine
 10
2524.077595944271
 20
2912.959472621702
 30
0.0
 11
2524.077595944271
 21
2750.319472622343
 31
0.0
  0
SOLID
  5
8315
330
8292
100
AcDbEntity
  8
参照
 62
     0
100
AcDbTrace
 10
2524.047595944271
 20
2587.319472622982
 30
0.0
 11
2524.107595944271
 21
2587.319472622982
 31
0.0
 12
2524.077595944271
 22
2587.139472622983
 32
0.0
 13
2524.077595944271
 23
2587.139472622983
 33
0.0
  0
SOLID
  5
8316
330
8292
100
AcDbEntity
  8
参照
 62
     0
100
AcDbTrace
 10
2524.107595944271
 20
2912.959472621702
 30
0.0
 11
2524.047595944271
 21
2912.959472621702
 31
0.0
 12
2524.077595944271
 22
2913.139472621703
 32
0.0
 13
2524.077595944271
 23
2913.139472621703
 33
0.0
  0
MTEXT
  5
8317
330
8292
100
AcDbEntity
  8
参照
 62
     0
100
AcDbMText
 10
2524.077595944271
 20
2750.139472622342
 30
0.0
 40
0.18
 41
0.0
 46
0.0
 71
     5
 72
     1
  1
\A1;326.0000
 73
     1
 44
1.0
1001
ACAD
1000
MTEXTBEGIN
1070
    73
1070
     1
1070
    44
1040
1.0
1070
    74
1070
     0
1000
MTEXTEND
  0
POINT
  5
8318
330
8292
100
AcDbEntity
  8
Defpoints
 62
     0
100
AcDbPoint
 10
2497.73795316622
 20
2587.139472622983
 30
0.0
  0
POINT
  5
8319
330
8292
100
AcDbEntity
  8
Defpoints
 62
     0
100
AcDbPoint
 10
2497.73795316622
 20
2913.139472621703
 30
0.0
  0
POINT
  5
831A
330
8292
100
AcDbEntity
  8
Defpoints
 62
     0
100
AcDbPoint
 10
2524.077595944271
 20
2913.139472621703
 30
0.0
  0
ENDBLK
  5
8294
330
8292
100
AcDbEntity
  8
标注
100
AcDbBlockEnd
  0
BLOCK
  5
82A0
330
829F
100
AcDbEntity
  8
标注
100
AcDbBlockBegin
  2
*D26
 70
     1
 10
0.0
 20
0.0
 30
0.0
  3
*D26
  1

  0
LINE
  5
831B
330
829F
100
AcDbEntity
  8
参照
 62
     0
370
    -2
100
AcDbLine
 10
2504.80045316622
 20
2917.639472621702
 30
0.0
 11
2546.959576983243
 21
2917.639472621702
 31
0.0
  0
LINE
  5
831C
330
829F
100
AcDbEntity
  8
参照
 62
     0
370
    -2
100
AcDbLine
 10
2504.80045316622
 20
2582.639472622983
 30
0.0
 11
2546.959576983243
 21
2582.639472622983
 31
0.0
  0
LINE
  5
831D
330
829F
100
AcDbEntity
  8
参照
 62
     0
370
    -2
100
AcDbLine
 10
2546.779576983244
 20
2917.459472621703
 30
0.0
 11
2546.779576983244
 21
2750.319472622343
 31
0.0
  0
LINE
  5
831E
330
829F
100
AcDbEntity
  8
参照
 62
     0
370
    -2
100
AcDbLine
 10
2546.779576983244
 20
2582.819472622982
 30
0.0
 11
2546.779576983244
 21
2749.959472622342
 31
0.0
  0
SOLID
  5
831F
330
829F
100
AcDbEntity
  8
参照
 62
     0
100
AcDbTrace
 10
2546.809576983243
 20
2917.459472621703
 30
0.0
 11
2546.749576983244
 21
2917.459472621703
 31
0.0
 12
2546.779576983244
 22
2917.639472621702
 32
0.0
 13
2546.779576983244
 23
2917.639472621702
 33
0.0
  0
SOLID
  5
8320
330
829F
100
AcDbEntity
  8
参照
 62
     0
100
AcDbTrace
 10
2546.749576983244
 20
2582.819472622982
 30
0.0
 11
2546.809576983243
 21
2582.819472622982
 31
0.0
 12
2546.779576983244
 22
2582.639472622983
 32
0.0
 13
2546.779576983244
 23
2582.639472622983
 33
0.0
  0
MTEXT
  5
8321
330
829F
100
AcDbEntity
  8
参照
 62
     0
100
AcDbMText
 10
2546.779576983244
 20
2750.139472622342
 30
0.0
 40
0.18
 41
0.0
 46
0.0
 71
     5
 72
     1
  1
\A1;335.0000
 73
     1
 44
1.0
1001
ACAD
1000
MTEXTBEGIN
1070
    73
1070
     1
1070
    44
1040
1.0
1070
    74
1070
     0
1000
MTEXTEND
  0
POINT
  5
8322
330
829F
100
AcDbEntity
  8
Defpoints
 62
     0
100
AcDbPoint
 10
2504.73795316622
 20
2917.639472621702
 30
0.0
  0
POINT
  5
8323
330
829F
100
AcDbEntity
  8
Defpoints
 62
     0
100
AcDbPoint
 10
2504.73795316622
 20
2582.639472622983
 30
0.0
  0
POINT
  5
8324
330
829F
100
AcDbEntity
  8
Defpoints
 62
     0
100
AcDbPoint
 10
2546.779576983244
 20
2582.639472622983
 30
0.0
  0
ENDBLK
  5
82A1
330
829F
100
AcDbEntity
  8
标注
100
AcDbBlockEnd
  0
BLOCK
  5
8441
330
843E
100
AcDbEntity
  8
参照
100
AcDbBlockBegin
  2
zw$7093
 70
     0
 10
0.0
 20
0.0
 30
0.0
  3
zw$7093
  1

  0
LINE
  5
8442
330
843E
100
AcDbEntity
  8
06___PRT_AL_SURFS
  6
Continuous
 62
     7
100
AcDbLine
 10
398.0000000004393
 20
2.000000000500222
 30
0.0
 11
50.50000000055934
 21
2.000000000500222
 31
0.0
  0
LINE
  5
8443
330
843E
100
AcDbEntity
  8
06___PRT_AL_SURFS
  6
Continuous
 62
     7
100
AcDbLine
 10
50.50000000055934
 20
-6.000000001499756
 30
0.0
 11
398.0000000004393
 21
-6.000000001499756
 31
0.0
  0
ENDBLK
  5
8444
330
843E
100
AcDbEntity
  8
参照
100
AcDbBlockEnd
  0
BLOCK
  5
8DD7
330
8DD6
100
AcDbEntity
  8
标注
100
AcDbBlockBegin
  2
20250818.1939061
 70
     0
 10
0.0
 20
0.0
 30
0.0
  3
20250818.1939061
  1

  0
LWPOLYLINE
  5
8DD9
330
8DD6
100
AcDbEntity
  8
标注
 62
     3
100
AcDbPolyline
 90
        4
 70
     1
 43
0.0
 10
4.126529640664557
 20
4.126529640664557
 10
-4.126529640665467
 20
4.126529640664557
 10
-4.126529640665467
 20
-4.1265296406645
 10
4.126529640664557
 20
-4.1265296406645
  0
ENDBLK
  5
8DD8
330
8DD6
100
AcDbEntity
  8
标注
100
AcDbBlockEnd
  0
BLOCK
  5
8E5C
330
8E5B
100
AcDbEntity
  8
参照
100
AcDbBlockBegin
  2
20250818.1950571
 70
     0
 10
0.0
 20
0.0
 30
0.0
  3
20250818.1950571
  1

  0
INSERT
  5
8E5E
330
8E5B
100
AcDbEntity
  8
标注
100
AcDbBlockReference
  2
20250818.1939061
 10
4.126529640665467
 20
4.1265296406645
 30
0.0
  0
INSERT
  5
8E5F
330
8E5B
100
AcDbEntity
  8
标注
100
AcDbBlockReference
  2
20250818.1939061
 10
12.37958892199549
 20
4.1265296406645
 30
0.0
  0
INSERT
  5
8E60
330
8E5B
100
AcDbEntity
  8
标注
100
AcDbBlockReference
  2
20250818.1939061
 10
20.63264820332552
 20
4.1265296406645
 30
0.0
  0
INSERT
  5
8E61
330
8E5B
100
AcDbEntity
  8
标注
100
AcDbBlockReference
  2
20250818.1939061
 10
28.88570748465554
 20
4.1265296406645
 30
0.0
  0
INSERT
  5
8E62
330
8E5B
100
AcDbEntity
  8
标注
100
AcDbBlockReference
  2
20250818.1939061
 10
37.13876676598557
 20
4.1265296406645
 30
0.0
  0
INSERT
  5
8E63
330
8E5B
100
AcDbEntity
  8
标注
100
AcDbBlockReference
  2
20250818.1939061
 10
37.13876676598557
 20
12.37958892199356
 30
0.0
  0
INSERT
  5
8E64
330
8E5B
100
AcDbEntity
  8
标注
100
AcDbBlockReference
  2
20250818.1939061
 10
28.88570748465554
 20
12.37958892199356
 30
0.0
  0
INSERT
  5
8E65
330
8E5B
100
AcDbEntity
  8
标注
100
AcDbBlockReference
  2
20250818.1939061
 10
20.63264820332552
 20
12.37958892199356
 30
0.0
  0
INSERT
  5
8E66
330
8E5B
100
AcDbEntity
  8
标注
100
AcDbBlockReference
  2
20250818.1939061
 10
12.37958892199549
 20
12.37958892199356
 30
0.0
  0
INSERT
  5
8E67
330
8E5B
100
AcDbEntity
  8
标注
100
AcDbBlockReference
  2
20250818.1939061
 10
4.126529640665467
 20
12.37958892199356
 30
0.0
  0
INSERT
  5
8E68
330
8E5B
100
AcDbEntity
  8
标注
100
AcDbBlockReference
  2
20250818.1939061
 10
37.13876676598557
 20
20.63264820332262
 30
0.0
  0
INSERT
  5
8E69
330
8E5B
100
AcDbEntity
  8
标注
100
AcDbBlockReference
  2
20250818.1939061
 10
28.88570748465554
 20
20.63264820332262
 30
0.0
  0
INSERT
  5
8E6A
330
8E5B
100
AcDbEntity
  8
标注
100
AcDbBlockReference
  2
20250818.1939061
 10
20.63264820332552
 20
20.63264820332262
 30
0.0
  0
INSERT
  5
8E6B
330
8E5B
100
AcDbEntity
  8
标注
100
AcDbBlockReference
  2
20250818.1939061
 10
12.37958892199549
 20
20.63264820332262
 30
0.0
  0
INSERT
  5
8E6C
330
8E5B
100
AcDbEntity
  8
标注
100
AcDbBlockReference
  2
20250818.1939061
 10
4.126529640665467
 20
20.63264820332262
 30
0.0
  0
INSERT
  5
8E6D
330
8E5B
100
AcDbEntity
  8
标注
100
AcDbBlockReference
  2
20250818.1939061
 10
37.13876676598557
 20
28.88570748465168
 30
0.0
  0
INSERT
  5
8E6E
330
8E5B
100
AcDbEntity
  8
标注
100
AcDbBlockReference
  2
20250818.1939061
 10
28.88570748465554
 20
28.88570748465168
 30
0.0
  0
INSERT
  5
8E6F
330
8E5B
100
AcDbEntity
  8
标注
100
AcDbBlockReference
  2
20250818.1939061
 10
20.63264820332552
 20
28.88570748465168
 30
0.0
  0
INSERT
  5
8E70
330
8E5B
100
AcDbEntity
  8
标注
100
AcDbBlockReference
  2
20250818.1939061
 10
12.37958892199549
 20
28.88570748465168
 30
0.0
  0
INSERT
  5
8E71
330
8E5B
100
AcDbEntity
  8
标注
100
AcDbBlockReference
  2
20250818.1939061
 10
4.126529640665467
 20
28.88570748465168
 30
0.0
  0
INSERT
  5
8E72
330
8E5B
100
AcDbEntity
  8
标注
100
AcDbBlockReference
  2
20250818.1939061
 10
37.13876676598557
 20
37.13876676598073
 30
0.0
  0
INSERT
  5
8E73
330
8E5B
100
AcDbEntity
  8
标注
100
AcDbBlockReference
  2
20250818.1939061
 10
28.88570748465554
 20
37.13876676598073
 30
0.0
  0
INSERT
  5
8E74
330
8E5B
100
AcDbEntity
  8
标注
100
AcDbBlockReference
  2
20250818.1939061
 10
20.63264820332552
 20
37.13876676598073
 30
0.0
  0
INSERT
  5
8E75
330
8E5B
100
AcDbEntity
  8
标注
100
AcDbBlockReference
  2
20250818.1939061
 10
12.37958892199549
 20
37.13876676598073
 30
0.0
  0
INSERT
  5
8E76
330
8E5B
100
AcDbEntity
  8
标注
100
AcDbBlockReference
  2
20250818.1939061
 10
4.126529640665467
 20
37.13876676598073
 30
0.0
  0
ENDBLK
  5
8E5D
330
8E5B
100
AcDbEntity
  8
参照
100
AcDbBlockEnd
  0
BLOCK
  5
96F9
330
96F8
100
AcDbEntity
  8
参照
100
AcDbBlockBegin
  2
20250818.2029091
 70
     0
 10
0.0
 20
0.0
 30
0.0
  3
20250818.2029091
  1

  0
LWPOLYLINE
  5
96FB
330
96F8
100
AcDbEntity
  8
参照
 62
     3
100
AcDbPolyline
 90
        4
 70
     1
 43
0.0
 10
3.964704948873986
 20
3.964704948873986
 10
-3.964704948873986
 20
3.964704948873986
 10
-3.964704948873986
 20
-3.964704948873929
 10
3.964704948873986
 20
-3.964704948873929
  0
ENDBLK
  5
96FA
330
96F8
100
AcDbEntity
  8
参照
100
AcDbBlockEnd
  0
BLOCK
  5
9700
330
96FF
100
AcDbEntity
  8
参照
100
AcDbBlockBegin
  2
20250818.2029191
 70
     0
 10
0.0
 20
0.0
 30
0.0
  3
20250818.2029191
  1

  0
LWPOLYLINE
  5
9702
330
96FF
100
AcDbEntity
  8
参照
 62
     2
100
AcDbPolyline
 90
        4
 70
     1
 43
0.0
 10
-3.90000000000009
 20
3.900000000000062
 10
3.90000000000009
 20
3.900000000000062
 10
3.90000000000009
 20
-3.899999999999977
 10
-3.90000000000009
 20
-3.899999999999977
  0
ENDBLK
  5
9701
330
96FF
100
AcDbEntity
  8
参照
100
AcDbBlockEnd
  0
BLOCK
  5
A51C
330
A51B
100
AcDbEntity
  8
参照
100
AcDbBlockBegin
  2
20250818.2114571
 70
     0
 10
0.0
 20
0.0
 30
0.0
  3
20250818.2114571
  1

  0
LINE
  5
A51E
330
A51B
100
AcDbEntity
  8
标注
  6
CENTER
 62
     4
100
AcDbLine
 10
-186.3498043601009
 20
-172.1626020663573
 30
0.0
 11
165.6501541359926
 21
-172.1626020663573
 31
0.0
  0
LINE
  5
A51F
330
A51B
100
AcDbEntity
  8
标注
  6
CENTER
 62
     4
100
AcDbLine
 10
-186.3498043601009
 20
-161.170353531201
 30
0.0
 11
165.6501541359926
 21
-161.170353531201
 31
0.0
  0
CIRCLE
  5
A520
330
A51B
100
AcDbEntity
  8
发热丝
100
AcDbCircle
 10
188.7501541359929
 20
-235.6684089022947
 30
0.0
 40
0.2
  0
CIRCLE
  5
A521
330
A51B
100
AcDbEntity
  8
发热丝
100
AcDbCircle
 10
188.7501541359929
 20
-237.2684089022947
 30
0.0
 40
0.2
  0
CIRCLE
  5
A522
330
A51B
100
AcDbEntity
  8
发热丝
100
AcDbCircle
 10
188.7501541359929
 20
-238.8684089022947
 30
0.0
 40
0.2
  0
CIRCLE
  5
A523
330
A51B
100
AcDbEntity
  8
发热丝
100
AcDbCircle
 10
188.7501541359929
 20
-240.4684089022948
 30
0.0
 40
0.2
  0
CIRCLE
  5
A524
330
A51B
100
AcDbEntity
  8
发热丝
100
AcDbCircle
 10
188.7501541359929
 20
-242.0684089022948
 30
0.0
 40
0.2
  0
CIRCLE
  5
A525
330
A51B
100
AcDbEntity
  8
发热丝
100
AcDbCircle
 10
188.7501541359929
 20
-243.6684089022948
 30
0.0
 40
0.2
  0
CIRCLE
  5
A526
330
A51B
100
AcDbEntity
  8
发热丝
100
AcDbCircle
 10
188.7501541359929
 20
-245.2684089022948
 30
0.0
 40
0.2
  0
CIRCLE
  5
A527
330
A51B
100
AcDbEntity
  8
发热丝
100
AcDbCircle
 10
190.3501541359928
 20
-235.6684089022948
 30
0.0
 40
0.2
  0
CIRCLE
  5
A528
330
A51B
100
AcDbEntity
  8
发热丝
100
AcDbCircle
 10
190.3501541359928
 20
-237.2684089022948
 30
0.0
 40
0.2
  0
CIRCLE
  5
A529
330
A51B
100
AcDbEntity
  8
发热丝
100
AcDbCircle
 10
190.3501541359928
 20
-238.8684089022948
 30
0.0
 40
0.2
  0
CIRCLE
  5
A52A
330
A51B
100
AcDbEntity
  8
发热丝
100
AcDbCircle
 10
190.3501541359928
 20
-240.4684089022948
 30
0.0
 40
0.2
  0
CIRCLE
  5
A52B
330
A51B
100
AcDbEntity
  8
发热丝
100
AcDbCircle
 10
190.3501541359928
 20
-242.0684089022948
 30
0.0
 40
0.2
  0
CIRCLE
  5
A52C
330
A51B
100
AcDbEntity
  8
发热丝
100
AcDbCircle
 10
190.3501541359928
 20
-243.6684089022949
 30
0.0
 40
0.2
  0
CIRCLE
  5
A52D
330
A51B
100
AcDbEntity
  8
发热丝
100
AcDbCircle
 10
190.3501541359928
 20
-245.2684089022949
 30
0.0
 40
0.2
  0
CIRCLE
  5
A52E
330
A51B
100
AcDbEntity
  8
发热丝
100
AcDbCircle
 10
187.150154135993
 20
-245.2684089022948
 30
0.0
 40
0.2
  0
CIRCLE
  5
A52F
330
A51B
100
AcDbEntity
  8
发热丝
100
AcDbCircle
 10
187.150154135993
 20
-243.6684089022947
 30
0.0
 40
0.2
  0
CIRCLE
  5
A530
330
A51B
100
AcDbEntity
  8
发热丝
100
AcDbCircle
 10
187.150154135993
 20
-242.0684089022947
 30
0.0
 40
0.2
  0
CIRCLE
  5
A531
330
A51B
100
AcDbEntity
  8
发热丝
100
AcDbCircle
 10
187.150154135993
 20
-240.4684089022947
 30
0.0
 40
0.2
  0
CIRCLE
  5
A532
330
A51B
100
AcDbEntity
  8
发热丝
100
AcDbCircle
 10
187.150154135993
 20
-238.8684089022947
 30
0.0
 40
0.2
  0
CIRCLE
  5
A533
330
A51B
100
AcDbEntity
  8
发热丝
100
AcDbCircle
 10
187.150154135993
 20
-237.2684089022946
 30
0.0
 40
0.2
  0
CIRCLE
  5
A534
330
A51B
100
AcDbEntity
  8
发热丝
100
AcDbCircle
 10
187.150154135993
 20
-235.6684089022946
 30
0.0
 40
0.2
  0
CIRCLE
  5
A535
330
A51B
100
AcDbEntity
  8
发热丝
100
AcDbCircle
 10
185.5501541359931
 20
-245.2684089022947
 30
0.0
 40
0.2
  0
CIRCLE
  5
A536
330
A51B
100
AcDbEntity
  8
发热丝
100
AcDbCircle
 10
185.5501541359931
 20
-243.6684089022947
 30
0.0
 40
0.2
  0
CIRCLE
  5
A537
330
A51B
100
AcDbEntity
  8
发热丝
100
AcDbCircle
 10
185.5501541359931
 20
-242.0684089022947
 30
0.0
 40
0.2
  0
CIRCLE
  5
A538
330
A51B
100
AcDbEntity
  8
发热丝
100
AcDbCircle
 10
185.5501541359931
 20
-240.4684089022946
 30
0.0
 40
0.2
  0
CIRCLE
  5
A539
330
A51B
100
AcDbEntity
  8
发热丝
100
AcDbCircle
 10
185.5501541359931
 20
-238.8684089022946
 30
0.0
 40
0.2
  0
CIRCLE
  5
A53A
330
A51B
100
AcDbEntity
  8
发热丝
100
AcDbCircle
 10
185.5501541359931
 20
-237.2684089022946
 30
0.0
 40
0.2
  0
CIRCLE
  5
A53B
330
A51B
100
AcDbEntity
  8
发热丝
100
AcDbCircle
 10
185.5501541359931
 20
-235.6684089022946
 30
0.0
 40
0.2
  0
CIRCLE
  5
A53C
330
A51B
100
AcDbEntity
  8
发热丝
100
AcDbCircle
 10
183.9501541359932
 20
-245.2684089022946
 30
0.0
 40
0.2
  0
CIRCLE
  5
A53D
330
A51B
100
AcDbEntity
  8
发热丝
100
AcDbCircle
 10
183.9501541359932
 20
-243.6684089022946
 30
0.0
 40
0.2
  0
CIRCLE
  5
A53E
330
A51B
100
AcDbEntity
  8
发热丝
100
AcDbCircle
 10
183.9501541359932
 20
-242.0684089022946
 30
0.0
 40
0.2
  0
CIRCLE
  5
A53F
330
A51B
100
AcDbEntity
  8
发热丝
100
AcDbCircle
 10
183.9501541359932
 20
-240.4684089022946
 30
0.0
 40
0.2
  0
CIRCLE
  5
A540
330
A51B
100
AcDbEntity
  8
发热丝
100
AcDbCircle
 10
183.9501541359932
 20
-238.8684089022945
 30
0.0
 40
0.2
  0
CIRCLE
  5
A541
330
A51B
100
AcDbEntity
  8
发热丝
100
AcDbCircle
 10
183.9501541359932
 20
-237.2684089022945
 30
0.0
 40
0.2
  0
CIRCLE
  5
A542
330
A51B
100
AcDbEntity
  8
发热丝
100
AcDbCircle
 10
183.9501541359932
 20
-235.6684089022945
 30
0.0
 40
0.2
  0
CIRCLE
  5
A543
330
A51B
100
AcDbEntity
  8
发热丝
100
AcDbCircle
 10
188.7501541359929
 20
-259.7684089022948
 30
0.0
 40
0.2
  0
CIRCLE
  5
A544
330
A51B
100
AcDbEntity
  8
发热丝
100
AcDbCircle
 10
188.7501541359929
 20
-258.1684089022948
 30
0.0
 40
0.2
  0
CIRCLE
  5
A545
330
A51B
100
AcDbEntity
  8
发热丝
100
AcDbCircle
 10
188.7501541359929
 20
-256.5684089022948
 30
0.0
 40
0.2
  0
CIRCLE
  5
A546
330
A51B
100
AcDbEntity
  8
发热丝
100
AcDbCircle
 10
188.7501541359929
 20
-254.9684089022948
 30
0.0
 40
0.2
  0
CIRCLE
  5
A547
330
A51B
100
AcDbEntity
  8
发热丝
100
AcDbCircle
 10
188.7501541359929
 20
-253.3684089022947
 30
0.0
 40
0.2
  0
CIRCLE
  5
A548
330
A51B
100
AcDbEntity
  8
发热丝
100
AcDbCircle
 10
188.7501541359929
 20
-251.7684089022947
 30
0.0
 40
0.2
  0
CIRCLE
  5
A549
330
A51B
100
AcDbEntity
  8
发热丝
100
AcDbCircle
 10
188.7501541359929
 20
-250.1684089022947
 30
0.0
 40
0.2
  0
CIRCLE
  5
A54A
330
A51B
100
AcDbEntity
  8
发热丝
100
AcDbCircle
 10
190.3501541359928
 20
-259.7684089022948
 30
0.0
 40
0.2
  0
CIRCLE
  5
A54B
330
A51B
100
AcDbEntity
  8
发热丝
100
AcDbCircle
 10
190.3501541359928
 20
-258.1684089022947
 30
0.0
 40
0.2
  0
CIRCLE
  5
A54C
330
A51B
100
AcDbEntity
  8
发热丝
100
AcDbCircle
 10
190.3501541359928
 20
-256.5684089022947
 30
0.0
 40
0.2
  0
CIRCLE
  5
A54D
330
A51B
100
AcDbEntity
  8
发热丝
100
AcDbCircle
 10
190.3501541359928
 20
-254.9684089022947
 30
0.0
 40
0.2
  0
CIRCLE
  5
A54E
330
A51B
100
AcDbEntity
  8
发热丝
100
AcDbCircle
 10
190.3501541359928
 20
-253.3684089022947
 30
0.0
 40
0.2
  0
CIRCLE
  5
A54F
330
A51B
100
AcDbEntity
  8
发热丝
100
AcDbCircle
 10
190.3501541359928
 20
-251.7684089022946
 30
0.0
 40
0.2
  0
CIRCLE
  5
A550
330
A51B
100
AcDbEntity
  8
发热丝
100
AcDbCircle
 10
190.3501541359928
 20
-250.1684089022946
 30
0.0
 40
0.2
  0
CIRCLE
  5
A551
330
A51B
100
AcDbEntity
  8
发热丝
100
AcDbCircle
 10
187.150154135993
 20
-250.1684089022948
 30
0.0
 40
0.2
  0
CIRCLE
  5
A552
330
A51B
100
AcDbEntity
  8
发热丝
100
AcDbCircle
 10
187.150154135993
 20
-251.7684089022948
 30
0.0
 40
0.2
  0
CIRCLE
  5
A553
330
A51B
100
AcDbEntity
  8
发热丝
100
AcDbCircle
 10
187.150154135993
 20
-253.3684089022948
 30
0.0
 40
0.2
  0
CIRCLE
  5
A554
330
A51B
100
AcDbEntity
  8
发热丝
100
AcDbCircle
 10
187.150154135993
 20
-254.9684089022948
 30
0.0
 40
0.2
  0
CIRCLE
  5
A555
330
A51B
100
AcDbEntity
  8
发热丝
100
AcDbCircle
 10
187.150154135993
 20
-256.5684089022948
 30
0.0
 40
0.2
  0
CIRCLE
  5
A556
330
A51B
100
AcDbEntity
  8
发热丝
100
AcDbCircle
 10
187.150154135993
 20
-258.1684089022949
 30
0.0
 40
0.2
  0
CIRCLE
  5
A557
330
A51B
100
AcDbEntity
  8
发热丝
100
AcDbCircle
 10
187.150154135993
 20
-259.7684089022949
 30
0.0
 40
0.2
  0
CIRCLE
  5
A558
330
A51B
100
AcDbEntity
  8
发热丝
100
AcDbCircle
 10
185.5501541359931
 20
-250.1684089022948
 30
0.0
 40
0.2
  0
CIRCLE
  5
A559
330
A51B
100
AcDbEntity
  8
发热丝
100
AcDbCircle
 10
185.5501541359931
 20
-251.7684089022948
 30
0.0
 40
0.2
  0
CIRCLE
  5
A55A
330
A51B
100
AcDbEntity
  8
发热丝
100
AcDbCircle
 10
185.5501541359931
 20
-253.3684089022949
 30
0.0
 40
0.2
  0
CIRCLE
  5
A55B
330
A51B
100
AcDbEntity
  8
发热丝
100
AcDbCircle
 10
185.5501541359931
 20
-254.9684089022949
 30
0.0
 40
0.2
  0
CIRCLE
  5
A55C
330
A51B
100
AcDbEntity
  8
发热丝
100
AcDbCircle
 10
185.5501541359931
 20
-256.5684089022949
 30
0.0
 40
0.2
  0
CIRCLE
  5
A55D
330
A51B
100
AcDbEntity
  8
发热丝
100
AcDbCircle
 10
185.5501541359931
 20
-258.1684089022949
 30
0.0
 40
0.2
  0
CIRCLE
  5
A55E
330
A51B
100
AcDbEntity
  8
发热丝
100
AcDbCircle
 10
185.5501541359931
 20
-259.768408902295
 30
0.0
 40
0.2
  0
CIRCLE
  5
A55F
330
A51B
100
AcDbEntity
  8
发热丝
100
AcDbCircle
 10
183.9501541359932
 20
-250.1684089022949
 30
0.0
 40
0.2
  0
CIRCLE
  5
A560
330
A51B
100
AcDbEntity
  8
发热丝
100
AcDbCircle
 10
183.9501541359932
 20
-251.7684089022949
 30
0.0
 40
0.2
  0
CIRCLE
  5
A561
330
A51B
100
AcDbEntity
  8
发热丝
100
AcDbCircle
 10
183.9501541359932
 20
-253.3684089022949
 30
0.0
 40
0.2
  0
CIRCLE
  5
A562
330
A51B
100
AcDbEntity
  8
发热丝
100
AcDbCircle
 10
183.9501541359932
 20
-254.9684089022949
 30
0.0
 40
0.2
  0
CIRCLE
  5
A563
330
A51B
100
AcDbEntity
  8
发热丝
100
AcDbCircle
 10
183.9501541359932
 20
-256.5684089022949
 30
0.0
 40
0.2
  0
CIRCLE
  5
A564
330
A51B
100
AcDbEntity
  8
发热丝
100
AcDbCircle
 10
183.9501541359932
 20
-258.1684089022949
 30
0.0
 40
0.2
  0
CIRCLE
  5
A565
330
A51B
100
AcDbEntity
  8
发热丝
100
AcDbCircle
 10
183.9501541359932
 20
-259.768408902295
 30
0.0
 40
0.2
  0
LWPOLYLINE
  5
A566
330
A51B
100
AcDbEntity
  8
0
100
AcDbPolyline
 90
       20
 70
     1
 43
0.0
 10
173.4501541359927
 20
-227.7184089022948
 10
173.4501541359927
 20
-170.970353531201
 42
-0.4142135623729785
 10
175.4501541359927
 20
-168.970353531201
 10
223.8501004250552
 20
-168.970353531201
 42
0.4142135623729785
 10
225.8501004250552
 20
-166.970353531201
 10
225.8501004250552
 20
-24.46649132416974
 42
0.4142135623729785
 10
223.8501004250552
 20
-22.46649132416974
 10
-192.1498043601009
 20
-22.46649132416974
 42
0.4142135623731284
 10
-194.1498043601009
 20
-24.46649132416974
 10
-194.1498043601009
 20
-324.4664642733885
 42
0.4142135623731367
 10
-192.1498043601009
 20
-326.4664642733885
 10
171.4501541359927
 20
-326.4664642733885
 42
0.4142135623729785
 10
173.4501541359927
 20
-324.4664642733885
 10
173.4501541359927
 20
-267.7184089022948
 42
-0.4142135623729785
 10
175.4501541359927
 20
-265.7184089022948
 10
196.4501541359927
 20
-265.7184089022948
 42
0.4142135623729785
 10
198.4501541359927
 20
-263.7184089022948
 10
198.4501541359927
 20
-231.7184089022948
 42
0.4142135623729785
 10
196.4501541359927
 20
-229.7184089022948
 10
175.4501541359927
 20
-229.7184089022948
 42
-0.4142135623729785
  0
LWPOLYLINE
  5
A567
330
A51B
100
AcDbEntity
  8
发热丝
100
AcDbPolyline
 90
      815
 70
     1
 43
0.0
 10
169.0487646092638
 20
-260.7184089022947
 10
191.4501541359927
 20
-260.7184089022947
 42
0.4142135623731617
 10
192.4501541359923
 20
-259.7184089022948
 10
192.4501541359923
 20
-250.2184089022948
 42
0.4142135623731451
 10
191.4501541359927
 20
-249.2184089022946
 10
156.3221337649729
 20
-249.2184089022946
 42
0.4142135623731617
 10
155.3221337649729
 20
-250.2184089022947
 10
155.3221337649729
 20
-306.9370543756408
 42
-0.4142135623729406
 10
153.9207442382458
 20
-308.3384439023685
 10
153.5913343404977
 20
-308.3384439023685
 42
-0.4142135623732497
 10
152.1899448137683
 20
-306.9370543756404
 10
152.1899448137683
 20
-231.9702610842416
 42
0.4142135623730904
 10
145.9913343404969
 20
-225.77165061097
 10
129.8031046472524
 20
-225.77165061097
 42
0.4142135623730984
 10
123.604494173981
 20
-231.9702610842414
 10
123.604494173981
 20
-306.9370543756407
 42
-0.4142135623729496
 10
122.2031046472539
 20
-308.3384439023685
 10
121.8736947495058
 20
-308.3384439023685
 42
-0.4142135623732555
 10
120.4723052227764
 20
-306.9370543756403
 10
120.4723052227764
 20
-279.888215153252
 42
0.4142135623730918
 10
114.273694749505
 20
-273.6896046799804
 10
98.08546505626054
 20
-273.6896046799804
 42
0.414213562373099
 10
91.88685458298914
 20
-279.8882151532518
 10
91.88685458298914
 20
-306.9370543756408
 42
-0.4142135623729436
 10
90.485465056262
 20
-308.3384439023685
 10
90.15605515851394
 20
-308.3384439023685
 42
-0.4142135623732436
 10
88.75466563178452
 20
-306.9370543756404
 10
88.75466563178452
 20
-231.9702610842416
 42
0.4142135623730918
 10
82.55605515851312
 20
-225.77165061097
 10
66.36782546526865
 20
-225.77165061097
 42
0.4142135623730984
 10
60.16921499199725
 20
-231.9702610842414
 10
60.16921499199725
 20
-306.9370543756406
 42
-0.4142135623729525
 10
58.7678254652701
 20
-308.3384439023685
 10
58.43841556752204
 20
-308.3384439023685
 42
-0.4142135623732466
 10
57.03702604079262
 20
-306.9370543756404
 10
57.03702604079262
 20
-279.8882151532521
 42
0.4142135623730927
 10
50.83841556752123
 20
-273.6896046799804
 10
34.65018587427676
 20
-273.6896046799804
 42
0.4142135623730976
 10
28.45157540100536
 20
-279.8882151532518
 10
28.45157540100536
 20
-306.9370543756406
 42
-0.4142135623729521
 10
27.05018587427821
 20
-308.3384439023685
 10
26.72077597653015
 20
-308.3384439023685
 42
-0.4142135623732476
 10
25.31938644980073
 20
-306.9370543756403
 10
25.31938644980073
 20
-234.2190614528447
 42
0.414213562373095
 10
19.12077597652933
 20
-228.0204509795729
 10
11.00468537022743
 20
-228.0204509795729
 42
-0.2649235936065414
 10
-3.915100198931668
 20
-219.6812082094455
 42
-0.0315817238616774
 10
-6.007674792104808
 20
-219.0757497843514
 42
0.5192084795077328
 10
-14.30139708289835
 20
-224.9095545695188
 10
-14.30139708289835
 20
-306.9370543756406
 42
-0.414213562372951
 10
-15.70278660962549
 20
-308.3384439023685
 10
-16.03219650737355
 20
-308.3384439023685
 42
-0.4142135623732532
 10
-17.43358603410297
 20
-306.9370543756403
 10
-17.43358603410297
 20
-279.888215153252
 42
0.4142135623730927
 10
-23.63219650737438
 20
-273.6896046799804
 10
-39.82042620061884
 20
-273.6896046799804
 42
0.4142135623730995
 10
-46.01903667389024
 20
-279.8882151532518
 10
-46.01903667389024
 20
-306.9370543756406
 42
-0.4142135623729495
 10
-47.42042620061738
 20
-308.3384439023685
 10
-47.74983609836545
 20
-308.3384439023685
 42
-0.4142135623732466
 10
-49.15122562509487
 20
-306.9370543756404
 10
-49.15122562509487
 20
-231.9702610842416
 42
0.4142135623730924
 10
-55.34983609836626
 20
-225.77165061097
 10
-71.53806579161074
 20
-225.77165061097
 42
0.4142135623730984
 10
-77.73667626488213
 20
-231.9702610842414
 10
-77.73667626488213
 20
-306.9370543756407
 42
-0.4142135623729465
 10
-79.13806579160928
 20
-308.3384439023685
 10
-79.46747568935734
 20
-308.3384439023685
 42
-0.4142135623732494
 10
-80.86886521608676
 20
-306.9370543756404
 10
-80.86886521608676
 20
-279.8882151532521
 42
0.4142135623730931
 10
-87.06747568935815
 20
-273.6896046799804
 10
-103.2557053826026
 20
-273.6896046799804
 42
0.414213562373099
 10
-109.454315855874
 20
-279.8882151532518
 10
-109.454315855874
 20
-306.9370543756406
 42
-0.4142135623729525
 10
-110.8557053826011
 20
-308.3384439023685
 10
-111.1851152803492
 20
-308.3384439023685
 42
-0.4142135623732555
 10
-112.5865048070782
 20
-306.9370543756403
 10
-112.5865048070782
 20
-231.9702610842416
 42
0.4142135623730921
 10
-118.78511528035
 20
-225.77165061097
 10
-134.9733449735945
 20
-225.77165061097
 42
0.4142135623730994
 10
-141.1719554468664
 20
-231.9702610842414
 10
-141.1719554468664
 20
-306.9370543756407
 42
-0.4142135623729407
 10
-142.573344973593
 20
-308.3384439023685
 10
-142.9027548713411
 20
-308.3384439023685
 42
-0.4142135623732555
 10
-144.3041443980701
 20
-306.9370543756403
 10
-144.3041443980701
 20
-279.8882151532521
 42
0.4142135623730937
 10
-150.5027548713419
 20
-273.6896046799804
 10
-166.6909845645866
 20
-273.6896046799804
 42
0.4142135623730992
 10
-172.8895950378583
 20
-279.8882151532518
 10
-172.8895950378583
 20
-306.9370543756408
 42
-0.4142135623730061
 10
-174.2909845645856
 20
-308.3384439023685
 10
-174.6203944623341
 20
-308.3384439023685
 42
-0.4142135623732079
 10
-176.0217839890624
 20
-306.9370543756408
 10
-176.0217839890624
 20
-186.6420119641051
 42
-0.4142135623730424
 10
-174.6203944623348
 20
-185.2406224373773
 10
-174.2909845645863
 20
-185.2406224373773
 42
-0.4142135623731344
 10
-172.8895950378583
 20
-186.642011964105
 10
-172.8895950378583
 20
-261.6088052555043
 42
0.4142135623730937
 10
-166.6909845645866
 20
-267.8074157287759
 10
-150.5027548713419
 20
-267.8074157287759
 42
0.4142135623730978
 10
-144.3041443980701
 20
-261.6088052555044
 10
-144.3041443980701
 20
-186.6420119641052
 42
-0.414213562372999
 10
-142.9027548713429
 20
-185.2406224373773
 10
-142.5733449735944
 20
-185.2406224373773
 42
-0.4142135623731987
 10
-141.1719554468664
 20
-186.6420119641051
 10
-141.1719554468664
 20
-213.6908511864938
 42
0.4142135623730931
 10
-134.9733449735945
 20
-219.8894616597655
 10
-118.78511528035
 20
-219.8894616597655
 42
0.4142135623730984
 10
-112.5865048070782
 20
-213.690851186494
 10
-112.5865048070782
 20
-186.6420119641052
 42
-0.4142135623729959
 10
-111.185115280351
 20
-185.2406224373773
 10
-110.8557053826025
 20
-185.2406224373773
 42
-0.4142135623731987
 10
-109.454315855874
 20
-186.6420119641051
 10
-109.454315855874
 20
-261.6088052555042
 42
0.4142135623730918
 10
-103.2557053826026
 20
-267.8074157287759
 10
-87.06747568935815
 20
-267.8074157287759
 42
0.4142135623730992
 10
-80.86886521608676
 20
-261.6088052555044
 10
-80.86886521608676
 20
-186.6420119641052
 42
-0.4142135623730019
 10
-79.46747568935916
 20
-185.2406224373773
 10
-79.13806579161065
 20
-185.2406224373773
 42
-0.4142135623731983
 10
-77.73667626488213
 20
-186.6420119641051
 10
-77.73667626488213
 20
-213.6908511864938
 42
0.4142135623730914
 10
-71.53806579161074
 20
-219.8894616597655
 10
-55.34983609836626
 20
-219.8894616597655
 42
0.4142135623730984
 10
-49.15122562509487
 20
-213.690851186494
 10
-49.15122562509487
 20
-186.6420119641052
 42
-0.4142135623729944
 10
-47.74983609836726
 20
-185.2406224373773
 10
-47.42042620061875
 20
-185.2406224373773
 42
-0.4142135623731952
 10
-46.01903667389024
 20
-186.6420119641051
 10
-46.01903667389024
 20
-261.6088052555043
 42
0.414213562372942
 10
-39.82042620062202
 20
-267.8074157287759
 10
-39.49101630287396
 20
-267.8074157287759
 42
0.4142135623732476
 10
-33.29240582959892
 20
-261.6088052555039
 10
-33.29240582959892
 20
-228.4375681397979
 42
-0.4142135623730935
 10
-31.89101630287087
 20
-227.03617861307
 10
-31.56160640512371
 20
-227.03617861307
 42
-0.4142135623730951
 10
-30.16021687839566
 20
-228.4375681397979
 10
-30.16021687839566
 20
-261.6088052555042
 42
0.414213562372943
 10
-23.96160640512744
 20
-267.8074157287759
 10
-23.63219650737801
 20
-267.8074157287759
 42
0.4142135623732479
 10
-17.43358603410297
 20
-261.6088052555039
 10
-17.43358603410297
 20
-82.12415034205401
 42
0.4142135623730911
 10
-23.63219650737438
 20
-75.92553986878238
 10
-39.82042620062839
 20
-75.92553986878238
 42
0.4142135623731018
 10
-46.01903667390025
 20
-82.12415034205411
 10
-46.01903667390025
 20
-146.6909436334532
 42
-0.4142135623729443
 10
-47.42042620062693
 20
-148.092333160181
 10
-47.749836098375
 20
-148.092333160181
 42
-0.4142135623732482
 10
-49.15122562510441
 20
-146.6909436334528
 10
-49.15122562510441
 20
-124.8421044110644
 42
0.4142135623730921
 10
-55.34983609837581
 20
-118.6434939377928
 10
-71.53806579162028
 20
-118.6434939377928
 42
0.4142135623730984
 10
-77.73667626489168
 20
-124.8421044110642
 10
-77.73667626489168
 20
-146.6909436334532
 42
-0.4142135623729429
 10
-79.13806579161883
 20
-148.092333160181
 10
-79.46747568936689
 20
-148.092333160181
 42
-0.4142135623732451
 10
-80.86886521609631
 20
-146.6909436334528
 10
-80.86886521609631
 20
-82.12415034205401
 42
0.4142135623730939
 10
-87.06747568936771
 20
-75.92553986878238
 10
-103.2557053826121
 20
-75.92553986878238
 42
0.4142135623731031
 10
-109.454315855884
 20
-82.12415034205424
 10
-109.454315855884
 20
-146.6909436334532
 42
-0.4142135623729429
 10
-110.8557053826107
 20
-148.092333160181
 10
-111.1851152803588
 20
-148.092333160181
 42
-0.4142135623732459
 10
-112.5865048070882
 20
-146.6909436334528
 10
-112.5865048070882
 20
-124.8421044110644
 42
0.4142135623730918
 10
-118.7851152803596
 20
-118.6434939377928
 10
-134.973344973604
 20
-118.6434939377928
 42
0.4142135623730981
 10
-141.1719554468755
 20
-124.8421044110642
 10
-141.1719554468755
 20
-146.6909436334532
 42
-0.414213562372937
 10
-142.5733449736026
 20
-148.092333160181
 10
-142.9027548713507
 20
-148.092333160181
 42
-0.4142135623732482
 10
-144.3041443980801
 20
-146.6909436334528
 10
-144.3041443980801
 20
-82.12415034205401
 42
0.4142135623730924
 10
-150.5027548713515
 20
-75.92553986878238
 10
-166.6909845645957
 20
-75.92553986878238
 42
0.414213562373099
 10
-172.8895950378676
 20
-82.12415034205401
 10
-172.8895950378676
 20
-146.6909436334531
 42
-0.4142135623730974
 10
-174.2909845645956
 20
-148.0923331601811
 10
-174.6203944623437
 20
-148.0923331601811
 42
-0.4142135623730891
 10
-176.0217839890717
 20
-146.6909436334531
 10
-176.0217839890717
 20
-41.99590122191773
 42
-0.4142135623731961
 10
-174.620394462343
 20
-40.59451169518945
 10
-174.2909845645952
 20
-40.59451169518945
 42
-0.4142135623729942
 10
-172.8895950378676
 20
-41.99590122191762
 10
-172.8895950378676
 20
-63.84474044430601
 42
0.414213562373097
 10
-166.6909845645955
 20
-70.04335091757809
 10
-150.5027548713515
 20
-70.04335091757809
 42
0.4142135623730971
 10
-144.3041443980792
 20
-63.84474044430589
 10
-144.3041443980792
 20
-41.99590122191762
 42
-0.414213562372905
 10
-142.9027548713529
 20
-40.59451169518979
 10
-142.5733449736049
 20
-40.59451169518979
 42
-0.4142135623733029
 10
-141.1719554468755
 20
-41.99590122191785
 10
-141.1719554468755
 20
-106.5626945133167
 42
0.4142135623730931
 10
-134.973344973604
 20
-112.7613049865883
 10
-118.7851152803596
 20
-112.7613049865883
 42
0.4142135623730971
 10
-112.5865048070882
 20
-106.5626945133168
 10
-112.5865048070882
 20
-41.99590122191762
 42
-0.4142135623728991
 10
-111.185115280361
 20
-40.59451169518979
 10
-110.855705382613
 20
-40.59451169518979
 42
-0.4142135623733
 10
-109.4543158558836
 20
-41.99590122191785
 10
-109.4543158558836
 20
-63.84474044430612
 42
0.4142135623730891
 10
-103.2557053826121
 20
-70.04335091757775
 10
-87.06747568936771
 20
-70.04335091757775
 42
0.4142135623731051
 10
-80.86886521609585
 20
-63.84474044430589
 10
-80.86886521609585
 20
-41.99590122191762
 42
-0.414213562372899
 10
-79.46747568936917
 20
-40.59451169518979
 10
-79.1380657916211
 20
-40.59451169518979
 42
-0.4142135623732941
 10
-77.73667626489168
 20
-41.99590122191785
 10
-77.73667626489168
 20
-106.5626945133167
 42
0.4142135623730924
 10
-71.53806579162028
 20
-112.7613049865883
 10
-55.34983609837581
 20
-112.7613049865883
 42
0.4142135623730971
 10
-49.15122562510441
 20
-106.5626945133168
 10
-49.15122562510441
 20
-41.99590122191762
 42
-0.4142135623728991
 10
-47.74983609837727
 20
-40.59451169518979
 10
-47.4204262006292
 20
-40.59451169518979
 42
-0.4142135623732941
 10
-46.01903667389978
 20
-41.99590122191785
 10
-46.01903667389978
 20
-63.84474044430612
 42
0.4142135623730924
 10
-39.82042620062839
 20
-70.04335091757775
 10
-23.63219650738392
 20
-70.04335091757775
 42
0.4142135623731038
 10
-17.43358603411207
 20
-63.84474044430589
 10
-17.43358603411207
 20
-41.99590122191762
 42
-0.4142135623729087
 10
-16.03219650738538
 20
-40.59451169518979
 10
-15.70278660963731
 20
-40.59451169518979
 42
-0.4142135623732911
 10
-14.3013970829079
 20
-41.99590122191773
 10
-14.3013970829079
 20
-106.5626945133167
 42
0.4142135623730921
 10
-8.102786609636495
 20
-112.7613049865883
 10
8.08544308360797
 20
-112.7613049865883
 42
0.4142135623730982
 10
14.28405355687937
 20
-106.5626945133168
 10
14.28405355687937
 20
-41.99590122191762
 42
-0.4142135623728989
 10
15.68544308360651
 20
-40.59451169518979
 10
16.01485298135458
 20
-40.59451169518979
 42
-0.4142135623732959
 10
17.41624250808399
 20
-41.99590122191785
 10
17.41624250808399
 20
-63.84474044430612
 42
0.4142135623730911
 10
23.6148529813554
 20
-70.04335091757775
 10
39.80308267459987
 20
-70.04335091757775
 42
0.4142135623731043
 10
46.00169314787172
 20
-63.84474044430589
 10
46.00169314787172
 20
-41.99590122191762
 42
-0.4142135623729087
 10
47.4030826745984
 20
-40.59451169518979
 10
47.73249257234647
 20
-40.59451169518979
 42
-0.4142135623732969
 10
49.13388209907589
 20
-41.99590122191785
 10
49.13388209907589
 20
-106.5626945133167
 42
0.4142135623730921
 10
55.33249257234729
 20
-112.7613049865883
 10
71.52072226559176
 20
-112.7613049865883
 42
0.4142135623730989
 10
77.71933273886316
 20
-106.5626945133168
 10
77.71933273886316
 20
-41.99590122191762
 42
-0.4142135623728961
 10
79.1207222655903
 20
-40.59451169518979
 10
79.45013216333837
 20
-40.59451169518979
 42
-0.4142135623732956
 10
80.85152169006779
 20
-41.99590122191785
 10
80.85152169006779
 20
-63.84474044430612
 42
0.4142135623730911
 10
87.05013216333918
 20
-70.04335091757775
 10
103.2383618565836
 20
-70.04335091757775
 42
0.4142135623731053
 10
109.4369723298555
 20
-63.84474044430589
 10
109.4369723298555
 20
-41.99590122191762
 42
-0.4142135623728961
 10
110.8383618565822
 20
-40.59451169518979
 10
111.1677717543302
 20
-40.59451169518979
 42
-0.4142135623732972
 10
112.5691612810596
 20
-41.99590122191785
 10
112.5691612810596
 20
-106.5626945133167
 42
0.4142135623730924
 10
118.7677717543311
 20
-112.7613049865883
 10
134.9560014475755
 20
-112.7613049865883
 42
0.4142135623730984
 10
141.1546119208469
 20
-106.5626945133168
 10
141.1546119208469
 20
-41.99590122191762
 42
-0.4142135623728961
 10
142.5560014475741
 20
-40.59451169518979
 10
142.8854113453221
 20
-40.59451169518979
 42
-0.4142135623732881
 10
144.2868008720515
 20
-41.99590122191773
 10
144.2868008720515
 20
-63.84474044430612
 42
0.4142135623730897
 10
150.485411345323
 20
-70.04335091757775
 10
166.6736410385674
 20
-70.04335091757775
 42
0.4142135623731051
 10
172.8722515118397
 20
-63.84474044430589
 10
172.8722515118397
 20
-41.99590122191762
 42
-0.414213562372899
 10
174.273641038566
 20
-40.59451169518979
 10
174.603050936314
 20
-40.59451169518979
 42
-0.4142135623732912
 10
176.0044404630434
 20
-41.99590122191785
 10
176.0044404630434
 20
-106.5626945133167
 42
0.4142135623730918
 10
182.2030509363148
 20
-112.7613049865883
 10
198.3912806295593
 20
-112.7613049865883
 42
0.4142135623731005
 10
204.5898911028307
 20
-106.5626945133168
 10
204.5898911028307
 20
-41.99590122191762
 42
-0.4142135623728991
 10
205.9912806295579
 20
-40.59451169518979
 10
206.3206905273059
 20
-40.59451169518979
 42
-0.4142135623733089
 10
207.7220800540354
 20
-41.99590122191785
 10
207.7220800540354
 20
-149.4409436334531
 42
-0.4142135623729555
 10
206.3206905273082
 20
-150.842333160181
 10
205.9912806295602
 20
-150.842333160181
 42
-0.4142135623732436
 10
204.5898911028307
 20
-149.4409436334528
 10
204.5898911028307
 20
-124.8421044110644
 42
0.4142135623730907
 10
198.3912806295593
 20
-118.6434939377928
 10
182.2030509363148
 20
-118.6434939377928
 42
0.4142135623730977
 10
176.0044404630434
 20
-124.8421044110642
 10
176.0044404630434
 20
-149.4409436334531
 42
-0.4142135623729436
 10
174.6030509363163
 20
-150.842333160181
 10
174.2736410385682
 20
-150.842333160181
 42
-0.4142135623732547
 10
172.8722515118388
 20
-149.4409436334528
 10
172.8722515118388
 20
-82.12415034205401
 42
0.4142135623730911
 10
166.6736410385674
 20
-75.92553986878238
 10
150.485411345323
 20
-75.92553986878238
 42
0.4142135623731024
 10
144.2868008720506
 20
-82.12415034205424
 10
144.2868008720506
 20
-146.6909436334532
 42
-0.4142135623729414
 10
142.8854113453244
 20
-148.092333160181
 10
142.5560014475763
 20
-148.092333160181
 42
-0.4142135623732459
 10
141.1546119208469
 20
-146.6909436334528
 10
141.1546119208469
 20
-124.8421044110644
 42
0.4142135623730921
 10
134.9560014475755
 20
-118.6434939377928
 10
118.7677717543311
 20
-118.6434939377928
 42
0.414213562373099
 10
112.5691612810596
 20
-124.8421044110642
 10
112.5691612810596
 20
-146.6909436334532
 42
-0.4142135623729436
 10
111.1677717543325
 20
-148.092333160181
 10
110.8383618565844
 20
-148.092333160181
 42
-0.414213562373249
 10
109.436972329855
 20
-146.6909436334528
 10
109.436972329855
 20
-82.12415034205401
 42
0.4142135623730897
 10
103.2383618565836
 20
-75.92553986878238
 10
87.05013216333918
 20
-75.92553986878238
 42
0.4142135623731024
 10
80.85152169006732
 20
-82.12415034205424
 10
80.85152169006732
 20
-146.6909436334532
 42
-0.414213562372945
 10
79.45013216334064
 20
-148.092333160181
 10
79.12072226559257
 20
-148.092333160181
 42
-0.4142135623732467
 10
77.71933273886316
 20
-146.6909436334528
 10
77.71933273886316
 20
-124.8421044110644
 42
0.4142135623730921
 10
71.52072226559176
 20
-118.6434939377928
 10
55.33249257234729
 20
-118.6434939377928
 42
0.4142135623730982
 10
49.13388209907589
 20
-124.8421044110642
 10
49.13388209907589
 20
-146.6909436334532
 42
-0.414213562372945
 10
47.73249257234875
 20
-148.092333160181
 10
47.40308267460068
 20
-148.092333160181
 42
-0.4142135623732459
 10
46.00169314787126
 20
-146.6909436334528
 10
46.00169314787126
 20
-82.12415034205401
 42
0.4142135623730909
 10
39.80308267459987
 20
-75.92553986878238
 10
23.6148529813554
 20
-75.92553986878238
 42
0.4142135623731009
 10
17.41624250808354
 20
-82.12415034205411
 10
17.41624250808354
 20
-146.6909436334532
 42
-0.4142135623729454
 10
16.01485298135685
 20
-148.092333160181
 10
15.68544308360879
 20
-148.092333160181
 42
-0.4142135623732453
 10
14.28405355687937
 20
-146.6909436334528
 10
14.28405355687937
 20
-124.8421044110644
 42
0.4142135623730924
 10
8.08544308360797
 20
-118.6434939377928
 10
-8.102786609626946
 20
-118.6434939377928
 42
0.414213562373098
 10
-14.30139708289835
 20
-124.8421044110642
 10
-14.30139708289835
 20
-186.8422928508295
 42
0.1339721382583951
 10
-12.40926727405167
 20
-194.035458672061
 42
-0.2679374360512447
 10
-12.40926727405167
 20
-195.4367949493934
 42
0.1316469180909973
 10
-14.30198718515021
 20
-202.500831759601
 10
-14.30198718515021
 20
-202.8302416573491
 42
0.3651835212180231
 10
-2.567157684084122
 20
-216.7545889153915
 42
-0.2303579094387281
 10
-1.571356013762851
 20
-217.4701196290964
 42
0.2781102668457593
 10
10.99108519209585
 20
-224.8876719261168
 10
14.98051447325815
 20
-224.8876719261168
 42
-0.1320720471764046
 10
15.68321020061057
 20
-225.0765799806639
 42
0.1320720471764045
 10
18.79136607878036
 20
-225.9121559736854
 10
19.12077597652933
 20
-225.9121559736854
 42
0.4142135623730948
 10
25.31938644980073
 20
-219.7135455004136
 10
25.31938644980073
 20
-186.6420119641052
 42
-0.4142135623730446
 10
26.72077597652833
 20
-185.2406224373773
 10
27.0501858742764
 20
-185.2406224373773
 42
-0.4142135623731445
 10
28.4515754010049
 20
-186.6420119641051
 10
28.4515754010049
 20
-261.6088052555044
 42
0.4142135623730924
 10
34.65018587427676
 20
-267.807415728776
 10
50.83841556752123
 20
-267.807415728776
 42
0.4142135623730958
 10
57.03702604079262
 20
-261.6088052555043
 10
57.03702604079262
 20
-186.6420119641052
 42
-0.414213562373045
 10
58.43841556752022
 20
-185.2406224373773
 10
58.76782546526829
 20
-185.2406224373773
 42
-0.41421356237314
 10
60.16921499199679
 20
-186.6420119641051
 10
60.16921499199679
 20
-213.6908511864939
 42
0.4142135623730955
 10
66.36782546526911
 20
-219.8894616597659
 10
82.55605515851266
 20
-219.8894616597659
 42
0.4142135623730896
 10
88.75466563178452
 20
-213.6908511864937
 10
88.75466563178452
 20
-186.6420119641052
 42
-0.4142135623730409
 10
90.15605515851211
 20
-185.2406224373773
 10
90.48546505626019
 20
-185.2406224373773
 42
-0.4142135623731456
 10
91.88685458298868
 20
-186.6420119641051
 10
91.88685458298868
 20
-261.6088052555044
 42
0.4142135623730924
 10
98.08546505626054
 20
-267.807415728776
 10
114.273694749505
 20
-267.807415728776
 42
0.4142135623730971
 10
120.4723052227764
 20
-261.6088052555043
 10
120.4723052227764
 20
-186.6420119641052
 42
-0.4142135623730435
 10
121.873694749504
 20
-185.2406224373773
 10
122.2031046472521
 20
-185.2406224373773
 42
-0.4142135623731386
 10
123.6044941739806
 20
-186.6420119641051
 10
123.6044941739806
 20
-213.6908511864939
 42
0.4142135623730958
 10
129.8031046472529
 20
-219.8894616597659
 10
145.9913343404964
 20
-219.8894616597659
 42
0.4142135623730891
 10
152.1899448137683
 20
-213.6908511864937
 10
152.1899448137683
 20
-186.6420119641052
 42
-0.4142135623730401
 10
153.5913343404959
 20
-185.2406224373773
 10
153.920744238244
 20
-185.2406224373773
 42
-0.4142135623731448
 10
155.322133764972
 20
-186.6420119641051
 10
155.322133764972
 20
-245.2184089022948
 42
0.4142135623731617
 10
156.3221337649729
 20
-246.218408902295
 10
191.4501541359927
 20
-246.218408902295
 42
0.4142135623731617
 10
192.4501541359923
 20
-245.2184089022948
 10
192.4501541359923
 20
-235.7184089022948
 42
0.4142135623731451
 10
191.4501541359927
 20
-234.7184089022946
 10
169.0487646092642
 20
-234.7184089022946
 42
-0.4142135623731617
 10
168.0487646092642
 20
-233.7184089022947
 10
168.0487646092642
 20
-178.7126020663571
 42
0.4142135623730962
 10
161.8501541359928
 20
-172.5139915930854
 10
145.6619244427484
 20
-172.5139915930854
 42
0.4142135623730951
 10
139.463313969477
 20
-178.7126020663571
 10
139.463313969477
 20
-205.761441288746
 42
-0.4142135623730928
 10
138.0619244427489
 20
-207.1628308154739
 10
137.7325145450004
 20
-207.1628308154739
 42
-0.4142135623730869
 10
136.3311250182723
 20
-205.7614412887459
 10
136.3311250182723
 20
-178.7126020663571
 42
0.4142135623730955
 10
130.1325145450009
 20
-172.5139915930854
 10
113.9442848517565
 20
-172.5139915930854
 42
0.4142135623730963
 10
107.7456743784851
 20
-178.7126020663571
 10
107.7456743784851
 20
-253.6793953577563
 42
-0.4142135623730891
 10
106.344284851757
 20
-255.0807848844843
 10
106.0148749540085
 20
-255.0807848844843
 42
-0.4142135623730951
 10
104.6134854272804
 20
-253.6793953577563
 10
104.6134854272804
 20
-178.7126020663571
 42
0.4142135623730955
 10
98.41487495400906
 20
-172.5139915930854
 10
82.2266452607646
 20
-172.5139915930854
 42
0.4142135623730957
 10
76.02803478749319
 20
-178.7126020663571
 10
76.02803478749319
 20
-205.7614412887459
 42
-0.4142135623730974
 10
74.62664526076514
 20
-207.1628308154739
 10
74.29723536301662
 20
-207.1628308154739
 42
-0.4142135623730966
 10
72.89584583628857
 20
-205.7614412887459
 10
72.89584583628857
 20
-178.7126020663571
 42
0.4142135623730951
 10
66.69723536301717
 20
-172.5139915930854
 10
50.5090056697727
 20
-172.5139915930854
 42
0.4142135623730951
 10
44.3103951965013
 20
-178.7126020663571
 10
44.3103951965013
 20
-253.6793953577563
 42
-0.4142135623730928
 10
42.90900566977325
 20
-255.0807848844843
 10
42.57959577202472
 20
-255.0807848844843
 42
-0.4142135623730959
 10
41.17820624529668
 20
-253.6793953577563
 10
41.17820624529668
 20
-178.7126020663571
 42
0.4142135623730951
 10
34.97959577202528
 20
-172.5139915930854
 10
18.79136607878081
 20
-172.5139915930854
 42
0.4142135623730951
 10
12.59275560550941
 20
-178.7126020663571
 10
12.59275560550941
 20
-210.7596515550971
 42
-0.4142135623730949
 10
11.19136607878135
 20
-212.161041081825
 10
10.86195618103329
 20
-212.161041081825
 42
-0.4142135623730948
 10
9.460566654305239
 20
-210.7596515550971
 10
9.460566654305239
 20
-210.4302416573486
 42
0.4142135623730953
 10
3.261956181033838
 20
-204.2316311840771
 10
-0.1733767118789729
 20
-204.2316311840771
 42
-0.4142135623730921
 10
-1.574766238607026
 20
-202.8302416573492
 10
-1.574766238607026
 20
-202.5008317596009
 42
-0.4142135623730951
 10
-0.1733767118789729
 20
-201.099442232873
 10
3.261956181033383
 20
-201.099442232873
 42
0.4142135623730951
 10
9.460566654304784
 20
-194.9008317596012
 10
9.460566654304784
 20
-194.5714218618529
 42
0.4142135623730948
 10
3.261956181033383
 20
-188.3728113885813
 10
-0.1733767118789729
 20
-188.3728113885813
 42
-0.4142135623730951
 10
-1.574766238607026
 20
-186.9714218618534
 10
-1.574766238607026
 20
-186.642011964105
 42
-0.4142135623730947
 10
-0.1733767118789729
 20
-185.2406224373772
 10
3.261956181033383
 20
-185.2406224373772
 42
0.4142135623730951
 10
9.460566654304784
 20
-179.0420119641055
 10
9.460566654304784
 20
-178.7126020663571
 42
0.4142135623730949
 10
3.261956181033383
 20
-172.5139915930854
 10
-0.1733767118789729
 20
-172.5139915930854
 42
-0.4142135623730953
 10
-1.574766238607026
 20
-171.1126020663575
 10
-1.574766238607026
 20
-132.7715143088127
 42
-0.4142135623730958
 10
-0.1733767118785181
 20
-131.3701247820844
 10
0.1560331858599966
 20
-131.3701247820844
 42
-0.4142135623730959
 10
1.557422712588049
 20
-132.7715143088123
 10
1.557422712588049
 20
-154.6203535312012
 42
0.4142135623730951
 10
7.75603318585945
 20
-160.8189640044729
 10
23.94426287910392
 20
-160.8189640044729
 42
0.4142135623730954
 10
30.14287335237532
 20
-154.6203535312012
 10
30.14287335237532
 20
-90.05356023980187
 42
-0.4142135623730962
 10
31.54426287910337
 20
-88.65217071307393
 10
31.87367277685189
 20
-88.65217071307393
 42
-0.4142135623730951
 10
33.27506230357994
 20
-90.05356023980187
 10
33.27506230357994
 20
-154.6203535312012
 42
0.414213562373095
 10
39.47367277685135
 20
-160.8189640044729
 10
55.66190247009581
 20
-160.8189640044729
 42
0.4142135623730951
 10
61.86051294336721
 20
-154.6203535312012
 10
61.86051294336721
 20
-132.7715143088123
 42
-0.4142135623730951
 10
63.26190247009527
 20
-131.3701247820844
 10
63.59131236784378
 20
-131.3701247820844
 42
-0.4142135623730951
 10
64.99270189457184
 20
-132.7715143088123
 10
64.99270189457184
 20
-154.6203535312012
 42
0.414213562373095
 10
71.19131236784324
 20
-160.8189640044729
 10
87.37954206108771
 20
-160.8189640044729
 42
0.4142135623730951
 10
93.5781525343591
 20
-154.6203535312012
 10
93.5781525343591
 20
-90.05356023980187
 42
-0.4142135623730951
 10
94.97954206108715
 20
-88.65217071307393
 10
95.30895195883568
 20
-88.65217071307393
 42
-0.4142135623730921
 10
96.71034148556373
 20
-90.05356023980187
 10
96.71034148556373
 20
-154.6203535312012
 42
0.4142135623730956
 10
102.9089519588351
 20
-160.8189640044729
 10
119.0971816520796
 20
-160.8189640044729
 42
0.4142135623730951
 10
125.295792125351
 20
-154.6203535312012
 10
125.295792125351
 20
-132.7715143088123
 42
-0.4142135623730951
 10
126.697181652079
 20
-131.3701247820844
 10
127.0265915498276
 20
-131.3701247820844
 42
-0.4142135623730936
 10
128.4279810765556
 20
-132.7715143088123
 10
128.4279810765556
 20
-154.6203535312012
 42
0.4142135623730956
 10
134.626591549827
 20
-160.8189640044729
 10
150.8148212430715
 20
-160.8189640044729
 42
0.4142135623730962
 10
157.0134317163429
 20
-154.6203535312012
 10
157.0134317163429
 20
-90.05356023980187
 42
-0.4142135623730891
 10
158.4148212430709
 20
-88.65217071307393
 10
158.7442311408194
 20
-88.65217071307393
 42
-0.414213562373101
 10
160.1456206675475
 20
-90.05356023980187
 10
160.1456206675475
 20
-156.7094495324087
 42
0.2147381553066509
 10
162.2351381358576
 20
-161.3503682427438
 10
162.98158065493
 20
-162.0112722415352
 42
0.1831818476775726
 10
167.0906736598908
 20
-163.5689640044729
 10
182.5324608340634
 20
-163.5689640044729
 42
0.4142135623730965
 10
188.7310713073348
 20
-157.3703535312012
 10
188.7310713073348
 20
-132.7715143088123
 42
-0.4142135623730891
 10
190.1324608340628
 20
-131.3701247820844
 10
190.4618707318113
 20
-131.3701247820844
 42
-0.414213562373104
 10
191.8632602585394
 20
-132.7715143088123
 10
191.8632602585394
 20
-157.3703535312012
 42
0.4142135623730934
 10
198.0618707318108
 20
-163.5689640044729
 10
214.2501004250553
 20
-163.5689640044729
 42
0.414213562373095
 10
220.4487108983267
 20
-157.3703535312012
 10
220.4487108983267
 20
-34.06649132416954
 42
0.4142135623730965
 10
214.2501004250553
 20
-27.86788085089779
 10
198.0618707318108
 20
-27.86788085089779
 42
0.4142135623730978
 10
191.8632602585394
 20
-34.06649132416954
 10
191.8632602585394
 20
-98.63328461556875
 42
-0.4142135623731011
 10
190.4618707318113
 20
-100.0346741422967
 10
190.1324608340628
 20
-100.0346741422967
 42
-0.4142135623730921
 10
188.7310713073348
 20
-98.63328461556875
 10
188.7310713073348
 20
-34.06649132416954
 42
0.4142135623730978
 10
182.5324608340634
 20
-27.86788085089779
 10
166.3442311408189
 20
-27.86788085089779
 42
0.4142135623730951
 10
160.1456206675475
 20
-34.06649132416954
 10
160.1456206675475
 20
-55.91533054655826
 42
-0.4142135623730921
 10
158.7442311408194
 20
-57.3167200732862
 10
158.4148212430709
 20
-57.3167200732862
 42
-0.4142135623731011
 10
157.0134317163429
 20
-55.91533054655826
 10
157.0134317163429
 20
-34.06649132416954
 42
0.4142135623730951
 10
150.8148212430715
 20
-27.86788085089779
 10
134.626591549827
 20
-27.86788085089779
 42
0.4142135623730944
 10
128.4279810765556
 20
-34.06649132416954
 10
128.4279810765556
 20
-98.63328461556875
 42
-0.4142135623730921
 10
127.0265915498276
 20
-100.0346741422967
 10
126.697181652079
 20
-100.0346741422967
 42
-0.4142135623730921
 10
125.295792125351
 20
-98.63328461556875
 10
125.295792125351
 20
-34.06649132416954
 42
0.4142135623730944
 10
119.0971816520796
 20
-27.86788085089779
 10
102.9089519588351
 20
-27.86788085089779
 42
0.4142135623730965
 10
96.71034148556373
 20
-34.06649132416954
 10
96.71034148556373
 20
-55.91533054655826
 42
-0.4142135623730981
 10
95.30895195883568
 20
-57.3167200732862
 10
94.97954206108715
 20
-57.3167200732862
 42
-0.4142135623730921
 10
93.5781525343591
 20
-55.91533054655826
 10
93.5781525343591
 20
-34.06649132416954
 42
0.4142135623730944
 10
87.37954206108771
 20
-27.86788085089779
 10
71.19131236784324
 20
-27.86788085089779
 42
0.4142135623730958
 10
64.99270189457184
 20
-34.06649132416954
 10
64.99270189457184
 20
-98.63328461556875
 42
-0.4142135623730951
 10
63.59131236784378
 20
-100.0346741422967
 10
63.26190247009527
 20
-100.0346741422967
 42
-0.4142135623730935
 10
61.86051294336721
 20
-98.63328461556875
 10
61.86051294336721
 20
-34.06649132416954
 42
0.4142135623730971
 10
55.66190247009581
 20
-27.86788085089779
 10
39.47367277685135
 20
-27.86788085089779
 42
0.4142135623730956
 10
33.27506230357994
 20
-34.06649132416954
 10
33.27506230357994
 20
-55.91533054655826
 42
-0.4142135623730958
 10
31.87367277685189
 20
-57.3167200732862
 10
31.54426287910337
 20
-57.3167200732862
 42
-0.4142135623730981
 10
30.14287335237532
 20
-55.91533054655826
 10
30.14287335237532
 20
-34.06649132416954
 42
0.4142135623730971
 10
23.94426287910392
 20
-27.86788085089779
 10
7.75603318585945
 20
-27.86788085089779
 42
0.4142135623730944
 10
1.557422712588049
 20
-34.06649132416954
 10
1.557422712588049
 20
-98.63328461556875
 42
-0.4142135623730996
 10
0.1560331858599966
 20
-100.0346741422967
 10
-0.1733767118885225
 20
-100.0346741422967
 42
-0.4142135623730921
 10
-1.574766238616575
 20
-98.63328461556875
 10
-1.574766238616575
 20
-34.06649132416954
 42
0.4142135623730946
 10
-7.773376711887976
 20
-27.86788085089779
 10
-23.96160640513244
 20
-27.86788085089779
 42
0.4142135623730954
 10
-30.16021687840384
 20
-34.06649132416954
 10
-30.16021687840384
 20
-55.91533054655826
 42
-0.4142135623730981
 10
-31.5616064051319
 20
-57.3167200732862
 10
-31.89101630288042
 20
-57.3167200732862
 42
-0.4142135623730981
 10
-33.29240582960847
 20
-55.91533054655826
 10
-33.29240582960847
 20
-34.06649132416954
 42
0.4142135623730944
 10
-39.49101630287987
 20
-27.86788085089779
 10
-55.67924599612434
 20
-27.86788085089779
 42
0.4142135623730958
 10
-61.87785646939573
 20
-34.06649132416954
 10
-61.87785646939573
 20
-98.63328461556875
 42
-0.4142135623730981
 10
-63.27924599612379
 20
-100.0346741422967
 10
-63.60865589387231
 20
-100.0346741422967
 42
-0.4142135623730951
 10
-65.01004542060036
 20
-98.63328461556875
 10
-65.01004542060036
 20
-34.06649132416954
 42
0.4142135623730944
 10
-71.20865589387176
 20
-27.86788085089779
 10
-87.39688558711623
 20
-27.86788085089779
 42
0.4142135623730943
 10
-93.59549606038763
 20
-34.06649132416954
 10
-93.59549606038763
 20
-55.91533054655826
 42
-0.4142135623730891
 10
-94.99688558711568
 20
-57.3167200732862
 10
-95.3262954848642
 20
-57.3167200732862
 42
-0.4142135623730921
 10
-96.72768501159225
 20
-55.91533054655826
 10
-96.72768501159225
 20
-34.06649132416954
 42
0.4142135623730958
 10
-102.9262954848636
 20
-27.86788085089779
 10
-119.1145251781081
 20
-27.86788085089779
 42
0.4142135623730977
 10
-125.3131356513795
 20
-34.06649132416954
 10
-125.3131356513795
 20
-98.63328461556875
 42
-0.414213562373104
 10
-126.7145251781075
 20
-100.0346741422967
 10
-127.0439350758561
 20
-100.0346741422967
 42
-0.4142135623730921
 10
-128.4453246025841
 20
-98.63328461556875
 10
-128.4453246025841
 20
-34.06649132416954
 42
0.4142135623730951
 10
-134.6439350758555
 20
-27.86788085089779
 10
-150.8321647691
 20
-27.86788085089779
 42
0.4142135623730965
 10
-157.0307752423714
 20
-34.06649132416954
 10
-157.0307752423714
 20
-55.91533054655826
 42
-0.4142135623730951
 10
-158.4321647690994
 20
-57.3167200732862
 10
-158.761574666848
 20
-57.3167200732862
 42
-0.4142135623730921
 10
-160.162964193576
 20
-55.91533054655826
 10
-160.162964193576
 20
-34.06649132416987
 42
0.4142135623730924
 10
-166.3615746668479
 20
-27.86788085089779
 10
-182.5498043600914
 20
-27.86788085089779
 42
0.4142135623730978
 10
-188.7484148333635
 20
-34.06649132416987
 10
-188.7484148333635
 20
-154.6203535312011
 42
0.4142135623730939
 10
-182.5498043600917
 20
-160.8189640044729
 10
-166.3615746668476
 20
-160.8189640044729
 42
0.4142135623730952
 10
-160.162964193576
 20
-154.6203535312011
 10
-160.162964193576
 20
-90.05356023980198
 42
-0.4142135623730951
 10
-158.761574666848
 20
-88.65217071307393
 10
-158.4321647690994
 20
-88.65217071307393
 42
-0.4142135623731039
 10
-157.0307752423714
 20
-90.05356023980187
 10
-157.0307752423714
 20
-154.6203535312012
 42
0.414213562373095
 10
-150.8321647691
 20
-160.8189640044729
 10
-134.6439350758555
 20
-160.8189640044729
 42
0.4142135623730937
 10
-128.4453246025841
 20
-154.6203535312012
 10
-128.4453246025841
 20
-132.7715143088123
 42
-0.4142135623730951
 10
-127.0439350758561
 20
-131.3701247820844
 10
-126.7145251781075
 20
-131.3701247820844
 42
-0.4142135623730906
 10
-125.3131356513795
 20
-132.7715143088123
 10
-125.3131356513795
 20
-154.6203535312012
 42
0.4142135623730935
 10
-119.1145251781081
 20
-160.8189640044729
 10
-102.9262954848636
 20
-160.8189640044729
 42
0.414213562373095
 10
-96.72768501159225
 20
-154.6203535312012
 10
-96.72768501159225
 20
-90.05356023980187
 42
-0.4142135623730921
 10
-95.3262954848642
 20
-88.65217071307393
 10
-94.99688558711568
 20
-88.65217071307393
 42
-0.4142135623730921
 10
-93.59549606038763
 20
-90.05356023980187
 10
-93.59549606038763
 20
-154.6203535312012
 42
0.4142135623730956
 10
-87.39688558711623
 20
-160.8189640044729
 10
-71.20865589387176
 20
-160.8189640044729
 42
0.4142135623730944
 10
-65.01004542060036
 20
-154.6203535312012
 10
-65.01004542060036
 20
-132.7715143088123
 42
-0.4142135623730981
 10
-63.60865589387231
 20
-131.3701247820844
 10
-63.27924599612379
 20
-131.3701247820844
 42
-0.4142135623730951
 10
-61.87785646939573
 20
-132.7715143088123
 10
-61.87785646939573
 20
-154.6203535312012
 42
0.4142135623730959
 10
-55.67924599612434
 20
-160.8189640044729
 10
-39.49101630287987
 20
-160.8189640044729
 42
0.4142135623730948
 10
-33.29240582960847
 20
-154.6203535312012
 10
-33.29240582960847
 20
-90.05356023980187
 42
-0.4142135623730906
 10
-31.89101630288042
 20
-88.65217071307393
 10
-31.5616064051319
 20
-88.65217071307393
 42
-0.4142135623730906
 10
-30.16021687840384
 20
-90.05356023980187
 10
-30.16021687840384
 20
-174.9126020663573
 10
-30.16021687839475
 20
-212.9081582420497
 42
-0.41421356237311
 10
-31.5616064051228
 20
-214.3095477687783
 10
-31.89101630287041
 20
-214.3095477687783
 42
-0.4142135623731456
 10
-33.29240582959892
 20
-212.9081582420504
 10
-33.29240582959892
 20
-178.7126020663571
 42
0.4142135623730948
 10
-39.49101630287032
 20
-172.5139915930854
 10
-55.67924599611479
 20
-172.5139915930854
 42
0.4142135623730951
 10
-61.87785646938618
 20
-178.7126020663571
 10
-61.87785646938618
 20
-205.761441288746
 42
-0.4142135623730996
 10
-63.27924599611424
 20
-207.1628308154739
 10
-63.60865589386276
 20
-207.1628308154739
 42
-0.4142135623730981
 10
-65.01004542059082
 20
-205.7614412887459
 10
-65.01004542059082
 20
-178.7126020663571
 42
0.4142135623730955
 10
-71.20865589386221
 20
-172.5139915930854
 10
-87.39688558710668
 20
-172.5139915930854
 42
0.4142135623730951
 10
-93.59549606037807
 20
-178.7126020663571
 10
-93.59549606037807
 20
-253.6793953577564
 42
-0.4142135623730891
 10
-94.99688558710614
 20
-255.0807848844843
 10
-95.32629548485465
 20
-255.0807848844843
 42
-0.4142135623730951
 10
-96.72768501158271
 20
-253.6793953577563
 10
-96.72768501158271
 20
-178.7126020663571
 42
0.4142135623730948
 10
-102.9262954848541
 20
-172.5139915930854
 10
-119.1145251780985
 20
-172.5139915930854
 42
0.4142135623730951
 10
-125.3131356513704
 20
-178.7126020663571
 10
-125.3131356513704
 20
-205.7614412887459
 42
-0.4142135623730877
 10
-126.714525178098
 20
-207.1628308154739
 10
-127.0439350758465
 20
-207.1628308154739
 42
-0.4142135623730891
 10
-128.4453246025741
 20
-205.7614412887459
 10
-128.4453246025741
 20
-178.7126020663571
 42
0.4142135623730935
 10
-134.643935075846
 20
-172.5139915930854
 10
-150.8321647690904
 20
-172.5139915930854
 42
0.4142135623730951
 10
-157.0307752423623
 20
-178.7126020663571
 10
-157.0307752423623
 20
-253.6793953577563
 42
-0.4142135623730981
 10
-158.4321647690899
 20
-255.0807848844843
 10
-158.7615746668384
 20
-255.0807848844843
 42
-0.4142135623730951
 10
-160.1629641935665
 20
-253.6793953577563
 10
-160.1629641935665
 20
-178.7126020663571
 42
0.4142135623730944
 10
-166.3615746668381
 20
-172.5139915930854
 10
-182.5498043600826
 20
-172.5139915930854
 42
0.4142135623730982
 10
-188.7484148333542
 20
-178.7126020663571
 10
-188.7484148333542
 20
-314.8664642733887
 42
0.4142135623730937
 10
-182.5498043600826
 20
-321.0650747466604
 10
-166.3615746668381
 20
-321.0650747466604
 42
0.4142135623730937
 10
-160.1629641935665
 20
-314.8664642733888
 10
-160.1629641935665
 20
-287.817625051
 42
-0.4142135623730921
 10
-158.7615746668384
 20
-286.416235524272
 10
-158.4321647690899
 20
-286.416235524272
 42
-0.4142135623730981
 10
-157.0307752423623
 20
-287.8176250509999
 10
-157.0307752423623
 20
-314.8664642733887
 42
0.4142135623730937
 10
-150.8321647690904
 20
-321.0650747466604
 10
-134.643935075846
 20
-321.0650747466604
 42
0.4142135623730951
 10
-128.4453246025741
 20
-314.8664642733887
 10
-128.4453246025741
 20
-239.8996709819895
 42
-0.4142135623730863
 10
-127.0439350758465
 20
-238.4982814552616
 10
-126.714525178098
 20
-238.4982814552616
 42
-0.4142135623730921
 10
-125.3131356513704
 20
-239.8996709819895
 10
-125.3131356513704
 20
-314.8664642733887
 42
0.4142135623730951
 10
-119.1145251780985
 20
-321.0650747466604
 10
-102.9262954848541
 20
-321.0650747466604
 42
0.4142135623730944
 10
-96.72768501158271
 20
-314.8664642733887
 10
-96.72768501158271
 20
-287.8176250509999
 42
-0.4142135623730921
 10
-95.32629548485465
 20
-286.416235524272
 10
-94.99688558710614
 20
-286.416235524272
 42
-0.4142135623730921
 10
-93.59549606037807
 20
-287.8176250509999
 10
-93.59549606037807
 20
-314.8664642733887
 42
0.4142135623730958
 10
-87.39688558710668
 20
-321.0650747466604
 10
-71.20865589386221
 20
-321.0650747466604
 42
0.4142135623730958
 10
-65.01004542059082
 20
-314.8664642733887
 10
-65.01004542059082
 20
-239.8996709819895
 42
-0.4142135623730951
 10
-63.60865589386276
 20
-238.4982814552616
 10
-63.27924599611424
 20
-238.4982814552616
 42
-0.4142135623730921
 10
-61.87785646938618
 20
-239.8996709819895
 10
-61.87785646938618
 20
-314.8664642733887
 42
0.4142135623730958
 10
-55.67924599611479
 20
-321.0650747466604
 10
-39.49101630287032
 20
-321.0650747466604
 42
0.4142135623730965
 10
-33.29240582959892
 20
-314.8664642733887
 10
-33.29240582959892
 20
-287.8176250509999
 42
-0.4142135623730935
 10
-31.89101630287087
 20
-286.416235524272
 10
-31.56160640512235
 20
-286.416235524272
 42
-0.4142135623730935
 10
-30.1602168783943
 20
-287.8176250509999
 10
-30.1602168783943
 20
-314.8664642733887
 42
0.4142135623730965
 10
-23.96160640512289
 20
-321.0650747466604
 10
3.261956181033838
 20
-321.0650747466604
 42
0.4142135623730965
 10
9.460566654305239
 20
-314.8664642733887
 10
9.460566654305239
 20
-314.5370543756404
 42
0.4142135623730957
 10
3.261956181033838
 20
-308.3384439023687
 10
-0.1733767118785181
 20
-308.3384439023687
 42
-0.4142135623730951
 10
-1.574766238606571
 20
-306.9370543756408
 10
-1.574766238606571
 20
-306.6076444778925
 42
-0.4142135623730877
 10
-0.1733767118785181
 20
-305.2062549511646
 10
3.261956181033838
 20
-305.2062549511646
 42
0.4142135623730951
 10
9.460566654305239
 20
-299.0076444778929
 10
9.460566654305239
 20
-298.6782345801446
 42
0.4142135623730936
 10
3.261956181033838
 20
-292.4796241068729
 10
-0.1733767118785181
 20
-292.4796241068729
 42
-0.4142135623730951
 10
-1.574766238606571
 20
-291.0782345801449
 10
-1.574766238606571
 20
-290.7488246823966
 42
-0.4142135623730913
 10
-0.1733767118785181
 20
-289.3474351556687
 10
3.261956181033838
 20
-289.3474351556687
 42
0.4142135623730951
 10
9.460566654305239
 20
-283.148824682397
 10
9.460566654305239
 20
-282.8194147846488
 42
0.4142135623730951
 10
3.261956181033838
 20
-276.620804311377
 10
-0.1733767118785181
 20
-276.620804311377
 42
-0.4142135623730921
 10
-1.574766238606571
 20
-275.2194147846491
 10
-1.574766238606571
 20
-274.8900048869008
 42
-0.4142135623730913
 10
-0.1733767118785181
 20
-273.4886153601729
 10
3.261956181033838
 20
-273.4886153601729
 42
0.4142135623730951
 10
9.460566654305239
 20
-267.2900048869012
 10
9.460566654305239
 20
-266.9605949891529
 42
0.4142135623730951
 10
3.261956181033838
 20
-260.7619845158812
 10
-0.1733767118785181
 20
-260.7619845158812
 42
-0.4142135623730959
 10
-1.574766238606571
 20
-259.3605949891532
 10
-1.574766238606571
 20
-259.031185091405
 42
-0.4142135623730974
 10
-0.1733767118785181
 20
-257.6297955646771
 10
3.261956181033838
 20
-257.6297955646771
 42
0.4142135623730951
 10
9.460566654305239
 20
-251.4311850914054
 10
9.460566654305239
 20
-251.1017751936571
 42
0.4142135623730951
 10
3.261956181033838
 20
-244.9031647203853
 10
-0.17278660962711
 20
-244.9031647203853
 42
-0.4142135623730951
 10
-1.574176136355163
 20
-243.5017751936574
 10
-1.574176136355163
 20
-240.1461544355685
 42
-0.5237953178792055
 10
0.3198534979546821
 20
-238.8342099512148
 42
0.0916265399671736
 10
11.05008471404699
 20
-240.7476719261168
 10
11.19077597652949
 20
-240.7476719261168
 42
-0.4142135623730948
 10
12.59216550325755
 20
-242.1490614528447
 10
12.59216550325755
 20
-314.8664642733887
 42
0.4142135623730953
 10
18.79077597652895
 20
-321.0650747466604
 10
34.97959577202528
 20
-321.0650747466604
 42
0.4142135623730951
 10
41.17820624529668
 20
-314.8664642733887
 10
41.17820624529668
 20
-287.8176250509999
 42
-0.4142135623730913
 10
42.57959577202472
 20
-286.416235524272
 10
42.90900566977325
 20
-286.416235524272
 42
-0.4142135623730951
 10
44.3103951965013
 20
-287.8176250509999
 10
44.3103951965013
 20
-314.8664642733887
 42
0.4142135623730951
 10
50.5090056697727
 20
-321.0650747466604
 10
66.69723536301717
 20
-321.0650747466604
 42
0.4142135623730958
 10
72.89584583628857
 20
-314.8664642733887
 10
72.89584583628857
 20
-239.8996709819895
 42
-0.4142135623730981
 10
74.29723536301662
 20
-238.4982814552616
 10
74.62664526076514
 20
-238.4982814552616
 42
-0.4142135623730951
 10
76.02803478749319
 20
-239.8996709819895
 10
76.02803478749319
 20
-314.8664642733887
 42
0.4142135623730958
 10
82.2266452607646
 20
-321.0650747466604
 10
98.41487495400906
 20
-321.0650747466604
 42
0.4142135623730971
 10
104.6134854272804
 20
-314.8664642733887
 10
104.6134854272804
 20
-287.8176250509999
 42
-0.4142135623730921
 10
106.0148749540085
 20
-286.416235524272
 10
106.344284851757
 20
-286.416235524272
 42
-0.4142135623730951
 10
107.7456743784851
 20
-287.8176250509999
 10
107.7456743784851
 20
-314.8664642733887
 42
0.4142135623730958
 10
113.9442848517565
 20
-321.0650747466604
 10
130.1325145450009
 20
-321.0650747466604
 42
0.4142135623730965
 10
136.3311250182723
 20
-314.8664642733887
 10
136.3311250182723
 20
-239.8996709819895
 42
-0.4142135623730891
 10
137.7325145450004
 20
-238.4982814552616
 10
138.0619244427489
 20
-238.4982814552616
 42
-0.4142135623730921
 10
139.463313969477
 20
-239.8996709819895
 10
139.463313969477
 20
-314.8664642733887
 42
0.4142135623730965
 10
145.6619244427484
 20
-321.0650747466604
 10
161.8501541359928
 20
-321.0650747466604
 42
0.4142135623730951
 10
168.0487646092642
 20
-314.8664642733887
 10
168.0487646092642
 20
-261.7184089022948
 42
-0.4142135623731617
  0
LWPOLYLINE
  5
A568
330
A51B
100
AcDbEntity
  8
参照
100
AcDbPolyline
 90
      381
 70
     0
 43
0.0
 10
157.7207442382446
 20
-256.9240991769567
 10
157.7207442382446
 20
-306.9370543756406
 42
-0.414213562373139
 10
153.9207442382444
 20
-310.7370543756404
 10
153.5913343404986
 20
-310.7370543756404
 42
-0.4142135623732134
 10
149.7913343404966
 20
-306.9370543756406
 10
149.7913343404966
 20
-231.9702610842417
 42
0.4142135623731387
 10
145.9913343404964
 20
-228.1702610842419
 10
129.8031046472529
 20
-228.1702610842419
 42
0.4142135623731477
 10
126.0031046472527
 20
-231.9702610842417
 10
126.0031046472527
 20
-306.9370543756406
 42
-0.414213562373139
 10
122.2031046472525
 20
-310.7370543756404
 10
121.8736947495067
 20
-310.7370543756404
 42
-0.4142135623732134
 10
118.0736947495047
 20
-306.9370543756406
 10
118.0736947495047
 20
-279.8882151532521
 42
0.4142135623731387
 10
114.2736947495045
 20
-276.0882151532523
 10
98.085465056261
 20
-276.0882151532523
 42
0.4142135623731477
 10
94.28546505626082
 20
-279.8882151532521
 10
94.28546505626082
 20
-306.9370543756406
 42
-0.414213562373139
 10
90.48546505626063
 20
-310.7370543756404
 10
90.15605515851484
 20
-310.7370543756404
 42
-0.4142135623732134
 10
86.35605515851285
 20
-306.9370543756406
 10
86.35605515851285
 20
-231.9702610842417
 42
0.4142135623731387
 10
82.55605515851266
 20
-228.1702610842419
 10
66.36782546526911
 20
-228.1702610842419
 42
0.4142135623731477
 10
62.56782546526892
 20
-231.9702610842417
 10
62.56782546526892
 20
-306.9370543756406
 42
-0.414213562373139
 10
58.76782546526874
 20
-310.7370543756404
 10
58.43841556752295
 20
-310.7370543756404
 42
-0.4142135623732134
 10
54.63841556752095
 20
-306.9370543756406
 10
54.63841556752095
 20
-279.8882151532521
 42
0.4142135623731387
 10
50.83841556752076
 20
-276.0882151532523
 10
34.65018587427721
 20
-276.0882151532523
 42
0.4142135623731477
 10
30.85018587427703
 20
-279.8882151532521
 10
30.85018587427703
 20
-306.9370543756406
 42
-0.414213562373139
 10
27.05018587427685
 20
-310.7370543756404
 10
26.72077597653106
 20
-310.7370543756404
 42
-0.4142135623732134
 10
22.92077597652906
 20
-306.9370543756406
 10
22.92077597652906
 20
-234.2190614528449
 42
0.4142135623731389
 10
19.12077597652887
 20
-230.4190614528449
 10
11.01427975876231
 20
-230.4190614528449
 42
-0.2510017998412165
 10
-5.420996323926374
 20
-221.7769587452049
 42
-0.0186505720460556
 10
-6.81839796463737
 20
-221.3331952742822
 42
0.5192084795076854
 10
-11.90278660962667
 20
-224.9095545695185
 10
-11.90278660962667
 20
-306.9370543756406
 42
-0.414213562373139
 10
-15.70278660962685
 20
-310.7370543756404
 10
-16.03219650737264
 20
-310.7370543756404
 42
-0.4142135623732134
 10
-19.83219650737465
 20
-306.9370543756406
 10
-19.83219650737465
 20
-279.8882151532521
 42
0.4142135623731387
 10
-23.63219650737483
 20
-276.0882151532523
 10
-39.82042620061839
 20
-276.0882151532523
 42
0.4142135623731477
 10
-43.62042620061856
 20
-279.8882151532521
 10
-43.62042620061856
 20
-306.9370543756406
 42
-0.414213562373139
 10
-47.42042620061875
 20
-310.7370543756404
 10
-47.74983609836453
 20
-310.7370543756404
 42
-0.4142135623732134
 10
-51.54983609836654
 20
-306.9370543756406
 10
-51.54983609836654
 20
-231.9702610842417
 42
0.4142135623731387
 10
-55.34983609836672
 20
-228.1702610842419
 10
-71.53806579161027
 20
-228.1702610842419
 42
0.4142135623731477
 10
-75.33806579161046
 20
-231.9702610842417
 10
-75.33806579161046
 20
-306.9370543756406
 42
-0.414213562373139
 10
-79.13806579161065
 20
-310.7370543756404
 10
-79.46747568935643
 20
-310.7370543756404
 42
-0.4142135623732134
 10
-83.26747568935843
 20
-306.9370543756406
 10
-83.26747568935843
 20
-279.8882151532521
 42
0.4142135623731387
 10
-87.06747568935861
 20
-276.0882151532523
 10
-103.2557053826022
 20
-276.0882151532523
 42
0.4142135623731477
 10
-107.0557053826023
 20
-279.8882151532521
 10
-107.0557053826023
 20
-306.9370543756406
 42
-0.414213562373139
 10
-110.8557053826025
 20
-310.7370543756404
 10
-111.1851152803483
 20
-310.7370543756404
 42
-0.4142135623732134
 10
-114.9851152803503
 20
-306.9370543756406
 10
-114.9851152803503
 20
-231.9702610842417
 42
0.4142135623731387
 10
-118.7851152803505
 20
-228.1702610842419
 10
-134.9733449735941
 20
-228.1702610842419
 42
0.4142135623731477
 10
-138.7733449735942
 20
-231.9702610842417
 10
-138.7733449735942
 20
-306.9370543756406
 42
-0.414213562373139
 10
-142.5733449735944
 20
-310.7370543756404
 10
-142.9027548713402
 20
-310.7370543756404
 42
-0.4142135623732134
 10
-146.7027548713422
 20
-306.9370543756406
 10
-146.7027548713422
 20
-279.8882151532521
 42
0.4142135623731387
 10
-150.5027548713424
 20
-276.0882151532523
 10
-166.6909845645864
 20
-276.0882151532523
 42
0.4142135623731346
 10
-170.4909845645864
 20
-279.8882151532521
 10
-170.4909845645864
 20
-306.9370543756406
 42
-0.414213562373126
 10
-174.2909845645863
 20
-310.7370543756405
 10
-174.620394462333
 20
-310.7370543756405
 42
-0.4142135623732396
 10
-178.4203944623343
 20
-306.9370543756406
 10
-178.4203944623343
 20
-186.6420119641053
 42
-0.41421356237313
 10
-174.6203944623344
 20
-182.8420119641054
 10
-174.290984564587
 20
-182.8420119641054
 42
-0.4142135623731872
 10
-170.4909845645864
 20
-186.6420119641053
 10
-170.4909845645864
 20
-261.6088052555042
 42
0.4142135623731259
 10
-166.6909845645864
 20
-265.408805255504
 10
-150.5027548713424
 20
-265.408805255504
 42
0.414213562373139
 10
-146.7027548713422
 20
-261.6088052555042
 10
-146.7027548713422
 20
-186.6420119641053
 42
-0.4142135623731433
 10
-142.902754871342
 20
-182.8420119641054
 10
-142.5733449735953
 20
-182.8420119641054
 42
-0.4142135623732179
 10
-138.7733449735942
 20
-186.6420119641053
 10
-138.7733449735942
 20
-213.6908511864937
 42
0.4142135623731389
 10
-134.9733449735941
 20
-217.4908511864936
 10
-118.7851152803505
 20
-217.4908511864936
 42
0.4142135623731476
 10
-114.9851152803503
 20
-213.6908511864937
 10
-114.9851152803503
 20
-186.6420119641053
 42
-0.4142135623731433
 10
-111.1851152803501
 20
-182.8420119641054
 10
-110.8557053826034
 20
-182.8420119641054
 42
-0.4142135623732179
 10
-107.0557053826023
 20
-186.6420119641053
 10
-107.0557053826023
 20
-261.6088052555042
 42
0.4142135623731389
 10
-103.2557053826022
 20
-265.408805255504
 10
-87.06747568935861
 20
-265.408805255504
 42
0.4142135623731476
 10
-83.26747568935843
 20
-261.6088052555042
 10
-83.26747568935843
 20
-186.6420119641053
 42
-0.4142135623731433
 10
-79.46747568935825
 20
-182.8420119641054
 10
-79.13806579161155
 20
-182.8420119641054
 42
-0.4142135623732179
 10
-75.33806579161046
 20
-186.6420119641053
 10
-75.33806579161046
 20
-213.6908511864937
 42
0.4142135623731389
 10
-71.53806579161027
 20
-217.4908511864936
 10
-55.34983609836672
 20
-217.4908511864936
 42
0.4142135623731476
 10
-51.54983609836654
 20
-213.6908511864937
 10
-51.54983609836654
 20
-186.6420119641053
 42
-0.4142135623731433
 10
-47.74983609836636
 20
-182.8420119641054
 10
-47.42042620061965
 20
-182.8420119641054
 42
-0.4142135623732179
 10
-43.62042620061856
 20
-186.6420119641053
 10
-43.62042620061856
 20
-261.6088052555042
 42
0.4142135623731389
 10
-39.82042620061839
 20
-265.408805255504
 10
-39.49101630287259
 20
-265.408805255504
 42
0.4142135623732134
 10
-35.6910163028706
 20
-261.6088052555042
 10
-35.6910163028706
 20
-228.4375681397981
 42
-0.4142135623731433
 10
-31.89101630287041
 20
-224.6375681397982
 10
-31.56160640512417
 20
-224.6375681397982
 42
-0.4142135623731432
 10
-27.76160640512399
 20
-228.4375681397981
 10
-27.76160640512399
 20
-261.6088052555042
 42
0.4142135623731389
 10
-23.9616064051238
 20
-265.408805255504
 10
-23.63219650737665
 20
-265.408805255504
 42
0.4142135623732134
 10
-19.83219650737465
 20
-261.6088052555042
 10
-19.83219650737465
 20
-82.12415034205401
 42
0.41421356237313
 10
-23.63219650737483
 20
-78.32415034205428
 10
-39.82042620062794
 20
-78.32415034205428
 42
0.414213562373139
 10
-43.62042620062857
 20
-82.12415034205411
 10
-43.62042620062857
 20
-146.690943633453
 42
-0.4142135623731432
 10
-47.4204262006283
 20
-150.4909436334529
 10
-47.74983609837408
 20
-150.4909436334529
 42
-0.4142135623732134
 10
-51.54983609837609
 20
-146.690943633453
 10
-51.54983609837609
 20
-124.8421044110645
 42
0.4142135623731387
 10
-55.34983609837627
 20
-121.0421044110647
 10
-71.53806579161983
 20
-121.0421044110647
 42
0.4142135623731477
 10
-75.33806579162001
 20
-124.8421044110645
 10
-75.33806579162001
 20
-146.690943633453
 42
-0.414213562373139
 10
-79.13806579162019
 20
-150.4909436334529
 10
-79.46747568936598
 20
-150.4909436334529
 42
-0.4142135623732134
 10
-83.26747568936799
 20
-146.690943633453
 10
-83.26747568936799
 20
-82.12415034205401
 42
0.41421356237313
 10
-87.06747568936817
 20
-78.32415034205428
 10
-103.2557053826117
 20
-78.32415034205428
 42
0.414213562373139
 10
-107.0557053826123
 20
-82.12415034205411
 10
-107.0557053826123
 20
-146.690943633453
 42
-0.4142135623731432
 10
-110.8557053826121
 20
-150.4909436334529
 10
-111.1851152803579
 20
-150.4909436334529
 42
-0.4142135623732134
 10
-114.9851152803599
 20
-146.690943633453
 10
-114.9851152803599
 20
-124.8421044110645
 42
0.4142135623731387
 10
-118.78511528036
 20
-121.0421044110647
 10
-134.9733449736036
 20
-121.0421044110647
 42
0.4142135623731477
 10
-138.7733449736038
 20
-124.8421044110645
 10
-138.7733449736038
 20
-146.690943633453
 42
-0.414213562373139
 10
-142.573344973604
 20
-150.4909436334529
 10
-142.9027548713498
 20
-150.4909436334529
 42
-0.4142135623732134
 10
-146.7027548713518
 20
-146.690943633453
 10
-146.7027548713518
 20
-82.12415034205401
 42
0.41421356237313
 10
-150.5027548713519
 20
-78.32415034205428
 10
-166.6909845645957
 20
-78.32415034205428
 42
0.4142135623731038
 10
-170.4909845645957
 20
-82.12415034205411
 10
-170.4909845645957
 20
-146.690943633453
 42
-0.4142135623730995
 10
-174.2909845645956
 20
-150.490943633453
 10
-174.6203944623437
 20
-150.490943633453
 42
-0.4142135623730993
 10
-178.4203944623437
 20
-146.690943633453
 10
-178.4203944623437
 20
-41.99590122191762
 42
-0.4142135623730688
 10
-174.6203944623437
 20
-38.19590122191755
 10
-174.2909845645943
 20
-38.19590122191755
 42
-0.4142135623729989
 10
-170.4909845645957
 20
-41.99590122191773
 10
-170.4909845645957
 20
-63.84474044430612
 42
0.4142135623730687
 10
-166.6909845645957
 20
-67.64474044430619
 10
-150.5027548713519
 20
-67.64474044430619
 42
0.4142135623731302
 10
-146.7027548713513
 20
-63.84474044430612
 10
-146.7027548713513
 20
-41.99590122191773
 42
-0.414213562373139
 10
-142.9027548713516
 20
-38.19590122191789
 10
-142.5733449736062
 20
-38.19590122191789
 42
-0.4142135623732615
 10
-138.7733449736038
 20
-41.99590122191762
 10
-138.7733449736038
 20
-106.5626945133165
 42
0.4142135623731389
 10
-134.9733449736036
 20
-110.3626945133164
 10
-118.78511528036
 20
-110.3626945133164
 42
0.4142135623731476
 10
-114.9851152803599
 20
-106.5626945133165
 10
-114.9851152803599
 20
-41.99590122191762
 42
-0.41421356237313
 10
-111.1851152803597
 20
-38.19590122191789
 10
-110.8557053826143
 20
-38.19590122191789
 42
-0.4142135623732615
 10
-107.0557053826119
 20
-41.99590122191762
 10
-107.0557053826119
 20
-63.84474044430612
 42
0.4142135623731302
 10
-103.2557053826117
 20
-67.64474044430585
 10
-87.06747568936817
 20
-67.64474044430585
 42
0.414213562373139
 10
-83.26747568936752
 20
-63.84474044430601
 10
-83.26747568936752
 20
-41.99590122191773
 42
-0.414213562373139
 10
-79.4674756893678
 20
-38.19590122191789
 10
-79.13806579162247
 20
-38.19590122191789
 42
-0.4142135623732615
 10
-75.33806579162001
 20
-41.99590122191762
 10
-75.33806579162001
 20
-106.5626945133165
 42
0.4142135623731389
 10
-71.53806579161983
 20
-110.3626945133164
 10
-55.34983609837627
 20
-110.3626945133164
 42
0.4142135623731476
 10
-51.54983609837609
 20
-106.5626945133165
 10
-51.54983609837609
 20
-41.99590122191762
 42
-0.41421356237313
 10
-47.7498360983759
 20
-38.19590122191789
 10
-47.42042620063057
 20
-38.19590122191789
 42
-0.4142135623732615
 10
-43.62042620062811
 20
-41.99590122191762
 10
-43.62042620062811
 20
-63.84474044430612
 42
0.4142135623731302
 10
-39.82042620062794
 20
-67.64474044430585
 10
-23.63219650738438
 20
-67.64474044430585
 42
0.414213562373139
 10
-19.83219650738374
 20
-63.84474044430601
 10
-19.83219650738374
 20
-41.99590122191773
 42
-0.414213562373139
 10
-16.03219650738401
 20
-38.19590122191789
 10
-15.70278660963868
 20
-38.19590122191789
 42
-0.4142135623732615
 10
-11.90278660963622
 20
-41.99590122191762
 10
-11.90278660963622
 20
-106.5626945133165
 42
0.4142135623731389
 10
-8.102786609636041
 20
-110.3626945133164
 10
8.085443083607515
 20
-110.3626945133164
 42
0.4142135623731476
 10
11.8854430836077
 20
-106.5626945133165
 10
11.8854430836077
 20
-41.99590122191762
 42
-0.41421356237313
 10
15.68544308360788
 20
-38.19590122191789
 10
16.01485298135321
 20
-38.19590122191789
 42
-0.4142135623732615
 10
19.81485298135567
 20
-41.99590122191762
 10
19.81485298135567
 20
-63.84474044430612
 42
0.4142135623731302
 10
23.61485298135585
 20
-67.64474044430585
 10
39.80308267459941
 20
-67.64474044430585
 42
0.414213562373139
 10
43.60308267460005
 20
-63.84474044430601
 10
43.60308267460005
 20
-41.99590122191773
 42
-0.414213562373139
 10
47.40308267459977
 20
-38.19590122191789
 10
47.7324925723451
 20
-38.19590122191789
 42
-0.4142135623732615
 10
51.53249257234756
 20
-41.99590122191762
 10
51.53249257234756
 20
-106.5626945133165
 42
0.4142135623731389
 10
55.33249257234775
 20
-110.3626945133164
 10
71.5207222655913
 20
-110.3626945133164
 42
0.4142135623731476
 10
75.32072226559148
 20
-106.5626945133165
 10
75.32072226559148
 20
-41.99590122191762
 42
-0.41421356237313
 10
79.12072226559167
 20
-38.19590122191789
 10
79.450132163337
 20
-38.19590122191789
 42
-0.4142135623732615
 10
83.25013216333946
 20
-41.99590122191762
 10
83.25013216333946
 20
-63.84474044430612
 42
0.4142135623731302
 10
87.05013216333965
 20
-67.64474044430585
 10
103.2383618565832
 20
-67.64474044430585
 42
0.414213562373139
 10
107.0383618565838
 20
-63.84474044430601
 10
107.0383618565838
 20
-41.99590122191773
 42
-0.414213562373139
 10
110.8383618565835
 20
-38.19590122191789
 10
111.1677717543289
 20
-38.19590122191789
 42
-0.4142135623732615
 10
114.9677717543313
 20
-41.99590122191762
 10
114.9677717543313
 20
-106.5626945133165
 42
0.4142135623731389
 10
118.7677717543315
 20
-110.3626945133164
 10
134.9560014475751
 20
-110.3626945133164
 42
0.4142135623731476
 10
138.7560014475752
 20
-106.5626945133165
 10
138.7560014475752
 20
-41.99590122191762
 42
-0.41421356237313
 10
142.5560014475754
 20
-38.19590122191789
 10
142.8854113453208
 20
-38.19590122191789
 42
-0.4142135623732615
 10
146.6854113453232
 20
-41.99590122191762
 10
146.6854113453232
 20
-63.84474044430612
 42
0.4142135623731302
 10
150.4854113453234
 20
-67.64474044430585
 10
166.673641038567
 20
-67.64474044430585
 42
0.414213562373139
 10
170.4736410385676
 20
-63.84474044430601
 10
170.4736410385676
 20
-41.99590122191773
 42
-0.414213562373139
 10
174.2736410385673
 20
-38.19590122191789
 10
174.6030509363127
 20
-38.19590122191789
 42
-0.4142135623732615
 10
178.4030509363151
 20
-41.99590122191762
 10
178.4030509363151
 20
-106.5626945133165
 42
0.4142135623731389
 10
182.2030509363153
 20
-110.3626945133164
 10
198.3912806295588
 20
-110.3626945133164
 42
0.4142135623731476
 10
202.1912806295591
 20
-106.5626945133165
 10
202.1912806295591
 20
-41.99590122191762
 42
-0.41421356237313
 10
205.9912806295592
 20
-38.19590122191789
 10
206.3206905273046
 20
-38.19590122191789
 42
-0.4142135623732615
 10
210.120690527307
 20
-41.99590122191762
 10
210.120690527307
 20
-149.440943633453
 42
-0.414213562373139
 10
206.3206905273069
 20
-153.2409436334529
 10
205.991280629561
 20
-153.2409436334529
 42
-0.4142135623732134
 10
202.1912806295591
 20
-149.440943633453
 10
202.1912806295591
 20
-124.8421044110645
 42
0.4142135623731387
 10
198.3912806295588
 20
-121.0421044110647
 10
182.2030509363153
 20
-121.0421044110647
 42
0.4142135623731477
 10
178.4030509363151
 20
-124.8421044110645
 10
178.4030509363151
 20
-149.440943633453
 42
-0.414213562373139
 10
174.6030509363149
 20
-153.2409436334529
 10
174.2736410385691
 20
-153.2409436334529
 42
-0.4142135623732134
 10
170.4736410385671
 20
-149.440943633453
 10
170.4736410385671
 20
-82.12415034205401
 42
0.41421356237313
 10
166.673641038567
 20
-78.32415034205428
 10
150.4854113453234
 20
-78.32415034205428
 42
0.414213562373139
 10
146.6854113453228
 20
-82.12415034205411
 10
146.6854113453228
 20
-146.690943633453
 42
-0.4142135623731432
 10
142.885411345323
 20
-150.4909436334529
 10
142.5560014475772
 20
-150.4909436334529
 42
-0.4142135623732134
 10
138.7560014475752
 20
-146.690943633453
 10
138.7560014475752
 20
-124.8421044110645
 42
0.4142135623731387
 10
134.9560014475751
 20
-121.0421044110647
 10
118.7677717543315
 20
-121.0421044110647
 42
0.4142135623731477
 10
114.9677717543313
 20
-124.8421044110645
 10
114.9677717543313
 20
-146.690943633453
 42
-0.414213562373139
 10
111.1677717543311
 20
-150.4909436334529
 10
110.8383618565853
 20
-150.4909436334529
 42
-0.4142135623732134
 10
107.0383618565833
 20
-146.690943633453
 10
107.0383618565833
 20
-82.12415034205401
 42
0.41421356237313
 10
103.2383618565832
 20
-78.32415034205428
 10
87.05013216333965
 20
-78.32415034205428
 42
0.414213562373139
 10
83.250132163339
 20
-82.12415034205411
 10
83.250132163339
 20
-146.690943633453
 42
-0.4142135623731432
 10
79.45013216333927
 20
-150.4909436334529
 10
79.12072226559349
 20
-150.4909436334529
 42
-0.4142135623732134
 10
75.32072226559148
 20
-146.690943633453
 10
75.32072226559148
 20
-124.8421044110645
 42
0.4142135623731387
 10
71.5207222655913
 20
-121.0421044110647
 10
55.33249257234775
 20
-121.0421044110647
 42
0.4142135623731477
 10
51.53249257234756
 20
-124.8421044110645
 10
51.53249257234756
 20
-146.690943633453
 42
-0.414213562373139
 10
47.73249257234738
 20
-150.4909436334529
 10
47.40308267460159
 20
-150.4909436334529
 42
-0.4142135623732134
 10
43.60308267459958
 20
-146.690943633453
 10
43.60308267459958
 20
-82.12415034205401
 42
0.41421356237313
 10
39.80308267459941
 20
-78.32415034205428
 10
23.61485298135585
 20
-78.32415034205428
 42
0.414213562373139
 10
19.81485298135521
 20
-82.12415034205411
 10
19.81485298135521
 20
-146.690943633453
 42
-0.4142135623731432
 10
16.01485298135549
 20
-150.4909436334529
 10
15.68544308360969
 20
-150.4909436334529
 42
-0.4142135623732134
 10
11.8854430836077
 20
-146.690943633453
 10
11.8854430836077
 20
-124.8421044110645
 42
0.4142135623731387
 10
8.085443083607515
 20
-121.0421044110647
 10
-8.102786609626491
 20
-121.0421044110647
 42
0.4142135623731477
 10
-11.90278660962667
 20
-124.8421044110645
 10
-11.90278660962667
 20
-186.8537636678959
 42
0.1341989024282071
 10
-10.33198336083478
 20
-192.8361990061088
 42
-0.2679374360512652
 10
-10.33198336083478
 20
-196.6360546153456
 42
0.131646918090988
 10
-11.90337671187853
 20
-202.5008317596007
 10
-11.90337671187853
 20
-202.8302416573489
 42
0.3651835212180198
 10
-2.160766119852723
 20
-214.3906561542895
 42
-0.2303579094387481
 10
0.5394441179496426
 20
-216.3308852342278
 42
0.2783502702975645
 10
10.9796143750259
 20
-222.4890614528448
 10
14.9805144732577
 20
-222.4890614528448
 42
-0.1320720471765081
 10
16.88594027601903
 20
-223.0013034766293
 42
0.1320720471763987
 10
18.79136607878126
 20
-223.5135455004134
 10
19.12077597652887
 20
-223.5135455004134
 42
0.414213562373139
 10
22.92077597652906
 20
-219.7135455004134
 10
22.92077597652906
 20
-186.6420119641053
 42
-0.4142135623731433
 10
26.72077597652924
 20
-182.8420119641054
 10
27.05018587427594
 20
-182.8420119641054
 42
-0.4142135623731827
 10
30.85018587427658
 20
-186.6420119641053
 10
30.85018587427658
 20
-261.6088052555042
 42
0.4142135623731433
 10
34.65018587427721
 20
-265.4088052555041
 10
50.83841556752076
 20
-265.4088052555041
 42
0.414213562373139
 10
54.63841556752095
 20
-261.6088052555042
 10
54.63841556752095
 20
-186.6420119641053
 42
-0.4142135623731433
 10
58.43841556752114
 20
-182.8420119641054
 10
58.76782546526783
 20
-182.8420119641054
 42
-0.4142135623731827
 10
62.56782546526847
 20
-186.6420119641053
 10
62.56782546526847
 20
-213.6908511864938
 42
0.41421356237306
 10
66.36782546526865
 20
-217.490851186494
 10
82.55605515851312
 20
-217.490851186494
 42
0.41421356237306
 10
86.35605515851285
 20
-213.6908511864937
 10
86.35605515851285
 20
-186.6420119641053
 42
-0.4142135623731433
 10
90.15605515851303
 20
-182.8420119641054
 10
90.48546505625973
 20
-182.8420119641054
 42
-0.4142135623731827
 10
94.28546505626036
 20
-186.6420119641053
 10
94.28546505626036
 20
-261.6088052555042
 42
0.4142135623731433
 10
98.085465056261
 20
-265.4088052555041
 10
114.2736947495045
 20
-265.4088052555041
 42
0.414213562373139
 10
118.0736947495047
 20
-261.6088052555042
 10
118.0736947495047
 20
-186.6420119641053
 42
-0.4142135623731433
 10
121.8736947495049
 20
-182.8420119641054
 10
122.2031046472516
 20
-182.8420119641054
 42
-0.4142135623731827
 10
126.0031046472522
 20
-186.6420119641053
 10
126.0031046472522
 20
-213.6908511864938
 42
0.41421356237306
 10
129.8031046472524
 20
-217.490851186494
 10
145.9913343404969
 20
-217.490851186494
 42
0.41421356237306
 10
149.7913343404966
 20
-213.6908511864937
 10
149.7913343404966
 20
-186.6420119641053
 42
-0.4142135623731433
 10
153.5913343404968
 20
-182.8420119641054
 10
153.9207442382435
 20
-182.8420119641054
 42
-0.4142135623731827
 10
157.7207442382441
 20
-186.6420119641053
 10
157.7207442382441
 20
-238.5127186276327
  0
LWPOLYLINE
  5
A569
330
A51B
100
AcDbEntity
  8
参照
100
AcDbPolyline
 90
      422
 70
     0
 43
0.0
 10
165.6501541359926
 20
-262.7184089022955
 10
165.6501541359926
 20
-314.8664642733885
 42
-0.4142135623731432
 10
161.8501541359924
 20
-318.6664642733885
 10
145.6619244427488
 20
-318.6664642733885
 42
-0.4142135623731433
 10
141.8619244427486
 20
-314.8664642733885
 10
141.8619244427486
 20
-239.8996709819897
 42
0.4142135623731387
 10
138.0619244427484
 20
-236.0996709819897
 10
137.7325145450008
 20
-236.0996709819897
 42
0.414213562373139
 10
133.9325145450007
 20
-239.8996709819896
 10
133.9325145450007
 20
-314.8664642733885
 42
-0.4142135623731432
 10
130.1325145450005
 20
-318.6664642733885
 10
113.9442848517569
 20
-318.6664642733885
 42
-0.4142135623731433
 10
110.1442848517567
 20
-314.8664642733885
 10
110.1442848517567
 20
-287.8176250510001
 42
0.4142135623731387
 10
106.3442848517565
 20
-284.0176250510001
 10
106.014874954009
 20
-284.0176250510001
 42
0.414213562373139
 10
102.2148749540088
 20
-287.8176250510001
 10
102.2148749540088
 20
-314.8664642733885
 42
-0.4142135623731432
 10
98.41487495400862
 20
-318.6664642733885
 10
82.22664526076504
 20
-318.6664642733885
 42
-0.4142135623731433
 10
78.42664526076487
 20
-314.8664642733885
 10
78.42664526076487
 20
-239.8996709819897
 42
0.4142135623731387
 10
74.62664526076469
 20
-236.0996709819897
 10
74.29723536301708
 20
-236.0996709819897
 42
0.414213562373139
 10
70.4972353630169
 20
-239.8996709819896
 10
70.4972353630169
 20
-314.8664642733885
 42
-0.4142135623731432
 10
66.69723536301671
 20
-318.6664642733885
 10
50.50900566977316
 20
-318.6664642733885
 42
-0.4142135623731433
 10
46.70900566977297
 20
-314.8664642733885
 10
46.70900566977297
 20
-287.8176250510001
 42
0.4142135623731387
 10
42.90900566977279
 20
-284.0176250510001
 10
42.57959577202519
 20
-284.0176250510001
 42
0.414213562373139
 10
38.77959577202501
 20
-287.8176250510001
 10
38.77959577202501
 20
-314.8664642733885
 42
-0.4142135623731432
 10
34.97959577202482
 20
-318.6664642733885
 10
18.7907759765294
 20
-318.6664642733885
 42
-0.4142135623731433
 10
14.99077597652922
 20
-314.8664642733885
 10
14.99077597652922
 20
-242.1490614528449
 42
0.4142135623731432
 10
11.19077597652904
 20
-238.3490614528449
 10
11.04240421801478
 20
-238.3490614528449
 42
-0.0916938544913514
 10
1.163053549803407
 20
-236.5886931120324
 42
0.5237953178791851
 10
-3.972786609626837
 20
-240.1461544355683
 10
-3.972786609626837
 20
-243.5017751936572
 42
0.414213562373139
 10
-0.1727866096266553
 20
-247.3017751936573
 10
3.261956181033383
 20
-247.3017751936573
 42
-0.4142135623731387
 10
7.061956181033565
 20
-251.1017751936573
 10
7.061956181033565
 20
-251.4311850914051
 42
-0.4142135623731432
 10
3.261956181033383
 20
-255.2311850914052
 10
-0.1733767118780634
 20
-255.2311850914052
 42
0.4142135623731433
 10
-3.973376711878245
 20
-259.0311850914052
 10
-3.973376711878245
 20
-259.360594989153
 42
0.414213562373139
 10
-0.1733767118780634
 20
-263.1605949891531
 10
3.261956181033383
 20
-263.1605949891531
 42
-0.4142135623731387
 10
7.061956181033565
 20
-266.9605949891531
 10
7.061956181033565
 20
-267.290004886901
 42
-0.4142135623731432
 10
3.261956181033383
 20
-271.090004886901
 10
-0.1733767118780634
 20
-271.090004886901
 42
0.4142135623731433
 10
-3.973376711878245
 20
-274.890004886901
 10
-3.973376711878245
 20
-275.2194147846489
 42
0.414213562373139
 10
-0.1733767118780634
 20
-279.0194147846489
 10
3.261956181033383
 20
-279.0194147846489
 42
-0.4142135623731387
 10
7.061956181033565
 20
-282.819414784649
 10
7.061956181033565
 20
-283.1488246823968
 42
-0.4142135623731432
 10
3.261956181033383
 20
-286.9488246823968
 10
-0.1733767118780634
 20
-286.9488246823968
 42
0.4142135623731433
 10
-3.973376711878245
 20
-290.7488246823969
 10
-3.973376711878245
 20
-291.0782345801447
 42
0.414213562373139
 10
-0.1733767118780634
 20
-294.8782345801447
 10
3.261956181033383
 20
-294.8782345801447
 42
-0.4142135623731387
 10
7.061956181033565
 20
-298.6782345801448
 10
7.061956181033565
 20
-299.0076444778927
 42
-0.4142135623731432
 10
3.261956181033383
 20
-302.8076444778927
 10
-0.1733767118780634
 20
-302.8076444778927
 42
0.4142135623731433
 10
-3.973376711878245
 20
-306.6076444778927
 10
-3.973376711878245
 20
-306.9370543756405
 42
0.414213562373139
 10
-0.1733767118780634
 20
-310.7370543756406
 10
3.261956181033383
 20
-310.7370543756406
 42
-0.4142135623731387
 10
7.061956181033565
 20
-314.5370543756407
 10
7.061956181033565
 20
-314.8664642733885
 42
-0.4142135623731432
 10
3.261956181033383
 20
-318.6664642733885
 10
-23.96160640512244
 20
-318.6664642733885
 42
-0.4142135623731433
 10
-27.76160640512262
 20
-314.8664642733885
 10
-27.76160640512262
 20
-287.8176250510001
 42
0.4142135623731387
 10
-31.5616064051228
 20
-284.0176250510001
 10
-31.89101630287041
 20
-284.0176250510001
 42
0.414213562373139
 10
-35.6910163028706
 20
-287.8176250510001
 10
-35.6910163028706
 20
-314.8664642733885
 42
-0.4142135623731432
 10
-39.49101630287078
 20
-318.6664642733885
 10
-55.67924599611433
 20
-318.6664642733885
 42
-0.4142135623731433
 10
-59.47924599611451
 20
-314.8664642733885
 10
-59.47924599611451
 20
-239.8996709819897
 42
0.4142135623731387
 10
-63.2792459961147
 20
-236.0996709819897
 10
-63.6086558938623
 20
-236.0996709819897
 42
0.414213562373139
 10
-67.40865589386249
 20
-239.8996709819896
 10
-67.40865589386249
 20
-314.8664642733885
 42
-0.4142135623731432
 10
-71.20865589386267
 20
-318.6664642733885
 10
-87.39688558710623
 20
-318.6664642733885
 42
-0.4142135623731433
 10
-91.1968855871064
 20
-314.8664642733885
 10
-91.1968855871064
 20
-287.8176250510001
 42
0.4142135623731387
 10
-94.99688558710658
 20
-284.0176250510001
 10
-95.3262954848542
 20
-284.0176250510001
 42
0.414213562373139
 10
-99.12629548485439
 20
-287.8176250510001
 10
-99.12629548485439
 20
-314.8664642733885
 42
-0.4142135623731432
 10
-102.9262954848545
 20
-318.6664642733885
 10
-119.1145251780981
 20
-318.6664642733885
 42
-0.4142135623731433
 10
-122.9145251780983
 20
-314.8664642733885
 10
-122.9145251780983
 20
-239.8996709819897
 42
0.4142135623731387
 10
-126.7145251780985
 20
-236.0996709819897
 10
-127.0439350758461
 20
-236.0996709819897
 42
0.414213562373139
 10
-130.8439350758463
 20
-239.8996709819896
 10
-130.8439350758463
 20
-314.8664642733885
 42
-0.4142135623731432
 10
-134.6439350758464
 20
-318.6664642733885
 10
-150.83216476909
 20
-318.6664642733885
 42
-0.4142135623731433
 10
-154.6321647690902
 20
-314.8664642733885
 10
-154.6321647690902
 20
-287.8176250510001
 42
0.4142135623731387
 10
-158.4321647690904
 20
-284.0176250510001
 10
-158.7615746668384
 20
-284.0176250510001
 42
0.4142135623731083
 10
-162.5615746668384
 20
-287.8176250510001
 10
-162.5615746668384
 20
-314.8664642733885
 42
-0.4142135623731302
 10
-166.3615746668383
 20
-318.6664642733885
 10
-182.5498043600823
 20
-318.6664642733885
 42
-0.4142135623731302
 10
-186.3498043600823
 20
-314.8664642733885
 10
-186.3498043600823
 20
-178.7126020663573
 42
-0.41421356237313
 10
-182.5498043600823
 20
-174.9126020663573
 10
-166.3615746668383
 20
-174.9126020663573
 42
-0.4142135623731302
 10
-162.5615746668384
 20
-178.7126020663573
 10
-162.5615746668384
 20
-253.6793953577562
 42
0.4142135623731082
 10
-158.7615746668384
 20
-257.4793953577562
 10
-158.4321647690904
 20
-257.4793953577562
 42
0.414213562373139
 10
-154.6321647690902
 20
-253.6793953577562
 10
-154.6321647690902
 20
-178.7126020663573
 42
-0.4142135623731433
 10
-150.83216476909
 20
-174.9126020663573
 10
-134.6439350758464
 20
-174.9126020663573
 42
-0.4142135623731432
 10
-130.8439350758463
 20
-178.7126020663573
 10
-130.8439350758463
 20
-205.7614412887457
 42
0.414213562373139
 10
-127.0439350758461
 20
-209.5614412887457
 10
-126.7145251780985
 20
-209.5614412887457
 42
0.414213562373139
 10
-122.9145251780983
 20
-205.7614412887458
 10
-122.9145251780983
 20
-178.7126020663573
 42
-0.4142135623731433
 10
-119.1145251780981
 20
-174.9126020663573
 10
-102.9262954848545
 20
-174.9126020663573
 42
-0.4142135623731432
 10
-99.12629548485439
 20
-178.7126020663573
 10
-99.12629548485439
 20
-253.6793953577561
 42
0.414213562373139
 10
-95.3262954848542
 20
-257.4793953577562
 10
-94.99688558710658
 20
-257.4793953577562
 42
0.414213562373139
 10
-91.1968855871064
 20
-253.6793953577562
 10
-91.1968855871064
 20
-178.7126020663573
 42
-0.4142135623731433
 10
-87.39688558710623
 20
-174.9126020663573
 10
-71.20865589386267
 20
-174.9126020663573
 42
-0.4142135623731432
 10
-67.40865589386249
 20
-178.7126020663573
 10
-67.40865589386249
 20
-205.7614412887457
 42
0.414213562373139
 10
-63.6086558938623
 20
-209.5614412887457
 10
-63.2792459961147
 20
-209.5614412887457
 42
0.414213562373139
 10
-59.47924599611451
 20
-205.7614412887458
 10
-59.47924599611451
 20
-178.7126020663573
 42
-0.4142135623731433
 10
-55.67924599611433
 20
-174.9126020663573
 10
-39.49101630287078
 20
-174.9126020663573
 42
-0.4142135623731432
 10
-35.6910163028706
 20
-178.7126020663573
 10
-35.6910163028706
 20
-212.9081582420502
 42
0.4142135623731389
 10
-31.89101630287041
 20
-216.7081582420503
 10
-31.56160640512326
 20
-216.7081582420503
 42
0.4142135623731213
 10
-27.76160640512308
 20
-212.9081582420498
 10
-27.76160640513217
 20
-174.9126020663573
 10
-27.76160640513217
 20
-90.05356023980198
 42
0.4142135623731302
 10
-31.56160640513235
 20
-86.25356023980202
 10
-31.89101630287996
 20
-86.25356023980202
 42
0.4142135623731301
 10
-35.69101630288014
 20
-90.05356023980198
 10
-35.69101630288014
 20
-154.620353531201
 42
-0.4142135623731432
 10
-39.49101630288033
 20
-158.420353531201
 10
-55.67924599612388
 20
-158.420353531201
 42
-0.4142135623731433
 10
-59.47924599612406
 20
-154.620353531201
 10
-59.47924599612406
 20
-132.7715143088125
 42
0.4142135623731387
 10
-63.27924599612424
 20
-128.9715143088125
 10
-63.60865589387185
 20
-128.9715143088125
 42
0.414213562373139
 10
-67.40865589387204
 20
-132.7715143088124
 10
-67.40865589387204
 20
-154.620353531201
 42
-0.4142135623731432
 10
-71.20865589387221
 20
-158.420353531201
 10
-87.39688558711577
 20
-158.420353531201
 42
-0.4142135623731433
 10
-91.19688558711596
 20
-154.620353531201
 10
-91.19688558711596
 20
-90.05356023980198
 42
0.4142135623731302
 10
-94.99688558711614
 20
-86.25356023980202
 10
-95.32629548486374
 20
-86.25356023980202
 42
0.4142135623731301
 10
-99.12629548486393
 20
-90.05356023980198
 10
-99.12629548486393
 20
-154.620353531201
 42
-0.4142135623731432
 10
-102.9262954848641
 20
-158.420353531201
 10
-119.1145251781076
 20
-158.420353531201
 42
-0.4142135623731433
 10
-122.9145251781078
 20
-154.620353531201
 10
-122.9145251781078
 20
-132.7715143088125
 42
0.4142135623731387
 10
-126.714525178108
 20
-128.9715143088125
 10
-127.0439350758556
 20
-128.9715143088125
 42
0.414213562373139
 10
-130.8439350758558
 20
-132.7715143088124
 10
-130.8439350758558
 20
-154.620353531201
 42
-0.4142135623731432
 10
-134.643935075856
 20
-158.420353531201
 10
-150.8321647690995
 20
-158.420353531201
 42
-0.4142135623731433
 10
-154.6321647690997
 20
-154.620353531201
 10
-154.6321647690997
 20
-90.05356023980198
 42
0.4142135623731302
 10
-158.4321647690999
 20
-86.25356023980202
 10
-158.7615746668475
 20
-86.25356023980202
 42
0.41421356237313
 10
-162.5615746668479
 20
-90.05356023980198
 10
-162.5615746668479
 20
-154.620353531201
 42
-0.4142135623731039
 10
-166.3615746668476
 20
-158.420353531201
 10
-182.5498043600917
 20
-158.420353531201
 42
-0.4142135623731037
 10
-186.3498043600916
 20
-154.620353531201
 10
-186.3498043600916
 20
-34.06649132416965
 42
-0.4142135623730688
 10
-182.5498043600917
 20
-30.26649132416969
 10
-166.3615746668476
 20
-30.26649132416969
 42
-0.4142135623730688
 10
-162.5615746668477
 20
-34.06649132416965
 10
-162.5615746668477
 20
-55.91533054655815
 42
0.4142135623731303
 10
-158.7615746668475
 20
-59.71533054655811
 10
-158.4321647690999
 20
-59.71533054655811
 42
0.4142135623731302
 10
-154.6321647690997
 20
-55.91533054655815
 10
-154.6321647690997
 20
-34.06649132416965
 42
-0.41421356237313
 10
-150.8321647690995
 20
-30.26649132416969
 10
-134.643935075856
 20
-30.26649132416969
 42
-0.41421356237313
 10
-130.8439350758558
 20
-34.06649132416965
 10
-130.8439350758558
 20
-98.63328461556854
 42
0.414213562373139
 10
-127.0439350758556
 20
-102.4332846155686
 10
-126.714525178108
 20
-102.4332846155686
 42
0.414213562373139
 10
-122.9145251781078
 20
-98.63328461556859
 10
-122.9145251781078
 20
-34.06649132416965
 42
-0.41421356237313
 10
-119.1145251781076
 20
-30.26649132416969
 10
-102.9262954848641
 20
-30.26649132416969
 42
-0.41421356237313
 10
-99.12629548486393
 20
-34.06649132416965
 10
-99.12629548486393
 20
-55.91533054655815
 42
0.4142135623731303
 10
-95.32629548486374
 20
-59.71533054655811
 10
-94.99688558711614
 20
-59.71533054655811
 42
0.4142135623731302
 10
-91.19688558711596
 20
-55.91533054655815
 10
-91.19688558711596
 20
-34.06649132416965
 42
-0.41421356237313
 10
-87.39688558711577
 20
-30.26649132416969
 10
-71.20865589387221
 20
-30.26649132416969
 42
-0.41421356237313
 10
-67.40865589387204
 20
-34.06649132416965
 10
-67.40865589387204
 20
-98.63328461556854
 42
0.414213562373139
 10
-63.60865589387185
 20
-102.4332846155686
 10
-63.27924599612424
 20
-102.4332846155686
 42
0.414213562373139
 10
-59.47924599612406
 20
-98.63328461556859
 10
-59.47924599612406
 20
-34.06649132416965
 42
-0.41421356237313
 10
-55.67924599612388
 20
-30.26649132416969
 10
-39.49101630288033
 20
-30.26649132416969
 42
-0.41421356237313
 10
-35.69101630288014
 20
-34.06649132416965
 10
-35.69101630288014
 20
-55.91533054655815
 42
0.4142135623731303
 10
-31.89101630287996
 20
-59.71533054655811
 10
-31.56160640513235
 20
-59.71533054655811
 42
0.4142135623731302
 10
-27.76160640513217
 20
-55.91533054655815
 10
-27.76160640513217
 20
-34.06649132416965
 42
-0.41421356237313
 10
-23.96160640513199
 20
-30.26649132416969
 10
-7.773376711888431
 20
-30.26649132416969
 42
-0.41421356237313
 10
-3.973376711888249
 20
-34.06649132416965
 10
-3.973376711888249
 20
-98.63328461556854
 42
0.414213562373139
 10
-0.1733767118880678
 20
-102.4332846155686
 10
0.1560331858595418
 20
-102.4332846155686
 42
0.414213562373139
 10
3.956033185859723
 20
-98.63328461556859
 10
3.956033185859723
 20
-34.06649132416965
 42
-0.41421356237313
 10
7.756033185859905
 20
-30.26649132416969
 10
23.94426287910346
 20
-30.26649132416969
 42
-0.41421356237313
 10
27.74426287910364
 20
-34.06649132416965
 10
27.74426287910364
 20
-55.91533054655815
 42
0.4142135623731303
 10
31.54426287910383
 20
-59.71533054655811
 10
31.87367277685144
 20
-59.71533054655811
 42
0.4142135623731302
 10
35.67367277685162
 20
-55.91533054655815
 10
35.67367277685162
 20
-34.06649132416965
 42
-0.41421356237313
 10
39.4736727768518
 20
-30.26649132416969
 10
55.66190247009536
 20
-30.26649132416969
 42
-0.41421356237313
 10
59.46190247009553
 20
-34.06649132416965
 10
59.46190247009553
 20
-98.63328461556854
 42
0.414213562373139
 10
63.26190247009572
 20
-102.4332846155686
 10
63.59131236784333
 20
-102.4332846155686
 42
0.414213562373139
 10
67.39131236784351
 20
-98.63328461556859
 10
67.39131236784351
 20
-34.06649132416965
 42
-0.41421356237313
 10
71.19131236784369
 20
-30.26649132416969
 10
87.37954206108724
 20
-30.26649132416969
 42
-0.41421356237313
 10
91.17954206108743
 20
-34.06649132416965
 10
91.17954206108743
 20
-55.91533054655815
 42
0.4142135623731303
 10
94.97954206108762
 20
-59.71533054655811
 10
95.30895195883521
 20
-59.71533054655811
 42
0.4142135623731302
 10
99.1089519588354
 20
-55.91533054655815
 10
99.1089519588354
 20
-34.06649132416965
 42
-0.41421356237313
 10
102.9089519588356
 20
-30.26649132416969
 10
119.0971816520791
 20
-30.26649132416969
 42
-0.41421356237313
 10
122.8971816520793
 20
-34.06649132416965
 10
122.8971816520793
 20
-98.63328461556854
 42
0.414213562373139
 10
126.6971816520795
 20
-102.4332846155686
 10
127.0265915498271
 20
-102.4332846155686
 42
0.414213562373139
 10
130.8265915498273
 20
-98.63328461556859
 10
130.8265915498273
 20
-34.06649132416965
 42
-0.41421356237313
 10
134.6265915498275
 20
-30.26649132416969
 10
150.814821243071
 20
-30.26649132416969
 42
-0.41421356237313
 10
154.6148212430712
 20
-34.06649132416965
 10
154.6148212430712
 20
-55.91533054655815
 42
0.4142135623731303
 10
158.4148212430714
 20
-59.71533054655811
 10
158.744231140819
 20
-59.71533054655811
 42
0.4142135623731302
 10
162.5442311408192
 20
-55.91533054655815
 10
162.5442311408192
 20
-34.06649132416965
 42
-0.41421356237313
 10
166.3442311408194
 20
-30.26649132416969
 10
182.5324608340629
 20
-30.26649132416969
 42
-0.41421356237313
 10
186.3324608340631
 20
-34.06649132416965
 10
186.3324608340631
 20
-98.63328461556854
 42
0.414213562373139
 10
190.1324608340633
 20
-102.4332846155686
 10
190.4618707318109
 20
-102.4332846155686
 42
0.414213562373139
 10
194.2618707318111
 20
-98.63328461556859
 10
194.2618707318111
 20
-34.06649132416965
 42
-0.41421356237313
 10
198.0618707318113
 20
-30.26649132416969
 10
214.2501004250548
 20
-30.26649132416969
 42
-0.41421356237313
 10
218.050100425055
 20
-34.06649132416965
 10
218.050100425055
 20
-157.370353531201
 42
-0.4142135623731432
 10
214.2501004250548
 20
-161.170353531201
 10
198.0618707318113
 20
-161.170353531201
 42
-0.4142135623731433
 10
194.2618707318111
 20
-157.370353531201
 10
194.2618707318111
 20
-132.7715143088125
 42
0.4142135623731387
 10
190.4618707318109
 20
-128.9715143088125
 10
190.1324608340633
 20
-128.9715143088125
 42
0.414213562373139
 10
186.3324608340631
 20
-132.7715143088124
 10
186.3324608340631
 20
-157.370353531201
 42
-0.4142135623731432
 10
182.5324608340629
 20
-161.170353531201
 10
167.0906736598913
 20
-161.170353531201
 42
-0.1831818476776281
 10
164.5716327415784
 20
-160.2154252090088
 10
163.8251902225061
 20
-159.5545212102172
 42
-0.2147381553065565
 10
162.5442311408192
 20
-156.7094495324094
 10
162.5442311408192
 20
-90.05356023980198
 42
0.4142135623731302
 10
158.744231140819
 20
-86.25356023980202
 10
158.4148212430714
 20
-86.25356023980202
 42
0.4142135623731301
 10
154.6148212430712
 20
-90.05356023980198
 10
154.6148212430712
 20
-154.620353531201
 42
-0.4142135623731432
 10
150.814821243071
 20
-158.420353531201
 10
134.6265915498275
 20
-158.420353531201
 42
-0.4142135623731433
 10
130.8265915498273
 20
-154.620353531201
 10
130.8265915498273
 20
-132.7715143088125
 42
0.4142135623731387
 10
127.0265915498271
 20
-128.9715143088125
 10
126.6971816520795
 20
-128.9715143088125
 42
0.414213562373139
 10
122.8971816520793
 20
-132.7715143088124
 10
122.8971816520793
 20
-154.620353531201
 42
-0.4142135623731432
 10
119.0971816520791
 20
-158.420353531201
 10
102.9089519588356
 20
-158.420353531201
 42
-0.4142135623731433
 10
99.1089519588354
 20
-154.620353531201
 10
99.1089519588354
 20
-90.05356023980198
 42
0.4142135623731302
 10
95.30895195883521
 20
-86.25356023980202
 10
94.97954206108762
 20
-86.25356023980202
 42
0.4142135623731301
 10
91.17954206108743
 20
-90.05356023980198
 10
91.17954206108743
 20
-154.620353531201
 42
-0.4142135623731432
 10
87.37954206108724
 20
-158.420353531201
 10
71.19131236784369
 20
-158.420353531201
 42
-0.4142135623731433
 10
67.39131236784351
 20
-154.620353531201
 10
67.39131236784351
 20
-132.7715143088125
 42
0.4142135623731387
 10
63.59131236784333
 20
-128.9715143088125
 10
63.26190247009572
 20
-128.9715143088125
 42
0.414213562373139
 10
59.46190247009553
 20
-132.7715143088124
 10
59.46190247009553
 20
-154.620353531201
 42
-0.4142135623731432
 10
55.66190247009536
 20
-158.420353531201
 10
39.4736727768518
 20
-158.420353531201
 42
-0.4142135623731433
 10
35.67367277685162
 20
-154.620353531201
 10
35.67367277685162
 20
-90.05356023980198
 42
0.4142135623731302
 10
31.87367277685144
 20
-86.25356023980202
 10
31.54426287910383
 20
-86.25356023980202
 42
0.4142135623731301
 10
27.74426287910364
 20
-90.05356023980198
 10
27.74426287910364
 20
-154.620353531201
 42
-0.4142135623731432
 10
23.94426287910346
 20
-158.420353531201
 10
7.756033185859905
 20
-158.420353531201
 42
-0.4142135623731433
 10
3.956033185859723
 20
-154.620353531201
 10
3.956033185859723
 20
-132.7715143088125
 42
0.4142135623731387
 10
0.1560331858595418
 20
-128.9715143088125
 10
-0.1733767118780634
 20
-128.9715143088125
 42
0.4142135623731126
 10
-3.9733767118787
 20
-132.7715143088124
 10
-3.9733767118787
 20
-171.1126020663573
 42
0.4142135623731435
 10
-0.1733767118785181
 20
-174.9126020663573
 10
3.261956181032928
 20
-174.9126020663573
 42
-0.4142135623731432
 10
7.06195618103311
 20
-178.7126020663573
 10
7.06195618103311
 20
-179.0420119641052
 42
-0.414213562373139
 10
3.261956181032928
 20
-182.8420119641052
 10
-0.1733767118785181
 20
-182.8420119641052
 42
0.414213562373139
 10
-3.9733767118787
 20
-186.6420119641052
 10
-3.9733767118787
 20
-186.9714218618532
 42
0.4142135623731433
 10
-0.1733767118785181
 20
-190.7714218618531
 10
3.261956181032928
 20
-190.7714218618531
 42
-0.4142135623731432
 10
7.06195618103311
 20
-194.5714218618532
 10
7.06195618103311
 20
-194.9008317596011
 42
-0.414213562373139
 10
3.261956181032928
 20
-198.7008317596011
 10
-0.1733767118785181
 20
-198.7008317596011
 42
0.414213562373139
 10
-3.9733767118787
 20
-202.500831759601
 10
-3.9733767118787
 20
-202.830241657349
 42
0.4142135623731433
 10
-0.1733767118785181
 20
-206.630241657349
 10
3.261956181033838
 20
-206.630241657349
 42
-0.4142135623730776
 10
7.061956181033565
 20
-210.4302416573482
 10
7.061956181033565
 20
-210.7596515550969
 42
0.414213562373139
 10
10.86195618103374
 20
-214.5596515550969
 10
11.1913660787809
 20
-214.5596515550969
 42
0.414213562373139
 10
14.99136607878108
 20
-210.7596515550969
 10
14.99136607878108
 20
-178.7126020663573
 42
-0.4142135623731433
 10
18.79136607878126
 20
-174.9126020663573
 10
34.97959577202482
 20
-174.9126020663573
 42
-0.4142135623731432
 10
38.77959577202501
 20
-178.7126020663573
 10
38.77959577202501
 20
-253.6793953577561
 42
0.414213562373139
 10
42.57959577202519
 20
-257.4793953577562
 10
42.90900566977279
 20
-257.4793953577562
 42
0.414213562373139
 10
46.70900566977297
 20
-253.6793953577562
 10
46.70900566977297
 20
-178.7126020663573
 42
-0.4142135623731433
 10
50.50900566977316
 20
-174.9126020663573
 10
66.69723536301671
 20
-174.9126020663573
 42
-0.4142135623731432
 10
70.4972353630169
 20
-178.7126020663573
 10
70.4972353630169
 20
-205.7614412887457
 42
0.414213562373139
 10
74.29723536301708
 20
-209.5614412887457
 10
74.62664526076469
 20
-209.5614412887457
 42
0.414213562373139
 10
78.42664526076487
 20
-205.7614412887458
 10
78.42664526076487
 20
-178.7126020663573
 42
-0.4142135623731433
 10
82.22664526076504
 20
-174.9126020663573
 10
98.41487495400862
 20
-174.9126020663573
 42
-0.4142135623731432
 10
102.2148749540088
 20
-178.7126020663573
 10
102.2148749540088
 20
-253.6793953577561
 42
0.414213562373139
 10
106.014874954009
 20
-257.4793953577562
 10
106.3442848517565
 20
-257.4793953577562
 42
0.414213562373139
 10
110.1442848517567
 20
-253.6793953577562
 10
110.1442848517567
 20
-178.7126020663573
 42
-0.4142135623731433
 10
113.9442848517569
 20
-174.9126020663573
 10
130.1325145450005
 20
-174.9126020663573
 42
-0.4142135623731432
 10
133.9325145450007
 20
-178.7126020663573
 10
133.9325145450007
 20
-205.7614412887457
 42
0.414213562373139
 10
137.7325145450008
 20
-209.5614412887457
 10
138.0619244427484
 20
-209.5614412887457
 42
0.414213562373139
 10
141.8619244427486
 20
-205.7614412887458
 10
141.8619244427486
 20
-178.7126020663573
 42
-0.4142135623731433
 10
145.6619244427488
 20
-174.9126020663573
 10
161.8501541359924
 20
-174.9126020663573
 42
-0.4142135623731432
 10
165.6501541359926
 20
-178.7126020663573
 10
165.6501541359926
 20
-232.7184089022948
  0
LWPOLYLINE
  5
A56A
330
A51B
100
AcDbEntity
  8
发热丝
100
AcDbPolyline
 90
      803
 70
     1
 43
0.0
 10
163.2515436627209
 20
-232.7184089022948
 10
163.2515436627209
 20
-178.7126020663571
 42
0.4142135623730959
 10
161.8501541359928
 20
-177.3112125396292
 10
145.6619244427484
 20
-177.3112125396292
 42
0.4142135623730955
 10
144.2605349160203
 20
-178.7126020663571
 10
144.2605349160203
 20
-205.7614412887459
 42
-0.4142135623730941
 10
138.0619244427489
 20
-211.9600517620177
 10
137.7325145450004
 20
-211.9600517620177
 42
-0.414213562373095
 10
131.533904071729
 20
-205.7614412887459
 10
131.533904071729
 20
-178.7126020663571
 42
0.4142135623730958
 10
130.1325145450009
 20
-177.3112125396292
 10
113.9442848517565
 20
-177.3112125396292
 42
0.4142135623730952
 10
112.5428953250284
 20
-178.7126020663571
 10
112.5428953250284
 20
-253.6793953577564
 42
-0.4142135623730931
 10
106.344284851757
 20
-259.8780058310281
 10
106.0148749540085
 20
-259.8780058310281
 42
-0.4142135623730958
 10
99.81626448073711
 20
-253.6793953577563
 10
99.81626448073711
 20
-178.7126020663571
 42
0.4142135623730959
 10
98.41487495400906
 20
-177.3112125396292
 10
82.2266452607646
 20
-177.3112125396292
 42
0.4142135623730921
 10
80.82525573403655
 20
-178.7126020663571
 10
80.82525573403655
 20
-205.7614412887459
 42
-0.4142135623730952
 10
74.62664526076514
 20
-211.9600517620177
 10
74.29723536301662
 20
-211.9600517620177
 42
-0.414213562373095
 10
68.09862488974522
 20
-205.7614412887459
 10
68.09862488974522
 20
-178.7126020663571
 42
0.4142135623730958
 10
66.69723536301717
 20
-177.3112125396292
 10
50.5090056697727
 20
-177.3112125396292
 42
0.4142135623730937
 10
49.10761614304465
 20
-178.7126020663571
 10
49.10761614304465
 20
-253.6793953577564
 42
-0.4142135623730944
 10
42.90900566977325
 20
-259.8780058310281
 10
42.57959577202472
 20
-259.8780058310281
 42
-0.4142135623730952
 10
36.38098529875333
 20
-253.6793953577563
 10
36.38098529875333
 20
-178.7126020663571
 42
0.4142135623730952
 10
34.97959577202528
 20
-177.3112125396292
 10
18.79136607878081
 20
-177.3112125396292
 42
0.4142135623730951
 10
17.38997655205276
 20
-178.7126020663571
 10
17.38997655205276
 20
-210.7596515550971
 42
-0.4142135623730954
 10
11.19136607878135
 20
-216.9582620283688
 10
10.86195618103329
 20
-216.9582620283688
 42
-0.4142135623730952
 10
4.663345707761891
 20
-210.7596515550971
 10
4.663345707761891
 20
-210.4302416573486
 42
0.4142135623730951
 10
3.261956181033838
 20
-209.0288521306209
 10
-0.1733767118789729
 20
-209.0288521306209
 42
-0.4142135623730952
 10
-6.371987185150373
 20
-202.8302416573492
 10
-6.371987185150373
 20
-202.5008317596009
 42
-0.4142135623730951
 10
-0.1733767118789729
 20
-196.3022212863292
 10
3.261956181033383
 20
-196.3022212863292
 42
0.4142135623730951
 10
4.663345707761436
 20
-194.9008317596012
 10
4.663345707761436
 20
-194.5714218618529
 42
0.4142135623730943
 10
3.261956181033383
 20
-193.1700323351251
 10
-0.1733767118789729
 20
-193.1700323351251
 42
-0.4142135623730951
 10
-6.371987185150373
 20
-186.9714218618534
 10
-6.371987185150373
 20
-186.642011964105
 42
-0.4142135623730951
 10
-0.1733767118789729
 20
-180.4434014908333
 10
3.261956181033383
 20
-180.4434014908333
 42
0.4142135623730957
 10
4.663345707761436
 20
-179.0420119641055
 10
4.663345707761436
 20
-178.7126020663571
 42
0.4142135623730949
 10
3.261956181033383
 20
-177.3112125396292
 10
-0.1733767118789729
 20
-177.3112125396292
 42
-0.4142135623730951
 10
-6.371987185150373
 20
-171.1126020663575
 10
-6.371987185150373
 20
-132.7715143088127
 42
-0.4142135623730948
 10
-0.1733767118785181
 20
-126.5729038355406
 10
0.1560331858599966
 20
-126.5729038355406
 42
-0.4142135623730955
 10
6.354643659131397
 20
-132.7715143088123
 10
6.354643659131397
 20
-154.6203535312012
 42
0.4142135623730947
 10
7.75603318585945
 20
-156.0217430579291
 10
23.94426287910392
 20
-156.0217430579291
 42
0.4142135623730955
 10
25.34565240583197
 20
-154.6203535312012
 10
25.34565240583197
 20
-90.05356023980187
 42
-0.4142135623730958
 10
31.54426287910337
 20
-83.85494976653012
 10
31.87367277685189
 20
-83.85494976653012
 42
-0.4142135623730946
 10
38.07228325012329
 20
-90.05356023980187
 10
38.07228325012329
 20
-154.6203535312012
 42
0.4142135623730943
 10
39.47367277685135
 20
-156.0217430579291
 10
55.66190247009581
 20
-156.0217430579291
 42
0.4142135623730973
 10
57.06329199682386
 20
-154.6203535312012
 10
57.06329199682386
 20
-132.7715143088123
 42
-0.4142135623730951
 10
63.26190247009527
 20
-126.5729038355406
 10
63.59131236784378
 20
-126.5729038355406
 42
-0.4142135623730955
 10
69.78992284111519
 20
-132.7715143088123
 10
69.78992284111519
 20
-154.6203535312012
 42
0.4142135623730943
 10
71.19131236784324
 20
-156.0217430579291
 10
87.37954206108771
 20
-156.0217430579291
 42
0.4142135623730943
 10
88.78093158781576
 20
-154.6203535312012
 10
88.78093158781576
 20
-90.05356023980187
 42
-0.4142135623730951
 10
94.97954206108715
 20
-83.85494976653012
 10
95.30895195883568
 20
-83.85494976653012
 42
-0.4142135623730943
 10
101.5075624321071
 20
-90.05356023980187
 10
101.5075624321071
 20
-154.6203535312012
 42
0.4142135623730996
 10
102.9089519588351
 20
-156.0217430579291
 10
119.0971816520796
 20
-156.0217430579291
 42
0.4142135623730958
 10
120.4985711788076
 20
-154.6203535312012
 10
120.4985711788076
 20
-132.7715143088123
 42
-0.4142135623730951
 10
126.697181652079
 20
-126.5729038355406
 10
127.0265915498276
 20
-126.5729038355406
 42
-0.4142135623730967
 10
133.2252020230989
 20
-132.7715143088123
 10
133.2252020230989
 20
-154.6203535312012
 42
0.4142135623730958
 10
134.626591549827
 20
-156.0217430579291
 10
150.8148212430715
 20
-156.0217430579291
 42
0.4142135623730943
 10
152.2162107697995
 20
-154.6203535312012
 10
152.2162107697995
 20
-90.05356023980187
 42
-0.4142135623730951
 10
158.4148212430709
 20
-83.85494976653012
 10
158.7442311408194
 20
-83.85494976653012
 42
-0.4142135623730931
 10
164.9428416140908
 20
-90.05356023980187
 10
164.9428416140908
 20
-156.7094495324087
 42
0.2147381553066548
 10
165.4152423091554
 20
-157.7586741776916
 10
166.1616848282278
 20
-158.4195781764831
 42
0.1831818476775695
 10
167.0906736598908
 20
-158.7717430579291
 10
182.5324608340634
 20
-158.7717430579291
 42
0.4142135623731011
 10
183.9338503607914
 20
-157.3703535312012
 10
183.9338503607914
 20
-132.7715143088123
 42
-0.4142135623730944
 10
190.1324608340628
 20
-126.5729038355406
 10
190.4618707318113
 20
-126.5729038355406
 42
-0.4142135623730941
 10
196.6604812050827
 20
-132.7715143088123
 10
196.6604812050827
 20
-157.3703535312012
 42
0.4142135623731011
 10
198.0618707318108
 20
-158.7717430579291
 10
214.2501004250553
 20
-158.7717430579291
 42
0.4142135623730898
 10
215.6514899517834
 20
-157.3703535312012
 10
215.6514899517834
 20
-34.06649132416954
 42
0.4142135623730891
 10
214.2501004250553
 20
-32.66510179744159
 10
198.0618707318108
 20
-32.66510179744159
 42
0.414213562373107
 10
196.6604812050827
 20
-34.06649132416954
 10
196.6604812050827
 20
-98.63328461556875
 42
-0.4142135623730971
 10
190.4618707318113
 20
-104.8318950888405
 10
190.1324608340628
 20
-104.8318950888405
 42
-0.4142135623730965
 10
183.9338503607914
 20
-98.63328461556875
 10
183.9338503607914
 20
-34.06649132416954
 42
0.4142135623730951
 10
182.5324608340634
 20
-32.66510179744159
 10
166.3442311408189
 20
-32.66510179744159
 42
0.4142135623730951
 10
164.9428416140908
 20
-34.06649132416954
 10
164.9428416140908
 20
-55.91533054655826
 42
-0.4142135623730944
 10
158.7442311408194
 20
-62.11394101983001
 10
158.4148212430709
 20
-62.11394101983001
 42
-0.4142135623730958
 10
152.2162107697995
 20
-55.91533054655826
 10
152.2162107697995
 20
-34.06649132416954
 42
0.4142135623730951
 10
150.8148212430715
 20
-32.66510179744159
 10
134.626591549827
 20
-32.66510179744159
 42
0.4142135623730951
 10
133.2252020230989
 20
-34.06649132416954
 10
133.2252020230989
 20
-98.63328461556875
 42
-0.4142135623730951
 10
127.0265915498276
 20
-104.8318950888405
 10
126.697181652079
 20
-104.8318950888405
 42
-0.4142135623730971
 10
120.4985711788076
 20
-98.63328461556875
 10
120.4985711788076
 20
-34.06649132416954
 42
0.4142135623730862
 10
119.0971816520796
 20
-32.66510179744159
 10
102.9089519588351
 20
-32.66510179744159
 42
0.4142135623730981
 10
101.5075624321071
 20
-34.06649132416954
 10
101.5075624321071
 20
-55.91533054655826
 42
-0.4142135623730931
 10
95.30895195883568
 20
-62.11394101983001
 10
94.97954206108715
 20
-62.11394101983001
 42
-0.4142135623730965
 10
88.78093158781576
 20
-55.91533054655826
 10
88.78093158781576
 20
-34.06649132416954
 42
0.4142135623730831
 10
87.37954206108771
 20
-32.66510179744159
 10
71.19131236784324
 20
-32.66510179744159
 42
0.4142135623730981
 10
69.78992284111519
 20
-34.06649132416954
 10
69.78992284111519
 20
-98.63328461556875
 42
-0.4142135623730965
 10
63.59131236784378
 20
-104.8318950888405
 10
63.26190247009527
 20
-104.8318950888405
 42
-0.4142135623730961
 10
57.06329199682386
 20
-98.63328461556875
 10
57.06329199682386
 20
-34.06649132416954
 42
0.4142135623731011
 10
55.66190247009581
 20
-32.66510179744159
 10
39.47367277685135
 20
-32.66510179744159
 42
0.4142135623730855
 10
38.07228325012329
 20
-34.06649132416942
 10
38.07228325012329
 20
-55.91533054655826
 42
-0.4142135623730943
 10
31.87367277685189
 20
-62.11394101983001
 10
31.54426287910337
 20
-62.11394101983001
 42
-0.4142135623730953
 10
25.34565240583197
 20
-55.91533054655826
 10
25.34565240583197
 20
-34.06649132416954
 42
0.4142135623730921
 10
23.94426287910392
 20
-32.66510179744159
 10
7.75603318585945
 20
-32.66510179744159
 42
0.4142135623730921
 10
6.354643659131397
 20
-34.06649132416954
 10
6.354643659131397
 20
-98.63328461556875
 42
-0.4142135623730961
 10
0.1560331858599966
 20
-104.8318950888405
 10
-0.1733767118885225
 20
-104.8318950888405
 42
-0.4142135623730958
 10
-6.371987185159923
 20
-98.63328461556875
 10
-6.371987185159923
 20
-34.06649132416954
 42
0.4142135623730877
 10
-7.773376711887976
 20
-32.66510179744159
 10
-23.96160640513244
 20
-32.66510179744159
 42
0.4142135623730921
 10
-25.3629959318605
 20
-34.06649132416954
 10
-25.3629959318605
 20
-55.91533054655826
 42
-0.4142135623730934
 10
-31.5616064051319
 20
-62.11394101983001
 10
-31.89101630288042
 20
-62.11394101983001
 42
-0.4142135623730943
 10
-38.08962677615182
 20
-55.91533054655826
 10
-38.08962677615182
 20
-34.06649132416954
 42
0.4142135623730951
 10
-39.49101630287987
 20
-32.66510179744159
 10
-55.67924599612434
 20
-32.66510179744159
 42
0.4142135623730951
 10
-57.08063552285238
 20
-34.06649132416954
 10
-57.08063552285238
 20
-98.63328461556875
 42
-0.4142135623730965
 10
-63.27924599612379
 20
-104.8318950888405
 10
-63.60865589387231
 20
-104.8318950888405
 42
-0.4142135623730965
 10
-69.80726636714371
 20
-98.63328461556875
 10
-69.80726636714371
 20
-34.06649132416954
 42
0.4142135623730921
 10
-71.20865589387176
 20
-32.66510179744159
 10
-87.39688558711623
 20
-32.66510179744159
 42
0.4142135623730981
 10
-88.79827511384428
 20
-34.06649132416954
 10
-88.79827511384428
 20
-55.91533054655826
 42
-0.4142135623730965
 10
-94.99688558711568
 20
-62.11394101983001
 10
-95.3262954848642
 20
-62.11394101983001
 42
-0.4142135623730931
 10
-101.5249059581356
 20
-55.91533054655826
 10
-101.5249059581356
 20
-34.06649132416954
 42
0.4142135623730981
 10
-102.9262954848636
 20
-32.66510179744159
 10
-119.1145251781081
 20
-32.66510179744159
 42
0.4142135623731011
 10
-120.5159147048362
 20
-34.06649132416954
 10
-120.5159147048362
 20
-98.63328461556875
 42
-0.4142135623730958
 10
-126.7145251781075
 20
-104.8318950888405
 10
-127.0439350758561
 20
-104.8318950888405
 42
-0.4142135623730937
 10
-133.2425455491275
 20
-98.63328461556875
 10
-133.2425455491275
 20
-34.06649132416954
 42
0.4142135623730951
 10
-134.6439350758555
 20
-32.66510179744159
 10
-150.8321647691
 20
-32.66510179744159
 42
0.4142135623731011
 10
-152.233554295828
 20
-34.06649132416954
 10
-152.233554295828
 20
-55.91533054655826
 42
-0.4142135623730944
 10
-158.4321647690994
 20
-62.11394101983001
 10
-158.761574666848
 20
-62.11394101983001
 42
-0.4142135623730944
 10
-164.9601851401196
 20
-55.91533054655826
 10
-164.9601851401196
 20
-34.06649132416987
 42
0.4142135623730951
 10
-166.3615746668479
 20
-32.66510179744159
 10
-182.5498043600914
 20
-32.66510179744159
 42
0.4142135623730951
 10
-183.9511938868197
 20
-34.06649132416987
 10
-183.9511938868197
 20
-154.6203535312011
 42
0.4142135623730817
 10
-182.5498043600919
 20
-156.0217430579291
 10
-166.3615746668476
 20
-156.0217430579291
 42
0.4142135623730996
 10
-164.9601851401196
 20
-154.6203535312011
 10
-164.9601851401196
 20
-90.05356023980198
 42
-0.4142135623730965
 10
-158.761574666848
 20
-83.85494976653012
 10
-158.4321647690994
 20
-83.85494976653012
 42
-0.4142135623730964
 10
-152.233554295828
 20
-90.05356023980187
 10
-152.233554295828
 20
-154.6203535312012
 42
0.4142135623730906
 10
-150.8321647691
 20
-156.0217430579291
 10
-134.6439350758555
 20
-156.0217430579291
 42
0.4142135623730951
 10
-133.2425455491275
 20
-154.6203535312012
 10
-133.2425455491275
 20
-132.7715143088123
 42
-0.4142135623730951
 10
-127.0439350758561
 20
-126.5729038355406
 10
-126.7145251781075
 20
-126.5729038355406
 42
-0.4142135623730965
 10
-120.5159147048362
 20
-132.7715143088123
 10
-120.5159147048362
 20
-154.6203535312012
 42
0.4142135623730906
 10
-119.1145251781081
 20
-156.0217430579291
 10
-102.9262954848636
 20
-156.0217430579291
 42
0.4142135623730951
 10
-101.5249059581356
 20
-154.6203535312012
 10
-101.5249059581356
 20
-90.05356023980187
 42
-0.4142135623730951
 10
-95.3262954848642
 20
-83.85494976653012
 10
-94.99688558711568
 20
-83.85494976653012
 42
-0.4142135623730943
 10
-88.79827511384428
 20
-90.05356023980187
 10
-88.79827511384428
 20
-154.6203535312012
 42
0.4142135623730884
 10
-87.39688558711623
 20
-156.0217430579291
 10
-71.20865589387176
 20
-156.0217430579291
 42
0.4142135623730943
 10
-69.80726636714371
 20
-154.6203535312012
 10
-69.80726636714371
 20
-132.7715143088123
 42
-0.4142135623730944
 10
-63.60865589387231
 20
-126.5729038355406
 10
-63.27924599612379
 20
-126.5729038355406
 42
-0.4142135623730955
 10
-57.08063552285238
 20
-132.7715143088123
 10
-57.08063552285238
 20
-154.6203535312012
 42
0.4142135623730958
 10
-55.67924599612434
 20
-156.0217430579291
 10
-39.49101630287987
 20
-156.0217430579291
 42
0.4142135623730935
 10
-38.08962677615182
 20
-154.6203535312012
 10
-38.08962677615182
 20
-90.05356023980187
 42
-0.414213562373096
 10
-31.89101630288042
 20
-83.85494976653012
 10
-31.5616064051319
 20
-83.85494976653012
 42
-0.4142135623730951
 10
-25.3629959318605
 20
-90.05356023980187
 10
-25.3629959318605
 20
-174.9126020663573
 10
-25.3629959318514
 20
-212.9081582420486
 42
-0.4142135623731149
 10
-31.56160640512235
 20
-219.1067687153221
 10
-31.89101630286951
 20
-219.1067687153221
 42
-0.4142135623731454
 10
-38.08962677614227
 20
-212.9081582420504
 10
-38.08962677614227
 20
-178.7126020663571
 42
0.4142135623730943
 10
-39.49101630287032
 20
-177.3112125396292
 10
-55.67924599611479
 20
-177.3112125396292
 42
0.4142135623730924
 10
-57.08063552284284
 20
-178.7126020663571
 10
-57.08063552284284
 20
-205.761441288746
 42
-0.4142135623730958
 10
-63.27924599611424
 20
-211.9600517620177
 10
-63.60865589386276
 20
-211.9600517620177
 42
-0.414213562373095
 10
-69.80726636713416
 20
-205.7614412887459
 10
-69.80726636713416
 20
-178.7126020663571
 42
0.4142135623730931
 10
-71.20865589386221
 20
-177.3112125396292
 10
-87.39688558710668
 20
-177.3112125396292
 42
0.4142135623730951
 10
-88.79827511383473
 20
-178.7126020663571
 10
-88.79827511383473
 20
-253.6793953577564
 42
-0.4142135623730937
 10
-94.99688558710614
 20
-259.8780058310281
 10
-95.32629548485465
 20
-259.8780058310281
 42
-0.4142135623730958
 10
-101.524905958126
 20
-253.6793953577563
 10
-101.524905958126
 20
-178.7126020663571
 42
0.4142135623730931
 10
-102.9262954848541
 20
-177.3112125396292
 10
-119.1145251780985
 20
-177.3112125396292
 42
0.4142135623730952
 10
-120.5159147048261
 20
-178.7126020663571
 10
-120.5159147048261
 20
-205.761441288746
 42
-0.4142135623730937
 10
-126.714525178098
 20
-211.9600517620177
 10
-127.0439350758465
 20
-211.9600517620177
 42
-0.414213562373095
 10
-133.2425455491184
 20
-205.7614412887459
 10
-133.2425455491184
 20
-178.7126020663571
 42
0.4142135623730839
 10
-134.643935075846
 20
-177.3112125396292
 10
-150.8321647690904
 20
-177.3112125396292
 42
0.4142135623730951
 10
-152.233554295818
 20
-178.7126020663571
 10
-152.233554295818
 20
-253.6793953577564
 42
-0.4142135623730918
 10
-158.4321647690899
 20
-259.8780058310281
 10
-158.7615746668384
 20
-259.8780058310281
 42
-0.4142135623730965
 10
-164.9601851401103
 20
-253.6793953577563
 10
-164.9601851401103
 20
-178.7126020663571
 42
0.4142135623730988
 10
-166.3615746668381
 20
-177.3112125396292
 10
-182.5498043600826
 20
-177.3112125396292
 42
0.4142135623730934
 10
-183.9511938868104
 20
-178.7126020663571
 10
-183.9511938868104
 20
-314.8664642733888
 42
0.4142135623730891
 10
-182.5498043600826
 20
-316.2678538001166
 10
-166.3615746668381
 20
-316.2678538001166
 42
0.4142135623730891
 10
-164.9601851401103
 20
-314.8664642733888
 10
-164.9601851401103
 20
-287.817625051
 42
-0.4142135623730944
 10
-158.7615746668384
 20
-281.6190145777282
 10
-158.4321647690899
 20
-281.6190145777282
 42
-0.4142135623730951
 10
-152.233554295818
 20
-287.8176250509999
 10
-152.233554295818
 20
-314.8664642733887
 42
0.4142135623730891
 10
-150.8321647690904
 20
-316.2678538001166
 10
-134.643935075846
 20
-316.2678538001166
 42
0.4142135623730951
 10
-133.2425455491184
 20
-314.8664642733887
 10
-133.2425455491184
 20
-239.8996709819895
 42
-0.4142135623730965
 10
-127.0439350758465
 20
-233.7010605087178
 10
-126.714525178098
 20
-233.7010605087178
 42
-0.4142135623730944
 10
-120.5159147048261
 20
-239.8996709819895
 10
-120.5159147048261
 20
-314.8664642733887
 42
0.4142135623730891
 10
-119.1145251780985
 20
-316.2678538001166
 10
-102.9262954848541
 20
-316.2678538001166
 42
0.414213562373101
 10
-101.524905958126
 20
-314.8664642733887
 10
-101.524905958126
 20
-287.8176250509999
 42
-0.4142135623730944
 10
-95.32629548485465
 20
-281.6190145777282
 10
-94.99688558710614
 20
-281.6190145777282
 42
-0.4142135623730951
 10
-88.79827511383473
 20
-287.8176250509999
 10
-88.79827511383473
 20
-314.8664642733887
 42
0.4142135623730891
 10
-87.39688558710668
 20
-316.2678538001166
 10
-71.20865589386221
 20
-316.2678538001166
 42
0.4142135623730981
 10
-69.80726636713416
 20
-314.8664642733887
 10
-69.80726636713416
 20
-239.8996709819895
 42
-0.4142135623730951
 10
-63.60865589386276
 20
-233.7010605087178
 10
-63.27924599611424
 20
-233.7010605087178
 42
-0.4142135623730937
 10
-57.08063552284284
 20
-239.8996709819895
 10
-57.08063552284284
 20
-314.8664642733887
 42
0.4142135623730863
 10
-55.67924599611479
 20
-316.2678538001166
 10
-39.49101630287032
 20
-316.2678538001166
 42
0.4142135623730935
 10
-38.08962677614227
 20
-314.8664642733887
 10
-38.08962677614227
 20
-287.8176250509999
 42
-0.4142135623730961
 10
-31.89101630287087
 20
-281.6190145777282
 10
-31.56160640512235
 20
-281.6190145777282
 42
-0.4142135623730941
 10
-25.36299593185095
 20
-287.8176250509999
 10
-25.36299593185095
 20
-314.8664642733887
 42
0.4142135623730877
 10
-23.96160640512289
 20
-316.2678538001166
 10
3.261956181033838
 20
-316.2678538001166
 42
0.4142135623731006
 10
4.663345707761891
 20
-314.8664642733887
 10
4.663345707761891
 20
-314.5370543756404
 42
0.4142135623730984
 10
3.261956181033838
 20
-313.1356648489125
 10
-0.1733767118785181
 20
-313.1356648489125
 42
-0.4142135623730939
 10
-6.371987185149919
 20
-306.9370543756408
 10
-6.371987185149919
 20
-306.6076444778925
 42
-0.4142135623730967
 10
-0.1733767118785181
 20
-300.4090340046208
 10
3.261956181033838
 20
-300.4090340046208
 42
0.4142135623730977
 10
4.663345707761891
 20
-299.0076444778929
 10
4.663345707761891
 20
-298.6782345801446
 42
0.4142135623730955
 10
3.261956181033838
 20
-297.2768450534167
 10
-0.1733767118785181
 20
-297.2768450534167
 42
-0.4142135623730939
 10
-6.371987185149919
 20
-291.0782345801449
 10
-6.371987185149919
 20
-290.7488246823966
 42
-0.4142135623730954
 10
-0.1733767118785181
 20
-284.5502142091249
 10
3.261956181033838
 20
-284.5502142091249
 42
0.4142135623730977
 10
4.663345707761891
 20
-283.148824682397
 10
4.663345707761891
 20
-282.8194147846488
 42
0.4142135623730925
 10
3.261956181033838
 20
-281.4180252579208
 10
-0.1733767118785181
 20
-281.4180252579208
 42
-0.4142135623730937
 10
-6.371987185149919
 20
-275.2194147846491
 10
-6.371987185149919
 20
-274.8900048869008
 42
-0.4142135623730952
 10
-0.1733767118785181
 20
-268.6913944136291
 10
3.261956181033838
 20
-268.6913944136291
 42
0.4142135623730951
 10
4.663345707761891
 20
-267.2900048869012
 10
4.663345707761891
 20
-266.9605949891529
 42
0.4142135623730958
 10
3.261956181033838
 20
-265.559205462425
 10
-0.1733767118785181
 20
-265.559205462425
 42
-0.4142135623730955
 10
-6.371987185149919
 20
-259.3605949891532
 10
-6.371987185149919
 20
-259.031185091405
 42
-0.4142135623730961
 10
-0.1733767118785181
 20
-252.8325746181333
 10
3.261956181033838
 20
-252.8325746181333
 42
0.4142135623730951
 10
4.663345707761891
 20
-251.4311850914054
 10
4.663345707761891
 20
-251.1017751936571
 42
0.4142135623730955
 10
3.261956181033838
 20
-249.7003856669291
 10
-0.17278660962711
 20
-249.7003856669291
 42
-0.4142135623730951
 10
-6.371397082898511
 20
-243.5017751936574
 10
-6.371397082898511
 20
-240.1461544355685
 42
-0.5237953178792088
 10
2.006253601652588
 20
-234.3431762728501
 42
0.0917705685376284
 10
11.03438194234968
 20
-235.950450979573
 10
11.19077597652949
 20
-235.950450979573
 42
-0.4142135623730951
 10
17.38938644980089
 20
-242.1490614528447
 10
17.38938644980089
 20
-314.8664642733887
 42
0.4142135623730999
 10
18.79077597652895
 20
-316.2678538001166
 10
34.97959577202528
 20
-316.2678538001166
 42
0.4142135623730943
 10
36.38098529875333
 20
-314.8664642733887
 10
36.38098529875333
 20
-287.8176250509999
 42
-0.414213562373095
 10
42.57959577202472
 20
-281.6190145777282
 10
42.90900566977325
 20
-281.6190145777282
 42
-0.414213562373095
 10
49.10761614304465
 20
-287.8176250509999
 10
49.10761614304465
 20
-314.8664642733887
 42
0.4142135623730877
 10
50.5090056697727
 20
-316.2678538001166
 10
66.69723536301717
 20
-316.2678538001166
 42
0.414213562373101
 10
68.09862488974522
 20
-314.8664642733887
 10
68.09862488974522
 20
-239.8996709819895
 42
-0.4142135623730954
 10
74.29723536301662
 20
-233.7010605087178
 10
74.62664526076514
 20
-233.7010605087178
 42
-0.4142135623730951
 10
80.82525573403655
 20
-239.8996709819895
 10
80.82525573403655
 20
-314.8664642733887
 42
0.4142135623730863
 10
82.2266452607646
 20
-316.2678538001166
 10
98.41487495400906
 20
-316.2678538001166
 42
0.414213562373101
 10
99.81626448073711
 20
-314.8664642733887
 10
99.81626448073711
 20
-287.8176250509999
 42
-0.4142135623730944
 10
106.0148749540085
 20
-281.6190145777282
 10
106.344284851757
 20
-281.6190145777282
 42
-0.4142135623730931
 10
112.5428953250284
 20
-287.8176250509999
 10
112.5428953250284
 20
-314.8664642733887
 42
0.4142135623730891
 10
113.9442848517565
 20
-316.2678538001166
 10
130.1325145450009
 20
-316.2678538001166
 42
0.4142135623731039
 10
131.533904071729
 20
-314.8664642733887
 10
131.533904071729
 20
-239.8996709819895
 42
-0.4142135623730951
 10
137.7325145450004
 20
-233.7010605087178
 10
138.0619244427489
 20
-233.7010605087178
 42
-0.4142135623730958
 10
144.2605349160203
 20
-239.8996709819895
 10
144.2605349160203
 20
-314.8664642733887
 42
0.4142135623730951
 10
145.6619244427484
 20
-316.2678538001166
 10
161.8501541359928
 20
-316.2678538001166
 42
0.4142135623731011
 10
163.2515436627209
 20
-314.8664642733887
 10
163.2515436627209
 20
-262.7184089022955
 42
0.9999999999999998
 10
160.1193547115163
 20
-262.7184089022955
 10
160.1193547115163
 20
-306.9370543756407
 42
-0.414213562372942
 10
153.920744238248
 20
-313.1356648489123
 10
153.5913343405
 20
-313.1356648489123
 42
-0.4142135623732468
 10
147.3927238672249
 20
-306.9370543756404
 10
147.3927238672249
 20
-231.9702610842416
 42
0.4142135623730877
 10
145.9913343404969
 20
-230.5688715575138
 10
129.8031046472524
 20
-230.5688715575138
 42
0.4142135623730966
 10
128.4017151205244
 20
-231.9702610842414
 10
128.4017151205244
 20
-306.9370543756406
 42
-0.4142135623729434
 10
122.2031046472561
 20
-313.1356648489123
 10
121.8736947495081
 20
-313.1356648489123
 42
-0.4142135623732468
 10
115.675084276233
 20
-306.9370543756404
 10
115.675084276233
 20
-279.888215153252
 42
0.4142135623730921
 10
114.273694749505
 20
-278.4868256265242
 10
98.08546505626054
 20
-278.4868256265242
 42
0.4142135623730951
 10
96.68407552953249
 20
-279.8882151532518
 10
96.68407552953249
 20
-306.9370543756406
 42
-0.414213562372944
 10
90.48546505626427
 20
-313.1356648489123
 10
90.15605515851621
 20
-313.1356648489123
 42
-0.4142135623732468
 10
83.95744468524117
 20
-306.9370543756404
 10
83.95744468524117
 20
-231.9702610842416
 42
0.4142135623730921
 10
82.55605515851312
 20
-230.5688715575138
 10
66.36782546526865
 20
-230.5688715575138
 42
0.4142135623730981
 10
64.96643593854059
 20
-231.9702610842414
 10
64.96643593854059
 20
-306.9370543756406
 42
-0.4142135623729436
 10
58.76782546527238
 20
-313.1356648489123
 10
58.43841556752431
 20
-313.1356648489123
 42
-0.4142135623732467
 10
52.23980509424928
 20
-306.9370543756404
 10
52.23980509424928
 20
-279.888215153252
 42
0.4142135623730906
 10
50.83841556752123
 20
-278.4868256265242
 10
34.65018587427676
 20
-278.4868256265242
 42
0.4142135623730989
 10
33.24879634754871
 20
-279.8882151532518
 10
33.24879634754871
 20
-306.9370543756406
 42
-0.4142135623729442
 10
27.05018587428049
 20
-313.1356648489123
 10
26.72077597653242
 20
-313.1356648489123
 42
-0.4142135623732467
 10
20.52216550325738
 20
-306.9370543756404
 10
20.52216550325738
 20
-234.2190614528447
 42
0.4142135623730971
 10
19.12077597652933
 20
-232.8176719261167
 10
11.02330463381941
 20
-232.8176719261167
 42
-0.2403453100536041
 10
-6.901711080515269
 20
-223.837664455859
 42
-0.0087071204056947
 10
-7.629121137169477
 20
-223.5906407642131
 42
0.5192084795077341
 10
-9.504176136354999
 20
-224.9095545695188
 10
-9.504176136354999
 20
-306.9370543756406
 42
-0.414213562372944
 10
-15.70278660962322
 20
-313.1356648489123
 10
-16.03219650737128
 20
-313.1356648489123
 42
-0.4142135623732475
 10
-22.23080698064632
 20
-306.9370543756403
 10
-22.23080698064632
 20
-279.888215153252
 42
0.4142135623730936
 10
-23.63219650737438
 20
-278.4868256265242
 10
-39.82042620061884
 20
-278.4868256265242
 42
0.4142135623730981
 10
-41.22181572734689
 20
-279.8882151532518
 10
-41.22181572734689
 20
-306.9370543756406
 42
-0.414213562372946
 10
-47.42042620061511
 20
-313.1356648489123
 10
-47.74983609836318
 20
-313.1356648489123
 42
-0.4142135623732483
 10
-53.94844657163821
 20
-306.9370543756403
 10
-53.94844657163821
 20
-231.9702610842416
 42
0.4142135623730951
 10
-55.34983609836626
 20
-230.5688715575138
 10
-71.53806579161074
 20
-230.5688715575138
 42
0.4142135623730981
 10
-72.93945531833879
 20
-231.9702610842414
 10
-72.93945531833879
 20
-306.9370543756407
 42
-0.4142135623729426
 10
-79.138065791607
 20
-313.1356648489123
 10
-79.46747568935506
 20
-313.1356648489123
 42
-0.4142135623732468
 10
-85.6660861626301
 20
-306.9370543756404
 10
-85.6660861626301
 20
-279.888215153252
 42
0.4142135623730891
 10
-87.06747568935815
 20
-278.4868256265242
 10
-103.2557053826026
 20
-278.4868256265242
 42
0.414213562373104
 10
-104.6570949093307
 20
-279.8882151532518
 10
-104.6570949093307
 20
-306.9370543756406
 42
-0.4142135623729434
 10
-110.8557053825989
 20
-313.1356648489123
 10
-111.1851152803469
 20
-313.1356648489123
 42
-0.4142135623732468
 10
-117.3837257536224
 20
-306.9370543756404
 10
-117.3837257536224
 20
-231.9702610842416
 42
0.4142135623730877
 10
-118.78511528035
 20
-230.5688715575138
 10
-134.9733449735945
 20
-230.5688715575138
 42
0.4142135623730995
 10
-136.3747345003221
 20
-231.9702610842414
 10
-136.3747345003221
 20
-306.9370543756406
 42
-0.414213562372942
 10
-142.5733449735908
 20
-313.1356648489123
 10
-142.9027548713388
 20
-313.1356648489123
 42
-0.4142135623732468
 10
-149.1013653446143
 20
-306.9370543756404
 10
-149.1013653446143
 20
-279.8882151532521
 42
0.4142135623730981
 10
-150.5027548713419
 20
-278.4868256265242
 10
-166.6909845645866
 20
-278.4868256265242
 42
0.414213562373104
 10
-168.0923740913145
 20
-279.8882151532518
 10
-168.0923740913145
 20
-306.9370543756408
 42
-0.4142135623729943
 10
-174.290984564584
 20
-313.1356648489124
 10
-174.6203944623325
 20
-313.1356648489124
 42
-0.4142135623731932
 10
-180.8190049356062
 20
-306.9370543756408
 10
-180.8190049356062
 20
-186.6420119641051
 42
-0.4142135623730441
 10
-174.6203944623357
 20
-180.4434014908335
 10
-174.2909845645872
 20
-180.4434014908335
 42
-0.4142135623731451
 10
-168.0923740913145
 20
-186.642011964105
 10
-168.0923740913145
 20
-261.6088052555043
 42
0.414213562373101
 10
-166.6909845645866
 20
-263.0101947822321
 10
-150.5027548713419
 20
-263.0101947822321
 42
0.4142135623731011
 10
-149.1013653446143
 20
-261.6088052555043
 10
-149.1013653446143
 20
-186.6420119641052
 42
-0.4142135623729934
 10
-142.9027548713447
 20
-180.4434014908335
 10
-142.5733449735962
 20
-180.4434014908335
 42
-0.4142135623731954
 10
-136.3747345003221
 20
-186.6420119641051
 10
-136.3747345003221
 20
-213.6908511864938
 42
0.4142135623730936
 10
-134.9733449735945
 20
-215.0922407132217
 10
-118.78511528035
 20
-215.0922407132217
 42
0.4142135623731026
 10
-117.3837257536224
 20
-213.690851186494
 10
-117.3837257536224
 20
-186.6420119641052
 42
-0.4142135623729934
 10
-111.1851152803529
 20
-180.4434014908335
 10
-110.8557053826043
 20
-180.4434014908335
 42
-0.4142135623731967
 10
-104.6570949093307
 20
-186.6420119641051
 10
-104.6570949093307
 20
-261.6088052555042
 42
0.4142135623730951
 10
-103.2557053826026
 20
-263.0101947822321
 10
-87.06747568935815
 20
-263.0101947822321
 42
0.4142135623731039
 10
-85.6660861626301
 20
-261.6088052555044
 10
-85.6660861626301
 20
-186.6420119641052
 42
-0.4142135623729932
 10
-79.46747568936098
 20
-180.4434014908335
 10
-79.13806579161246
 20
-180.4434014908335
 42
-0.4142135623731967
 10
-72.93945531833879
 20
-186.642011964105
 10
-72.93945531833879
 20
-213.6908511864938
 42
0.4142135623730966
 10
-71.53806579161074
 20
-215.0922407132217
 10
-55.34983609836626
 20
-215.0922407132217
 42
0.4142135623730996
 10
-53.94844657163821
 20
-213.690851186494
 10
-53.94844657163821
 20
-186.6420119641052
 42
-0.4142135623729941
 10
-47.74983609836908
 20
-180.4434014908335
 10
-47.42042620062057
 20
-180.4434014908335
 42
-0.4142135623731959
 10
-41.22181572734689
 20
-186.642011964105
 10
-41.22181572734689
 20
-261.6088052555042
 42
0.4142135623729465
 10
-39.82042620061975
 20
-263.0101947822321
 10
-39.49101630287169
 20
-263.0101947822321
 42
0.4142135623732436
 10
-38.08962677614227
 20
-261.6088052555039
 10
-38.08962677614227
 20
-228.4375681397979
 42
-0.4142135623730958
 10
-31.89101630287087
 20
-222.2389576665262
 10
-31.56160640512371
 20
-222.2389576665262
 42
-0.4142135623730958
 10
-25.36299593185231
 20
-228.4375681397979
 10
-25.36299593185231
 20
-261.6088052555042
 42
0.4142135623729465
 10
-23.96160640512517
 20
-263.0101947822321
 10
-23.63219650737574
 20
-263.0101947822321
 42
0.4142135623732495
 10
-22.23080698064632
 20
-261.6088052555039
 10
-22.23080698064632
 20
-82.12415034205401
 42
0.4142135623730906
 10
-23.63219650737438
 20
-80.72276081532619
 10
-39.82042620062839
 20
-80.72276081532619
 42
0.4142135623731024
 10
-41.2218157273569
 20
-82.12415034205411
 10
-41.2218157273569
 20
-146.6909436334531
 42
-0.4142135623729457
 10
-47.42042620062465
 20
-152.8895541067248
 10
-47.74983609837272
 20
-152.8895541067248
 42
-0.4142135623732467
 10
-53.94844657164776
 20
-146.6909436334528
 10
-53.94844657164776
 20
-124.8421044110644
 42
0.4142135623730936
 10
-55.34983609837581
 20
-123.4407148843366
 10
-71.53806579162028
 20
-123.4407148843366
 42
0.4142135623730966
 10
-72.93945531834833
 20
-124.8421044110642
 10
-72.93945531834833
 20
-146.6909436334532
 42
-0.414213562372944
 10
-79.13806579161655
 20
-152.8895541067248
 10
-79.46747568936462
 20
-152.8895541067248
 42
-0.4142135623732474
 10
-85.66608616263966
 20
-146.6909436334528
 10
-85.66608616263966
 20
-82.12415034205401
 42
0.4142135623730921
 10
-87.06747568936771
 20
-80.72276081532619
 10
-103.2557053826121
 20
-80.72276081532619
 42
0.414213562373101
 10
-104.6570949093407
 20
-82.12415034205411
 10
-104.6570949093407
 20
-146.6909436334531
 42
-0.4142135623729473
 10
-110.8557053826084
 20
-152.8895541067248
 10
-111.1851152803565
 20
-152.8895541067248
 42
-0.4142135623732462
 10
-117.3837257536315
 20
-146.6909436334528
 10
-117.3837257536315
 20
-124.8421044110644
 42
0.4142135623730936
 10
-118.7851152803596
 20
-123.4407148843366
 10
-134.973344973604
 20
-123.4407148843366
 42
0.414213562373101
 10
-136.3747345003321
 20
-124.8421044110642
 10
-136.3747345003321
 20
-146.6909436334532
 42
-0.4142135623729427
 10
-142.5733449736003
 20
-152.8895541067248
 10
-142.9027548713484
 20
-152.8895541067248
 42
-0.4142135623732467
 10
-149.1013653446234
 20
-146.6909436334528
 10
-149.1013653446234
 20
-82.12415034205401
 42
0.4142135623730891
 10
-150.5027548713515
 20
-80.72276081532619
 10
-166.6909845645957
 20
-80.72276081532619
 42
0.4142135623730863
 10
-168.0923740913238
 20
-82.12415034205401
 10
-168.0923740913238
 20
-146.6909436334531
 42
-0.4142135623730931
 10
-174.2909845645956
 20
-152.889554106725
 10
-174.6203944623437
 20
-152.889554106725
 42
-0.4142135623730946
 10
-180.8190049356156
 20
-146.6909436334531
 10
-180.8190049356156
 20
-41.99590122191773
 42
-0.414213562373197
 10
-174.6203944623414
 20
-35.79729074864565
 10
-174.2909845645936
 20
-35.79729074864565
 42
-0.4142135623729942
 10
-168.0923740913238
 20
-41.99590122191762
 10
-168.0923740913238
 20
-63.84474044430601
 42
0.4142135623731099
 10
-166.6909845645955
 20
-65.24612997103429
 10
-150.5027548713515
 20
-65.24612997103429
 42
0.4142135623730951
 10
-149.1013653446234
 20
-63.84474044430601
 10
-149.1013653446234
 20
-41.99590122191773
 42
-0.4142135623728977
 10
-142.9027548713561
 20
-35.79729074864599
 10
-142.573344973608
 20
-35.79729074864599
 42
-0.4142135623732979
 10
-136.3747345003321
 20
-41.99590122191785
 10
-136.3747345003321
 20
-106.5626945133167
 42
0.4142135623730921
 10
-134.973344973604
 20
-107.9640840400445
 10
-118.7851152803596
 20
-107.9640840400445
 42
0.414213562373101
 10
-117.3837257536315
 20
-106.5626945133168
 10
-117.3837257536315
 20
-41.99590122191762
 42
-0.414213562372893
 10
-111.1851152803642
 20
-35.79729074864599
 10
-110.8557053826161
 20
-35.79729074864599
 42
-0.4142135623732959
 10
-104.6570949093402
 20
-41.99590122191773
 10
-104.6570949093402
 20
-63.84474044430612
 42
0.4142135623730921
 10
-103.2557053826121
 20
-65.24612997103395
 10
-87.06747568936771
 20
-65.24612997103395
 42
0.4142135623731011
 10
-85.6660861626392
 20
-63.84474044430601
 10
-85.6660861626392
 20
-41.99590122191785
 42
-0.414213562372901
 10
-79.46747568937235
 20
-35.79729074864599
 10
-79.13806579162429
 20
-35.79729074864599
 42
-0.4142135623732952
 10
-72.93945531834833
 20
-41.99590122191773
 10
-72.93945531834833
 20
-106.5626945133167
 42
0.4142135623730951
 10
-71.53806579162028
 20
-107.9640840400445
 10
-55.34983609837581
 20
-107.9640840400445
 42
0.4142135623731011
 10
-53.94844657164776
 20
-106.5626945133168
 10
-53.94844657164776
 20
-41.99590122191762
 42
-0.414213562372893
 10
-47.74983609838045
 20
-35.79729074864599
 10
-47.42042620063239
 20
-35.79729074864599
 42
-0.414213562373296
 10
-41.22181572735644
 20
-41.99590122191773
 10
-41.22181572735644
 20
-63.84474044430612
 42
0.4142135623730906
 10
-39.82042620062839
 20
-65.24612997103395
 10
-23.63219650738392
 20
-65.24612997103395
 42
0.4142135623731054
 10
-22.23080698065542
 20
-63.84474044430601
 10
-22.23080698065542
 20
-41.99590122191773
 42
-0.4142135623728992
 10
-16.03219650738856
 20
-35.79729074864599
 10
-15.70278660964049
 20
-35.79729074864599
 42
-0.4142135623732967
 10
-9.504176136364549
 20
-41.99590122191773
 10
-9.504176136364549
 20
-106.5626945133167
 42
0.4142135623730951
 10
-8.102786609636495
 20
-107.9640840400445
 10
8.08544308360797
 20
-107.9640840400445
 42
0.414213562373101
 10
9.486832610336023
 20
-106.5626945133168
 10
9.486832610336023
 20
-41.99590122191762
 42
-0.4142135623728928
 10
15.68544308360333
 20
-35.79729074864599
 10
16.01485298135139
 20
-35.79729074864599
 42
-0.414213562373295
 10
22.21346345462734
 20
-41.99590122191773
 10
22.21346345462734
 20
-63.84474044430612
 42
0.4142135623730904
 10
23.6148529813554
 20
-65.24612997103395
 10
39.80308267459987
 20
-65.24612997103395
 42
0.4142135623731024
 10
41.20447220132837
 20
-63.84474044430601
 10
41.20447220132837
 20
-41.99590122191773
 42
-0.4142135623728992
 10
47.40308267459522
 20
-35.79729074864599
 10
47.73249257234328
 20
-35.79729074864599
 42
-0.4142135623732967
 10
53.93110304561924
 20
-41.99590122191773
 10
53.93110304561924
 20
-106.5626945133167
 42
0.4142135623730891
 10
55.33249257234729
 20
-107.9640840400445
 10
71.52072226559176
 20
-107.9640840400445
 42
0.414213562373101
 10
72.92211179231981
 20
-106.5626945133168
 10
72.92211179231981
 20
-41.99590122191762
 42
-0.4142135623728933
 10
79.12072226558712
 20
-35.79729074864599
 10
79.45013216333518
 20
-35.79729074864599
 42
-0.4142135623732974
 10
85.64874263661113
 20
-41.99590122191785
 10
85.64874263661113
 20
-63.84474044430612
 42
0.4142135623730891
 10
87.05013216333918
 20
-65.24612997103395
 10
103.2383618565836
 20
-65.24612997103395
 42
0.4142135623731011
 10
104.6397513833121
 20
-63.84474044430601
 10
104.6397513833121
 20
-41.99590122191773
 42
-0.4142135623728997
 10
110.838361856579
 20
-35.79729074864599
 10
111.1677717543271
 20
-35.79729074864599
 42
-0.4142135623732959
 10
117.366382227603
 20
-41.99590122191773
 10
117.366382227603
 20
-106.5626945133167
 42
0.4142135623730921
 10
118.7677717543311
 20
-107.9640840400445
 10
134.9560014475755
 20
-107.9640840400445
 42
0.4142135623730951
 10
136.3573909743036
 20
-106.5626945133168
 10
136.3573909743036
 20
-41.99590122191762
 42
-0.4142135623728949
 10
142.5560014475709
 20
-35.79729074864599
 10
142.885411345319
 20
-35.79729074864599
 42
-0.414213562373294
 10
149.0840218185949
 20
-41.99590122191773
 10
149.0840218185949
 20
-63.84474044430612
 42
0.4142135623730891
 10
150.485411345323
 20
-65.24612997103395
 10
166.6736410385674
 20
-65.24612997103395
 42
0.41421356237311
 10
168.0750305652955
 20
-63.84474044430601
 10
168.0750305652955
 20
-41.99590122191773
 42
-0.4142135623728977
 10
174.2736410385628
 20
-35.79729074864599
 10
174.6030509363109
 20
-35.79729074864599
 42
-0.414213562373294
 10
180.8016614095868
 20
-41.99590122191773
 10
180.8016614095868
 20
-106.5626945133167
 42
0.4142135623730921
 10
182.2030509363148
 20
-107.9640840400445
 10
198.3912806295593
 20
-107.9640840400445
 42
0.414213562373101
 10
199.7926701562874
 20
-106.5626945133168
 10
199.7926701562874
 20
-41.99590122191762
 42
-0.4142135623728923
 10
205.9912806295547
 20
-35.79729074864599
 10
206.3206905273028
 20
-35.79729074864599
 42
-0.414213562373295
 10
212.5193010005787
 20
-41.99590122191785
 10
212.5193010005787
 20
-149.4409436334531
 42
-0.4142135623729451
 10
206.3206905273105
 20
-155.6395541067248
 10
205.9912806295624
 20
-155.6395541067248
 42
-0.4142135623732485
 10
199.7926701562874
 20
-149.4409436334528
 10
199.7926701562874
 20
-124.8421044110644
 42
0.4142135623730877
 10
198.3912806295593
 20
-123.4407148843366
 10
182.2030509363148
 20
-123.4407148843366
 42
0.414213562373101
 10
180.8016614095868
 20
-124.8421044110642
 10
180.8016614095868
 20
-149.4409436334531
 42
-0.4142135623729438
 10
174.6030509363186
 20
-155.6395541067248
 10
174.2736410385705
 20
-155.6395541067248
 42
-0.4142135623732488
 10
168.0750305652955
 20
-149.4409436334528
 10
168.0750305652955
 20
-82.12415034205401
 42
0.4142135623730951
 10
166.6736410385674
 20
-80.72276081532619
 10
150.485411345323
 20
-80.72276081532619
 42
0.4142135623730981
 10
149.0840218185949
 20
-82.12415034205411
 10
149.0840218185949
 20
-146.6909436334531
 42
-0.4142135623729467
 10
142.8854113453267
 20
-152.8895541067248
 10
142.5560014475786
 20
-152.8895541067248
 42
-0.4142135623732472
 10
136.3573909743036
 20
-146.6909436334528
 10
136.3573909743036
 20
-124.8421044110644
 42
0.4142135623730921
 10
134.9560014475755
 20
-123.4407148843366
 10
118.7677717543311
 20
-123.4407148843366
 42
0.4142135623730966
 10
117.366382227603
 20
-124.8421044110642
 10
117.366382227603
 20
-146.6909436334532
 42
-0.4142135623729447
 10
111.1677717543348
 20
-152.8895541067248
 10
110.8383618565867
 20
-152.8895541067248
 42
-0.4142135623732472
 10
104.6397513833117
 20
-146.6909436334528
 10
104.6397513833117
 20
-82.12415034205401
 42
0.4142135623730921
 10
103.2383618565836
 20
-80.72276081532619
 10
87.05013216333918
 20
-80.72276081532619
 42
0.414213562373107
 10
85.64874263661067
 20
-82.12415034205411
 10
85.64874263661067
 20
-146.6909436334531
 42
-0.4142135623729454
 10
79.45013216334292
 20
-152.8895541067248
 10
79.12072226559485
 20
-152.8895541067248
 42
-0.4142135623732468
 10
72.92211179231981
 20
-146.6909436334528
 10
72.92211179231981
 20
-124.8421044110644
 42
0.4142135623730936
 10
71.52072226559176
 20
-123.4407148843366
 10
55.33249257234729
 20
-123.4407148843366
 42
0.4142135623730951
 10
53.93110304561924
 20
-124.8421044110642
 10
53.93110304561924
 20
-146.6909436334532
 42
-0.4142135623729436
 10
47.73249257235102
 20
-152.8895541067248
 10
47.40308267460295
 20
-152.8895541067248
 42
-0.4142135623732469
 10
41.20447220132791
 20
-146.6909436334528
 10
41.20447220132791
 20
-82.12415034205401
 42
0.4142135623730906
 10
39.80308267459987
 20
-80.72276081532619
 10
23.6148529813554
 20
-80.72276081532619
 42
0.4142135623731029
 10
22.21346345462689
 20
-82.12415034205411
 10
22.21346345462689
 20
-146.6909436334531
 42
-0.4142135623729458
 10
16.01485298135912
 20
-152.8895541067248
 10
15.68544308361106
 20
-152.8895541067248
 42
-0.4142135623732465
 10
9.486832610336023
 20
-146.6909436334528
 10
9.486832610336023
 20
-124.8421044110644
 42
0.4142135623730933
 10
8.08544308360797
 20
-123.4407148843366
 10
-8.102786609626946
 20
-123.4407148843366
 42
0.414213562373098
 10
-9.504176136354999
 20
-124.8421044110642
 10
-9.504176136354999
 20
-186.8664809274062
 42
0.134508274348666
 10
-8.25469944761744
 20
-191.6369393401571
 42
-0.2679374360512444
 10
-8.25469944761744
 20
-197.8353142812975
 42
0.1316469180909974
 10
-9.504766238606862
 20
-202.500831759601
 10
-9.504766238606862
 20
-202.8302416573491
 42
0.3651835212180231
 10
-1.75437455562087
 20
-212.0267233931876
 42
-0.2303579094387276
 10
2.650244249662137
 20
-215.191650839359
 42
0.278677729287261
 10
10.96689711551153
 20
-220.090450979573
 10
14.98051447325815
 20
-220.090450979573
 42
-0.1320720471764044
 10
18.08867035142566
 20
-220.9260269725937
 42
0.132072047176406
 10
18.79136607878036
 20
-221.1149350271416
 10
19.12077597652933
 20
-221.1149350271416
 42
0.4142135623730948
 10
20.52216550325738
 20
-219.7135455004136
 10
20.52216550325738
 20
-186.6420119641052
 42
-0.4142135623730444
 10
26.72077597652787
 20
-180.4434014908335
 10
27.05018587427594
 20
-180.4434014908335
 42
-0.4142135623731439
 10
33.24879634754825
 20
-186.642011964105
 10
33.24879634754825
 20
-261.6088052555044
 42
0.4142135623730891
 10
34.65018587427676
 20
-263.0101947822322
 10
50.83841556752123
 20
-263.0101947822322
 42
0.4142135623730935
 10
52.23980509424928
 20
-261.6088052555044
 10
52.23980509424928
 20
-186.6420119641052
 42
-0.414213562373045
 10
58.43841556751977
 20
-180.4434014908335
 10
58.76782546526783
 20
-180.4434014908335
 42
-0.4142135623731401
 10
64.96643593854014
 20
-186.642011964105
 10
64.96643593854014
 20
-213.6908511864938
 42
0.4142135623730951
 10
66.36782546526911
 20
-215.0922407132221
 10
82.55605515851266
 20
-215.0922407132221
 42
0.4142135623730891
 10
83.95744468524117
 20
-213.6908511864937
 10
83.95744468524117
 20
-186.6420119641052
 42
-0.4142135623730444
 10
90.15605515851166
 20
-180.4434014908335
 10
90.48546505625973
 20
-180.4434014908335
 42
-0.414213562373144
 10
96.68407552953205
 20
-186.642011964105
 10
96.68407552953205
 20
-261.6088052555044
 42
0.4142135623730891
 10
98.08546505626054
 20
-263.0101947822322
 10
114.273694749505
 20
-263.0101947822322
 42
0.4142135623730951
 10
115.675084276233
 20
-261.6088052555044
 10
115.675084276233
 20
-186.6420119641052
 42
-0.4142135623730445
 10
121.8736947495035
 20
-180.4434014908335
 10
122.2031046472516
 20
-180.4434014908335
 42
-0.4142135623731402
 10
128.4017151205239
 20
-186.642011964105
 10
128.4017151205239
 20
-213.6908511864938
 42
0.4142135623730966
 10
129.8031046472529
 20
-215.0922407132221
 10
145.9913343404964
 20
-215.0922407132221
 42
0.4142135623730788
 10
147.3927238672249
 20
-213.6908511864937
 10
147.3927238672249
 20
-186.6420119641052
 42
-0.4142135623730442
 10
153.5913343404954
 20
-180.4434014908335
 10
153.9207442382435
 20
-180.4434014908335
 42
-0.4142135623731413
 10
160.1193547115163
 20
-186.642011964105
 10
160.1193547115163
 20
-232.718408902295
 42
0.9999999999999998
  0
ENDBLK
  5
A51D
330
A51B
100
AcDbEntity
  8
参照
100
AcDbBlockEnd
  0
BLOCK
  5
B8EC
330
B8EB
100
AcDbEntity
  8
0
100
AcDbBlockBegin
  2
Filled-1
 70
     0
 10
0.0
 20
0.0
 30
0.0
  3
Filled-1
  1

  0
LINE
  5
B8ED
330
B8EB
100
AcDbEntity
  8
0
 62
     0
100
AcDbLine
 10
-1.0
 20
0.0
 30
0.0
 11
0.0
 21
0.0
 31
0.0
  0
POLYLINE
  5
B8EE
330
B8EB
100
AcDbEntity
  8
0
 62
     0
100
AcDb2dPolyline
 66
     1
 10
0.0
 20
0.0
 30
0.0
 70
   128
  0
VERTEX
  5
B8EF
330
B8EE
100
AcDbEntity
  8
0
 62
     0
100
AcDbVertex
100
AcDb2dVertex
 10
-1.0
 20
-0.125
 30
0.0
  0
VERTEX
  5
B8F0
330
B8EE
100
AcDbEntity
  8
0
 62
     0
100
AcDbVertex
100
AcDb2dVertex
 10
0.0
 20
0.0
 30
0.0
  0
VERTEX
  5
B8F1
330
B8EE
100
AcDbEntity
  8
0
 62
     0
100
AcDbVertex
100
AcDb2dVertex
 10
-1.0
 20
0.125
 30
0.0
  0
VERTEX
  5
B8F2
330
B8EE
100
AcDbEntity
  8
0
 62
     0
100
AcDbVertex
100
AcDb2dVertex
 10
-1.0
 20
-0.125
 30
0.0
  0
SEQEND
  5
B8F3
330
B8EE
100
AcDbEntity
  8
0
 62
     0
  0
SOLID
  5
B8F4
330
B8EB
100
AcDbEntity
  8
0
 62
     0
100
AcDbTrace
 10
-1.0
 20
-0.125
 30
0.0
 11
0.0
 21
0.0
 31
0.0
 12
-1.0
 22
0.125
 32
0.0
 13
-1.0
 23
-0.125
 33
0.0
  0
LINE
  5
B8F5
330
B8EB
100
AcDbEntity
  8
0
 62
     0
100
AcDbLine
 10
-1.0
 20
-0.125
 30
0.0
 11
0.0
 21
0.0
 31
0.0
  0
LINE
  5
B8F6
330
B8EB
100
AcDbEntity
  8
0
 62
     0
100
AcDbLine
 10
0.0
 20
0.0
 30
0.0
 11
-1.0
 21
0.125
 31
0.0
  0
LINE
  5
B8F7
330
B8EB
100
AcDbEntity
  8
0
 62
     0
100
AcDbLine
 10
-1.0
 20
0.125
 30
0.0
 11
-1.0
 21
-0.125
 31
0.0
  0
ENDBLK
  5
B8F8
330
B8EB
100
AcDbEntity
  8
0
100
AcDbBlockEnd
  0
BLOCK
  5
20FFA
330
20FF9
100
AcDbEntity
  8
0
100
AcDbBlockBegin
  2
*D34
 70
     1
 10
0.0
 20
0.0
 30
0.0
  3
*D34
  1

  0
LINE
  5
21029
330
20FF9
100
AcDbEntity
  8
dim
 62
     0
370
    -2
100
AcDbLine
 10
1998.746319517894
 20
59.87489679220854
 30
0.0
 11
1998.746319517894
 21
-5.495716500499042
 31
0.0
  0
LINE
  5
2102A
330
20FF9
100
AcDbEntity
  8
dim
 62
     0
370
    -2
100
AcDbLine
 10
2444.74622430305
 20
63.02888771557215
 30
0.0
 11
2444.74622430305
 21
-5.495716500499042
 31
0.0
  0
LINE
  5
2102B
330
20FF9
100
AcDbEntity
  8
dim
 62
     0
370
    -2
100
AcDbLine
 10
2006.426319517894
 20
-3.576676500499047
 30
0.0
 11
2437.06622430305
 21
-3.576676500499047
 31
0.0
  0
SOLID
  5
2102C
330
20FF9
100
AcDbEntity
  8
dim
 62
     0
100
AcDbTrace
 10
2006.426319517894
 20
-2.296676500499046
 30
0.0
 11
2006.426319517894
 21
-4.856676500499048
 31
0.0
 12
1998.746319517894
 22
-3.576676500499047
 32
0.0
 13
1998.746319517894
 23
-3.576676500499047
 33
0.0
  0
SOLID
  5
2102D
330
20FF9
100
AcDbEntity
  8
dim
 62
     0
100
AcDbTrace
 10
2437.06622430305
 20
-4.856676500499048
 30
0.0
 11
2437.06622430305
 21
-2.296676500499046
 31
0.0
 12
2444.74622430305
 22
-3.576676500499047
 32
0.0
 13
2444.74622430305
 23
-3.576676500499047
 33
0.0
  0
MTEXT
  5
2102E
330
20FF9
100
AcDbEntity
  8
dim
 62
     0
100
AcDbMText
 10
2221.746271910472
 20
3.142363499500959
 30
0.0
 40
9.599999999999999
 41
0.0
 46
0.0
 71
     5
 72
     1
  1
446
 73
     1
 44
1.0
1001
ACAD
1000
MTEXTBEGIN
1070
    73
1070
     1
1070
    44
1040
1.0
1070
    74
1070
     0
1000
MTEXTEND
  0
POINT
  5
2102F
330
20FF9
100
AcDbEntity
  8
Defpoints
 62
     0
100
AcDbPoint
 10
1998.746319517894
 20
61.79393679220854
 30
0.0
  0
POINT
  5
21030
330
20FF9
100
AcDbEntity
  8
Defpoints
 62
     0
100
AcDbPoint
 10
2444.74622430305
 20
64.94792771557214
 30
0.0
  0
POINT
  5
21031
330
20FF9
100
AcDbEntity
  8
Defpoints
 62
     0
100
AcDbPoint
 10
2444.74622430305
 20
-3.576676500499047
 30
0.0
  0
ENDBLK
  5
20FFB
330
20FF9
100
AcDbEntity
  8
0
100
AcDbBlockEnd
  0
BLOCK
  5
21006
330
21005
100
AcDbEntity
  8
0
100
AcDbBlockBegin
  2
*D35
 70
     1
 10
0.0
 20
0.0
 30
0.0
  3
*D35
  1

  0
LINE
  5
21032
330
21005
100
AcDbEntity
  8
dim
 62
     0
370
    -2
100
AcDbLine
 10
2008.746319517894
 20
64.87489679220854
 30
0.0
 11
2008.746319517894
 21
29.25237578242965
 31
0.0
  0
LINE
  5
21033
330
21005
100
AcDbEntity
  8
dim
 62
     0
370
    -2
100
AcDbLine
 10
2389.846278013988
 20
64.87489679220854
 30
0.0
 11
2389.846278013988
 21
29.25237578242965
 31
0.0
  0
LINE
  5
21034
330
21005
100
AcDbEntity
  8
dim
 62
     0
370
    -2
100
AcDbLine
 10
2016.426319517893
 20
31.17141578242965
 30
0.0
 11
2382.166278013988
 21
31.17141578242965
 31
0.0
  0
SOLID
  5
21035
330
21005
100
AcDbEntity
  8
dim
 62
     0
100
AcDbTrace
 10
2016.426319517893
 20
32.45141578242965
 30
0.0
 11
2016.426319517893
 21
29.89141578242965
 31
0.0
 12
2008.746319517894
 22
31.17141578242965
 32
0.0
 13
2008.746319517894
 23
31.17141578242965
 33
0.0
  0
SOLID
  5
21036
330
21005
100
AcDbEntity
  8
dim
 62
     0
100
AcDbTrace
 10
2382.166278013988
 20
29.89141578242965
 30
0.0
 11
2382.166278013988
 21
32.45141578242965
 31
0.0
 12
2389.846278013988
 22
31.17141578242965
 32
0.0
 13
2389.846278013988
 23
31.17141578242965
 33
0.0
  0
MTEXT
  5
21037
330
21005
100
AcDbEntity
  8
dim
 62
     0
100
AcDbMText
 10
2199.296298765941
 20
38.69045578242964
 30
0.0
 40
9.599999999999999
 41
0.0
 46
0.0
 71
     5
 72
     1
  1
381,1
 73
     1
 44
1.0
1001
ACAD
1000
MTEXTBEGIN
1070
    73
1070
     1
1070
    44
1040
1.0
1070
    74
1070
     0
1000
MTEXTEND
  0
POINT
  5
21038
330
21005
100
AcDbEntity
  8
Defpoints
 62
     0
100
AcDbPoint
 10
2008.746319517894
 20
66.79393679220854
 30
0.0
  0
POINT
  5
21039
330
21005
100
AcDbEntity
  8
Defpoints
 62
     0
100
AcDbPoint
 10
2389.846278013988
 20
66.79393679220854
 30
0.0
  0
POINT
  5
2103A
330
21005
100
AcDbEntity
  8
Defpoints
 62
     0
100
AcDbPoint
 10
2389.846278013988
 20
31.17141578242965
 30
0.0
  0
ENDBLK
  5
21007
330
21005
100
AcDbEntity
  8
0
100
AcDbBlockEnd
  0
BLOCK
  5
21012
330
21011
100
AcDbEntity
  8
0
100
AcDbBlockBegin
  2
*D36
 70
     1
 10
0.0
 20
0.0
 30
0.0
  3
*D36
  1

  0
LINE
  5
2103B
330
21011
100
AcDbEntity
  8
dim
 62
     0
370
    -2
100
AcDbLine
 10
2006.827279517894
 20
66.79393679220854
 30
0.0
 11
1980.887259147281
 21
66.79393679220854
 31
0.0
  0
LINE
  5
2103C
330
21011
100
AcDbEntity
  8
dim
 62
     0
370
    -2
100
AcDbLine
 10
2006.827279517894
 20
376.7939097414274
 30
0.0
 11
1980.887259147281
 21
376.7939097414274
 31
0.0
  0
LINE
  5
2103D
330
21011
100
AcDbEntity
  8
dim
 62
     0
370
    -2
100
AcDbLine
 10
1982.806299147281
 20
74.47393679220855
 30
0.0
 11
1982.806299147281
 21
369.1139097414273
 31
0.0
  0
SOLID
  5
2103E
330
21011
100
AcDbEntity
  8
dim
 62
     0
100
AcDbTrace
 10
1981.526299147281
 20
74.47393679220855
 30
0.0
 11
1984.086299147281
 21
74.47393679220855
 31
0.0
 12
1982.806299147281
 22
66.79393679220854
 32
0.0
 13
1982.806299147281
 23
66.79393679220854
 33
0.0
  0
SOLID
  5
2103F
330
21011
100
AcDbEntity
  8
dim
 62
     0
100
AcDbTrace
 10
1984.086299147281
 20
369.1139097414273
 30
0.0
 11
1981.526299147281
 21
369.1139097414273
 31
0.0
 12
1982.806299147281
 22
376.7939097414274
 32
0.0
 13
1982.806299147281
 23
376.7939097414274
 33
0.0
  0
MTEXT
  5
21040
330
21011
100
AcDbEntity
  8
dim
 62
     0
100
AcDbMText
 10
1976.087259147281
 20
221.793923266818
 30
0.0
 40
9.599999999999999
 41
0.0
 46
0.0
 71
     5
 72
     1
  1
310
 11
0.0
 21
1.0
 31
0.0
 73
     1
 44
1.0
1001
ACAD
1000
MTEXTBEGIN
1070
    73
1070
     1
1070
    44
1040
1.0
1070
    74
1070
     0
1000
MTEXTEND
  0
POINT
  5
21041
330
21011
100
AcDbEntity
  8
Defpoints
 62
     0
100
AcDbPoint
 10
2008.746319517894
 20
66.79393679220854
 30
0.0
  0
POINT
  5
21042
330
21011
100
AcDbEntity
  8
Defpoints
 62
     0
100
AcDbPoint
 10
2008.746319517894
 20
376.7939097414274
 30
0.0
  0
POINT
  5
21043
330
21011
100
AcDbEntity
  8
Defpoints
 62
     0
100
AcDbPoint
 10
1982.806299147281
 20
376.7939097414274
 30
0.0
  0
ENDBLK
  5
21013
330
21011
100
AcDbEntity
  8
0
100
AcDbBlockEnd
  0
BLOCK
  5
2101E
330
2101D
100
AcDbEntity
  8
0
100
AcDbBlockBegin
  2
*D37
 70
     1
 10
0.0
 20
0.0
 30
0.0
  3
*D37
  1

  0
LINE
  5
21044
330
2101D
100
AcDbEntity
  8
dim
 62
     0
370
    -2
100
AcDbLine
 10
1994.827279517894
 20
381.7939097414273
 30
0.0
 11
1958.440436235826
 21
381.7939097414273
 31
0.0
  0
LINE
  5
21045
330
2101D
100
AcDbEntity
  8
dim
 62
     0
370
    -2
100
AcDbLine
 10
1994.827279517894
 20
61.79393679220854
 30
0.0
 11
1958.440436235826
 21
61.79393679220854
 31
0.0
  0
LINE
  5
21046
330
2101D
100
AcDbEntity
  8
dim
 62
     0
370
    -2
100
AcDbLine
 10
1960.359476235827
 20
374.1139097414273
 30
0.0
 11
1960.359476235827
 21
69.47393679220855
 31
0.0
  0
SOLID
  5
21047
330
2101D
100
AcDbEntity
  8
dim
 62
     0
100
AcDbTrace
 10
1961.639476235827
 20
374.1139097414273
 30
0.0
 11
1959.079476235826
 21
374.1139097414273
 31
0.0
 12
1960.359476235827
 22
381.7939097414273
 32
0.0
 13
1960.359476235827
 23
381.7939097414273
 33
0.0
  0
SOLID
  5
21048
330
2101D
100
AcDbEntity
  8
dim
 62
     0
100
AcDbTrace
 10
1959.079476235826
 20
69.47393679220855
 30
0.0
 11
1961.639476235827
 21
69.47393679220855
 31
0.0
 12
1960.359476235827
 22
61.79393679220854
 32
0.0
 13
1960.359476235827
 23
61.79393679220854
 33
0.0
  0
MTEXT
  5
21049
330
2101D
100
AcDbEntity
  8
dim
 62
     0
100
AcDbMText
 10
1953.640436235826
 20
221.793923266818
 30
0.0
 40
9.599999999999999
 41
0.0
 46
0.0
 71
     5
 72
     1
  1
320
 11
0.0
 21
1.0
 31
0.0
 73
     1
 44
1.0
1001
ACAD
1000
MTEXTBEGIN
1070
    73
1070
     1
1070
    44
1040
1.0
1070
    74
1070
     0
1000
MTEXTEND
  0
POINT
  5
2104A
330
2101D
100
AcDbEntity
  8
Defpoints
 62
     0
100
AcDbPoint
 10
1996.746319517894
 20
381.7939097414273
 30
0.0
  0
POINT
  5
2104B
330
2101D
100
AcDbEntity
  8
Defpoints
 62
     0
100
AcDbPoint
 10
1996.746319517894
 20
61.79393679220854
 30
0.0
  0
POINT
  5
2104C
330
2101D
100
AcDbEntity
  8
Defpoints
 62
     0
100
AcDbPoint
 10
1960.359476235827
 20
61.79393679220854
 30
0.0
  0
ENDBLK
  5
2101F
330
2101D
100
AcDbEntity
  8
0
100
AcDbBlockEnd
  0
BLOCK
  5
24A89
330
24A7F
100
AcDbEntity
  8
dim
100
AcDbBlockBegin
  2
*D38
 70
     1
 10
0.0
 20
0.0
 30
0.0
  3
*D38
  1

  0
LINE
  5
24A8B
330
24A7F
100
AcDbEntity
  8
dim
 62
     0
370
    -2
100
AcDbLine
 10
2008.746319517894
 20
378.7129497414273
 30
0.0
 11
2008.746319517894
 21
399.2060536388609
 31
0.0
  0
LINE
  5
24A8C
330
24A7F
100
AcDbEntity
  8
dim
 62
     0
370
    -2
100
AcDbLine
 10
2434.74622430305
 20
378.7129497414273
 30
0.0
 11
2434.74622430305
 21
399.2060536388609
 31
0.0
  0
LINE
  5
24A8D
330
24A7F
100
AcDbEntity
  8
dim
 62
     0
370
    -2
100
AcDbLine
 10
2016.426319517894
 20
397.2870136388609
 30
0.0
 11
2427.06622430305
 21
397.2870136388609
 31
0.0
  0
SOLID
  5
24A8E
330
24A7F
100
AcDbEntity
  8
dim
 62
     0
100
AcDbTrace
 10
2016.426319517894
 20
398.5670136388609
 30
0.0
 11
2016.426319517894
 21
396.0070136388609
 31
0.0
 12
2008.746319517894
 22
397.2870136388609
 32
0.0
 13
2008.746319517894
 23
397.2870136388609
 33
0.0
  0
SOLID
  5
24A8F
330
24A7F
100
AcDbEntity
  8
dim
 62
     0
100
AcDbTrace
 10
2427.06622430305
 20
396.0070136388609
 30
0.0
 11
2427.06622430305
 21
398.5670136388609
 31
0.0
 12
2434.74622430305
 22
397.2870136388609
 32
0.0
 13
2434.74622430305
 23
397.2870136388609
 33
0.0
  0
MTEXT
  5
24A90
330
24A7F
100
AcDbEntity
  8
dim
 62
     0
100
AcDbMText
 10
2221.746271910472
 20
404.0060536388609
 30
0.0
 40
9.599999999999999
 41
0.0
 46
0.0
 71
     5
 72
     1
  1
426
 73
     1
 44
1.0
1001
ACAD
1000
MTEXTBEGIN
1070
    73
1070
     1
1070
    44
1040
1.0
1070
    74
1070
     0
1000
MTEXTEND
  0
POINT
  5
24A91
330
24A7F
100
AcDbEntity
  8
Defpoints
 62
     0
100
AcDbPoint
 10
2008.746319517894
 20
376.7939097414274
 30
0.0
  0
POINT
  5
24A92
330
24A7F
100
AcDbEntity
  8
Defpoints
 62
     0
100
AcDbPoint
 10
2434.74622430305
 20
376.7939097414274
 30
0.0
  0
POINT
  5
24A93
330
24A7F
100
AcDbEntity
  8
Defpoints
 62
     0
100
AcDbPoint
 10
2434.74622430305
 20
397.2870136388609
 30
0.0
  0
ENDBLK
  5
24A8A
330
24A7F
100
AcDbEntity
  8
dim
100
AcDbBlockEnd
  0
ENDSEC
  0
SECTION
  2
ENTITIES
  0
CIRCLE
  5
24C41
330
A
100
AcDbEntity
  8
菲林
 62
     6
100
AcDbCircle
 10
3293.669328129664
 20
79.29393679220854
 30
0.0
 40
1.0
  0
CIRCLE
  5
24C42
330
A
100
AcDbEntity
  8
菲林
 62
     6
100
AcDbCircle
 10
3729.66923291482
 20
324.2939097414273
 30
0.0
 40
1.0
  0
CIRCLE
  5
24C43
330
A
100
AcDbEntity
  8
菲林
 62
     6
100
AcDbCircle
 10
3729.66923291482
 20
79.29393679220854
 30
0.0
 40
1.0
  0
CIRCLE
  5
24C44
330
A
100
AcDbEntity
  8
菲林
 62
     6
100
AcDbCircle
 10
3293.669328129664
 20
364.2939097414274
 30
0.0
 40
1.0
  0
LWPOLYLINE
  5
24C45
330
A
100
AcDbEntity
  8
0
100
AcDbPolyline
 90
       20
 70
     1
 43
0.0
 10
3669.269286625758
 20
225.2900475343961
 10
3669.269286625758
 20
168.5419921633023
 42
0.4142135623729785
 10
3671.269286625758
 20
166.5419921633023
 10
3692.269286625758
 20
166.5419921633023
 42
-0.4142135623729785
 10
3694.269286625758
 20
164.5419921633023
 10
3694.269286625758
 20
132.5419921633023
 42
-0.4142135623729785
 10
3692.269286625758
 20
130.5419921633023
 10
3671.269286625758
 20
130.5419921633023
 42
0.4142135623729785
 10
3669.269286625758
 20
128.5419921633023
 10
3669.269286625758
 20
71.79393679220854
 42
-0.4142135623729785
 10
3667.269286625758
 20
69.79393679220854
 10
3303.669328129664
 20
69.79393679220854
 42
-0.4142135623731367
 10
3301.669328129664
 20
71.79393679220854
 10
3301.669328129664
 20
371.7939097414273
 42
-0.4142135623731284
 10
3303.669328129664
 20
373.7939097414273
 10
3719.66923291482
 20
373.7939097414273
 42
-0.4142135623729785
 10
3721.66923291482
 20
371.7939097414273
 10
3721.66923291482
 20
229.2900475343961
 42
-0.4142135623729785
 10
3719.66923291482
 20
227.2900475343961
 10
3671.269286625758
 20
227.2900475343961
 42
0.4142135623729785
  0
LWPOLYLINE
  5
24C86
330
A
100
AcDbEntity
  8
菲林
100
AcDbPolyline
 90
        6
 70
     1
 43
0.0
 10
2646.367165833956
 20
66.79393679220854
 10
3027.46712433005
 20
66.79393679220854
 10
3027.46712433005
 20
224.2900475343961
 10
3072.367070619113
 20
224.2900475343961
 10
3072.367070619113
 20
376.7939097414274
 10
2646.367165833956
 20
376.7939097414274
  0
VIEWPORT
  5
4DBA
330
B
100
AcDbEntity
 67
     1
  8
0
 62
     0
 48
0.0
370
     0
100
AcDbViewport
 10
0.0
 20
0.0
 30
0.0
 40
1000.0
 41
1000.0
 68
     1
 69
    -1
 12
0.0
 22
0.0
 13
0.0
 23
0.0
 14
1.0
 24
1.0
 15
1.0
 25
1.0
 16
0.0
 26
0.0
 36
1.0
 17
0.0
 27
0.0
 37
0.0
 42
50.0
 43
0.0
 44
0.0
 45
1000.0
 50
0.0
 51
0.0
 72
   100
 90
        0
  1

281
     0
 71
     0
 74
     1
110
0.0
120
0.0
130
0.0
111
1.0
121
0.0
131
0.0
112
0.0
122
1.0
132
0.0
 79
     0
146
0.0
170
     0
 61
     5
348
4DDD
292
     1
282
     1
141
0.0
142
0.0
 63
   250
421
  3355443
  0
ENDSEC
  0
SECTION
  2
OBJECTS
  0
DICTIONARY
  5
19
330
0
100
AcDbDictionary
281
     1
  3
ACAD_CIP_PREVIOUS_PRODUCT_INFO
350
4E0D
  3
ACAD_COLOR
350
4DF0
  3
ACAD_DATALINK
350
4E76
  3
ACAD_DETAILVIEWSTYLE
350
4E09
  3
ACAD_GROUP
350
1A
  3
ACAD_IMAGE_VARS
350
24B47
  3
ACAD_LAYOUT
350
1E
  3
ACAD_MATERIAL
350
4DBE
  3
ACAD_MLEADERSTYLE
350
4E05
  3
ACAD_MLINESTYLE
350
1B
  3
ACAD_PLOTSETTINGS
350
22
  3
ACAD_PLOTSTYLENAME
350
1F
  3
ACAD_SCALELIST
350
4DF3
  3
ACAD_SECTIONVIEWSTYLE
350
4E07
  3
ACAD_TABLESTYLE
350
4DF1
  3
ACAD_VISUALSTYLE
350
4DD7
  3
ACAD_WIPEOUT_VARS
350
23
  3
AcadDim_CRX
350
63F3
  3
ACDB_RECOMPOSE_DATA
350
24C91
  3
AcDbVariableDictionary
350
4E6C
  3
ASE_INDEX_DICTIONARY
350
4E3D
  3
lxx_dict
350
7817
  3
TCH_DBCONFIG
350
24B26
  0
DICTIONARY
  5
4E43
330
2
100
AcDbDictionary
280
     1
281
     1
  3
ACAD_LAYERSTATES
360
4E44
  0
DICTIONARY
  5
4E3A
330
14
100
AcDbDictionary
280
     1
281
     1
  3
ADSK_XREC_LAYER_RECONCILED
360
4E3B
  0
DICTIONARY
  5
4EC7
330
4EC6
100
AcDbDictionary
280
     1
281
     1
  3
ADSK_XREC_LAYER_RECONCILED
360
4EC8
  0
DICTIONARY
  5
4ECA
330
4EC9
100
AcDbDictionary
280
     1
281
     1
  3
ADSK_XREC_LAYER_RECONCILED
360
4ECB
  0
DICTIONARY
  5
4ECD
330
4ECC
100
AcDbDictionary
280
     1
281
     1
  3
ADSK_XREC_LAYER_RECONCILED
360
4ECE
  0
DICTIONARY
  5
4ED0
330
4ECF
100
AcDbDictionary
280
     1
281
     1
  3
ADSK_XREC_LAYER_RECONCILED
360
4ED1
  0
DICTIONARY
  5
4ED3
330
4ED2
100
AcDbDictionary
280
     1
281
     1
  3
ADSK_XREC_LAYER_RECONCILED
360
4ED4
  0
DICTIONARY
  5
4ED6
330
4ED5
100
AcDbDictionary
280
     1
281
     1
  3
ADSK_XREC_LAYER_RECONCILED
360
4ED7
  0
DICTIONARY
  5
792F
330
792E
100
AcDbDictionary
280
     1
281
     1
  3
ADSK_XREC_LAYER_RECONCILED
360
7930
  0
DICTIONARY
  5
7932
330
7931
100
AcDbDictionary
280
     1
281
     1
  3
ADSK_XREC_LAYER_RECONCILED
360
7933
  0
DICTIONARY
  5
5514
330
A
100
AcDbDictionary
280
     1
281
     1
  3
ACAD_SORTENTS
360
5515
  0
DICTIONARY
  5
843F
330
843E
100
AcDbDictionary
280
     1
281
     1
  3
ACAD_SORTENTS
360
84AC
  0
XRECORD
  5
4E0D
102
{ACAD_REACTORS
330
19
102
}
330
19
100
AcDbXrecord
280
     1
300
ACD
300
2021
300

  0
DICTIONARY
  5
4DF0
102
{ACAD_REACTORS
330
19
102
}
330
19
100
AcDbDictionary
281
     1
  0
DICTIONARY
  5
4E76
102
{ACAD_REACTORS
330
19
102
}
330
19
100
AcDbDictionary
280
     1
281
     1
  0
DICTIONARY
  5
4E09
102
{ACAD_REACTORS
330
19
102
}
330
19
100
AcDbDictionary
281
     1
  3
Metric50
350
4E0A
  0
DICTIONARY
  5
1A
102
{ACAD_REACTORS
330
19
102
}
330
19
100
AcDbDictionary
281
     1
  3
*A1
350
2227A
  3
*A2
350
2227B
  3
*A3
350
22285
  3
*A4
350
22286
  0
RASTERVARIABLES
  5
24B47
102
{ACAD_REACTORS
330
19
102
}
330
19
100
AcDbRasterVariables
 90
        0
 70
     1
 71
     1
 72
     0
  0
DICTIONARY
  5
1E
102
{ACAD_REACTORS
330
19
102
}
330
19
100
AcDbDictionary
281
     1
  3
Layout1
350
21
  3
Model
350
20
  0
DICTIONARY
  5
4DBE
102
{ACAD_REACTORS
330
19
102
}
330
19
100
AcDbDictionary
281
     1
  3
ByBlock
350
4DC7
  3
ByLayer
350
4DBF
  3
Global
350
4DCF
  0
DICTIONARY
  5
4E05
102
{ACAD_REACTORS
330
19
102
}
330
19
100
AcDbDictionary
281
     1
  3
Standard
350
4E06
  0
DICTIONARY
  5
1B
102
{ACAD_REACTORS
330
19
102
}
330
19
100
AcDbDictionary
281
     1
  3
Standard
350
1C
  0
DICTIONARY
  5
22
102
{ACAD_REACTORS
330
19
102
}
330
19
100
AcDbDictionary
281
     1
  0
ACDBDICTIONARYWDFLT
  5
1F
102
{ACAD_REACTORS
330
19
102
}
330
19
100
AcDbDictionary
281
     1
  3
Normal
350
1D
100
AcDbDictionaryWithDefault
340
1D
  0
DICTIONARY
  5
4DF3
102
{ACAD_REACTORS
330
19
102
}
330
19
100
AcDbDictionary
281
     1
  3
A0
350
4DF4
  3
A1
350
4DF5
  3
A2
350
4DF6
  3
A3
350
4DF7
  3
A4
350
4DF8
  3
A5
350
4DF9
  3
A6
350
4DFA
  3
A7
350
4DFB
  3
A8
350
4DFC
  3
A9
350
4DFD
  3
B0
350
4DFE
  3
B1
350
4DFF
  3
B2
350
4E00
  3
B3
350
4E01
  3
B4
350
4E02
  3
B5
350
4E03
  3
B6
350
4E04
  0
DICTIONARY
  5
4E07
102
{ACAD_REACTORS
330
19
102
}
330
19
100
AcDbDictionary
281
     1
  3
Metric50
350
4E08
  0
DICTIONARY
  5
4DF1
102
{ACAD_REACTORS
330
19
102
}
330
19
100
AcDbDictionary
281
     1
  3
Standard
350
4DF2
  0
DICTIONARY
  5
4DD7
102
{ACAD_REACTORS
330
19
102
}
330
19
100
AcDbDictionary
281
     1
  3
2dWireframe
350
4DDD
  3
3dWireframe
350
4EE8
  3
Basic
350
4DDC
  3
Brighten
350
4DE3
  3
ColorChange
350
4DE7
  3
Conceptual
350
4DE0
  3
Dim
350
4DE2
  3
EdgeColorOff
350
4DEF
  3
Facepattern
350
4DE6
  3
Flat
350
4DD8
  3
FlatWithEdges
350
4DD9
  3
Gouraud
350
4DDA
  3
GouraudWithEdges
350
4DDB
  3
Hidden
350
4DDF
  3
JitterOff
350
4DED
  3
Linepattern
350
4DE5
  3
OverhangOff
350
4DEE
  3
Realistic
350
4DE1
  3
Shaded
350
4DEC
  3
Shaded with edges
350
4DEB
  3
Shades of Gray
350
4DE8
  3
Sketchy
350
4DE9
  3
Thicken
350
4DE4
  3
Wireframe
350
4DDE
  3
X-Ray
350
4DEA
  0
WIPEOUTVARIABLES
  5
23
330
19
100
AcDbWipeoutVariables
 70
     1
  0
XRECORD
  5
63F3
102
{ACAD_REACTORS
330
19
102
}
330
19
100
AcDbXrecord
280
     1
 90
   990106
  3

 60
     0
 61
     0
 62
     1
 63
     3
 64
     0
 65
     0
 66
     0
 67
     3
 68
     1
 69
     0
 70
     0
 71
     0
 72
     0
 40
0.0
170
     0
  0
XRECORD
  5
24C91
102
{ACAD_REACTORS
330
19
102
}
330
19
100
AcDbXrecord
280
     1
 90
        1
330
4DF2
  0
DICTIONARY
  5
4E6C
102
{ACAD_REACTORS
330
19
102
}
330
19
100
AcDbDictionary
281
     1
  3
CANNOSCALE
350
4E72
  3
CMLEADERSTYLE
350
4E6E
  3
CTABLESTYLE
350
4E6D
  3
CVIEWDETAILSTYLE
350
4E6F
  3
CVIEWSECTIONSTYLE
350
4E70
  3
HPCOLOR
350
598C
  3
LAYEREVAL
350
4E74
  3
LAYERNOTIFY
350
4E75
  3
LIGHTINGUNITS
350
4E73
  3
MSLTSCALE
350
4E71
  3
OLEFRAME
350
8334
  0
DICTIONARY
  5
4E3D
102
{ACAD_REACTORS
330
19
102
}
330
19
100
AcDbDictionary
281
     1
  3
ASEBlockHierarchyIndexRecord
350
4E3F
1001
DCO15
1040
-2126364177.0
  0
DICTIONARY
  5
7817
102
{ACAD_REACTORS
330
19
102
}
330
19
100
AcDbDictionary
281
     1
  3
lxx_dimth
350
7818
  0
ACAD_PROXY_OBJECT
  5
24B26
102
{ACAD_REACTORS
330
19
102
}
330
19
100
AcDbProxyObject
 90
      499
 91
      535
 71
    27
 97
       25
 70
     0
162
               374
311
AA4154C013C01300124011002A40DB9986A4059E10429593671F37750674168A512DEFDDB775447D5D02D1915E5CA8
161
              1576
310
F900000000000016500000000000070A74040C000000009A9999999999D93F0000000000081F1000004000500004000000000000594026A666666666724FC9A9999999999D93F26A666666666764FC9A9999999999D93F26A666666666764FC9A9999999999D93F000000000000340FC000000000000E03F00000000000038
310
0FC000000000000E03F000000000000380FC000000000000E03F80C0C0000000000408F4021D139D28615ED8FC000000000000104000000000001023D0000000000000024405
340
0
340
0
 94
        0
  0
DICTIONARY
  5
4E44
102
{ACAD_REACTORS
330
4E43
102
}
330
4E43
100
AcDbDictionary
281
     1
  0
XRECORD
  5
4E3B
102
{ACAD_REACTORS
330
4E3A
102
}
330
4E3A
100
AcDbXrecord
280
     1
290
     1
  0
XRECORD
  5
4EC8
102
{ACAD_REACTORS
330
4EC7
102
}
330
4EC7
100
AcDbXrecord
280
     1
290
     0
  0
XRECORD
  5
4ECB
102
{ACAD_REACTORS
330
4ECA
102
}
330
4ECA
100
AcDbXrecord
280
     1
290
     0
  0
XRECORD
  5
4ECE
102
{ACAD_REACTORS
330
4ECD
102
}
330
4ECD
100
AcDbXrecord
280
     1
290
     0
  0
XRECORD
  5
4ED1
102
{ACAD_REACTORS
330
4ED0
102
}
330
4ED0
100
AcDbXrecord
280
     1
290
     0
  0
XRECORD
  5
4ED4
102
{ACAD_REACTORS
330
4ED3
102
}
330
4ED3
100
AcDbXrecord
280
     1
290
     0
  0
XRECORD
  5
4ED7
102
{ACAD_REACTORS
330
4ED6
102
}
330
4ED6
100
AcDbXrecord
280
     1
290
     0
  0
XRECORD
  5
7930
102
{ACAD_REACTORS
330
792F
102
}
330
792F
100
AcDbXrecord
280
     1
290
     0
  0
XRECORD
  5
7933
102
{ACAD_REACTORS
330
7932
102
}
330
7932
100
AcDbXrecord
280
     1
290
     0
  0
SORTENTSTABLE
  5
5515
102
{ACAD_REACTORS
330
5514
102
}
330
5514
100
AcDbSortentsTable
330
A
  0
SORTENTSTABLE
  5
84AC
102
{ACAD_REACTORS
330
843F
102
}
330
843F
100
AcDbSortentsTable
330
843E
  0
ACDBDETAILVIEWSTYLE
  5
4E0A
102
{ACAD_REACTORS
330
4E09
102
}
330
4E09
100
AcDbModelDocViewStyle
 70
     0
  3
Metric50
290
     1
300
Metric50
 90
        0
100
AcDbDetailViewStyle
 70
     0
 71
     0
 90
        3
 71
     1
340
17
 62
   256
 40
5.0
340
0
 62
   256
 40
5.0
300

 40
0.0
280
     1
 71
     2
340
13
 90
       25
 62
   256
 71
     3
340
17
 62
   256
 40
5.0
 90
        0
 40
15.0
 90
        1
300
%<\AcVar ViewDetailId>% (%<\AcVar ViewScale \f "%sn">%)
 71
     4
340
13
 90
       25
 62
   256
340
13
 90
       25
 62
   256
280
     0
1001
DetailViewStyle
1005
0
1070
    25
1004
1800000002000000000000C0000000000000000000000000
1040
15.0
1040
10.0
1070
     0
1070
     0
1070
     0
1070
     0
1070
     2
  0
GROUP
  5
2227A
102
{ACAD_REACTORS
330
1A
102
}
330
1A
100
AcDbGroup
300

 70
     1
 71
     1
  0
GROUP
  5
2227B
102
{ACAD_REACTORS
330
1A
102
}
330
1A
100
AcDbGroup
300

 70
     1
 71
     1
  0
GROUP
  5
22285
102
{ACAD_REACTORS
330
1A
102
}
330
1A
100
AcDbGroup
300

 70
     1
 71
     1
  0
GROUP
  5
22286
102
{ACAD_REACTORS
330
1A
102
}
330
1A
100
AcDbGroup
300

 70
     1
 71
     1
  0
LAYOUT
  5
21
102
{ACAD_REACTORS
330
1E
102
}
330
1E
100
AcDbPlotSettings
  1

  2

  4

  6

 40
0.0
 41
0.0
 42
0.0
 43
0.0
 44
0.0
 45
0.0
 46
0.0
 47
0.0
 48
0.0
 49
0.0
140
0.0
141
0.0
142
1.0
143
1.0
 70
     0
 72
     0
 73
     0
 74
     0
  7

 75
     0
 76
     0
 77
     2
 78
   300
147
1.0
148
0.0
149
0.0
100
AcDbLayout
  1
Layout1
 70
     0
 71
     1
 10
0.0
 20
0.0
 11
0.0
 21
0.0
 12
0.0
 22
0.0
 32
0.0
 14
0.0
 24
0.0
 34
0.0
 15
0.0
 25
0.0
 35
0.0
146
0.0
 13
0.0
 23
0.0
 33
0.0
 16
0.0
 26
0.0
 36
0.0
 17
0.0
 27
0.0
 37
0.0
 76
     0
330
B
331
4DBA
  0
LAYOUT
  5
20
102
{ACAD_REACTORS
330
1E
102
}
330
1E
100
AcDbPlotSettings
  1

  2
\\Pc-20220516lkig\HP LaserJet M1005 (副本 2)
  4
A4
  6

 40
4.773083333333333
 41
4.942416666666666
 42
6.339416666666636
 43
4.773083333333374
 44
210.0156666666666
 45
297.0106666666667
 46
-0.0000000000000071
 47
2.994629761904931
 48
377.4814840048966
 49
-261.2623159503155
140
1800.99603485984
141
745.2631240481305
142
1.0
143
5.060379162717097
 70
  1716
 72
     1
 73
     1
 74
     4
  7
CXT_A4.stb
 75
     0
 76
     0
 77
     2
 78
   300
147
0.1976136506464991
148
-377.4814840048966
149
261.2623159503155
100
AcDbLayout
  1
Model
 70
     0
 71
     0
 10
0.0
 20
0.0
 11
0.0
 21
0.0
 12
0.0
 22
0.0
 32
0.0
 14
0.0
 24
0.0
 34
0.0
 15
0.0
 25
0.0
 35
0.0
146
0.0
 13
0.0
 23
0.0
 33
0.0
 16
0.0
 26
0.0
 36
0.0
 17
0.0
 27
0.0
 37
0.0
 76
     0
330
A
331
CB98
1001
ACAD_PSEXT
1000
\\Pc-20220516lkig\HP LaserJet M1005 (副本 2)
1000
HP LaserJet M1005
1000
\\Pc-20220516lkig
1000

1070
     0
  0
MATERIAL
  5
4DC7
102
{ACAD_REACTORS
330
4DBE
102
}
330
4DBE
100
AcDbMaterial
  1
ByBlock
 72
     0
 73
     2
 77
     0
 78
     2
171
     0
172
     2
175
     0
176
     2
179
     0
270
     2
274
     2
 94
      127
  0
MATERIAL
  5
4DBF
102
{ACAD_REACTORS
330
4DBE
102
}
330
4DBE
100
AcDbMaterial
  1
ByLayer
 72
     0
 73
     2
 77
     0
 78
     2
171
     0
172
     2
175
     0
176
     2
179
     0
270
     2
274
     2
 94
      127
  0
MATERIAL
  5
4DCF
102
{ACAD_REACTORS
330
4DBE
102
}
330
4DBE
100
AcDbMaterial
  1
Global
 72
     0
 73
     2
 77
     0
 78
     2
171
     0
172
     2
175
     0
176
     2
179
     0
270
     2
274
     2
 94
      127
  0
MLEADERSTYLE
  5
4E06
102
{ACAD_REACTORS
330
4E05
102
}
330
4E05
100
AcDbMLeaderStyle
179
     2
170
     2
171
     1
172
     0
 90
        2
 40
0.0
 41
0.0
173
     1
 91
-1056964608
340
11
 92
       -2
290
     1
 42
2.0
291
     1
 43
0.36
  3
Standard
 44
4.0
300

342
17
174
     1
178
     6
175
     1
176
     0
 93
-1056964608
 45
4.0
292
     0
297
     0
 46
4.0
 94
-1056964608
 47
1.0
 49
1.0
140
1.0
293
     1
141
0.0
294
     1
177
     0
142
1.0
295
     0
296
     0
143
0.125
271
     0
272
     9
273
     9
298
     1
  0
MLINESTYLE
  5
1C
102
{ACAD_REACTORS
330
1B
102
}
330
1B
100
AcDbMlineStyle
  2
STANDARD
 70
     0
  3

 62
     0
 51
90.0
 52
90.0
 71
     2
 49
0.5
 62
   256
  6
BYLAYER
 49
-0.5
 62
   256
  6
BYLAYER
  0
ACDBPLACEHOLDER
  5
1D
102
{ACAD_REACTORS
330
1F
102
}
330
1F
  0
SCALE
  5
4DF4
102
{ACAD_REACTORS
330
4DF3
102
}
330
4DF3
100
AcDbScale
 70
     0
300
1:1
140
1.0
141
1.0
290
     1
  0
SCALE
  5
4DF5
102
{ACAD_REACTORS
330
4DF3
102
}
330
4DF3
100
AcDbScale
 70
     0
300
1:2
140
1.0
141
2.0
290
     0
  0
SCALE
  5
4DF6
102
{ACAD_REACTORS
330
4DF3
102
}
330
4DF3
100
AcDbScale
 70
     0
300
1:4
140
1.0
141
4.0
290
     0
  0
SCALE
  5
4DF7
102
{ACAD_REACTORS
330
4DF3
102
}
330
4DF3
100
AcDbScale
 70
     0
300
1:5
140
1.0
141
5.0
290
     0
  0
SCALE
  5
4DF8
102
{ACAD_REACTORS
330
4DF3
102
}
330
4DF3
100
AcDbScale
 70
     0
300
1:8
140
1.0
141
8.0
290
     0
  0
SCALE
  5
4DF9
102
{ACAD_REACTORS
330
4DF3
102
}
330
4DF3
100
AcDbScale
 70
     0
300
1:10
140
1.0
141
10.0
290
     0
  0
SCALE
  5
4DFA
102
{ACAD_REACTORS
330
4DF3
102
}
330
4DF3
100
AcDbScale
 70
     0
300
1:16
140
1.0
141
16.0
290
     0
  0
SCALE
  5
4DFB
102
{ACAD_REACTORS
330
4DF3
102
}
330
4DF3
100
AcDbScale
 70
     0
300
1:20
140
1.0
141
20.0
290
     0
  0
SCALE
  5
4DFC
102
{ACAD_REACTORS
330
4DF3
102
}
330
4DF3
100
AcDbScale
 70
     0
300
1:30
140
1.0
141
30.0
290
     0
  0
SCALE
  5
4DFD
102
{ACAD_REACTORS
330
4DF3
102
}
330
4DF3
100
AcDbScale
 70
     0
300
1:40
140
1.0
141
40.0
290
     0
  0
SCALE
  5
4DFE
102
{ACAD_REACTORS
330
4DF3
102
}
330
4DF3
100
AcDbScale
 70
     0
300
1:50
140
1.0
141
50.0
290
     0
  0
SCALE
  5
4DFF
102
{ACAD_REACTORS
330
4DF3
102
}
330
4DF3
100
AcDbScale
 70
     0
300
1:100
140
1.0
141
100.0
290
     0
  0
SCALE
  5
4E00
102
{ACAD_REACTORS
330
4DF3
102
}
330
4DF3
100
AcDbScale
 70
     0
300
2:1
140
2.0
141
1.0
290
     0
  0
SCALE
  5
4E01
102
{ACAD_REACTORS
330
4DF3
102
}
330
4DF3
100
AcDbScale
 70
     0
300
4:1
140
4.0
141
1.0
290
     0
  0
SCALE
  5
4E02
102
{ACAD_REACTORS
330
4DF3
102
}
330
4DF3
100
AcDbScale
 70
     0
300
8:1
140
8.0
141
1.0
290
     0
  0
SCALE
  5
4E03
102
{ACAD_REACTORS
330
4DF3
102
}
330
4DF3
100
AcDbScale
 70
     0
300
10:1
140
10.0
141
1.0
290
     0
  0
SCALE
  5
4E04
102
{ACAD_REACTORS
330
4DF3
102
}
330
4DF3
100
AcDbScale
 70
     0
300
100:1
140
100.0
141
1.0
290
     0
  0
ACDBSECTIONVIEWSTYLE
  5
4E08
102
{ACAD_REACTORS
330
4E07
102
}
330
4E07
100
AcDbModelDocViewStyle
 70
     0
  3
Metric50
290
     1
300
Metric50
 90
        0
100
AcDbSectionViewStyle
 70
     0
 71
     0
 90
      102
 71
     1
340
17
 62
   256
 40
5.0
340
0
340
0
 62
   256
 40
5.0
300
I, O, Q, S, X, Z
 40
10.0
 90
        0
 40
2.5
 90
        0
 71
     2
340
13
 90
       25
 62
   256
340
13
 90
       50
 62
   256
 40
5.0
 40
2.5
 40
5.0
 71
     3
340
17
 62
   256
 40
5.0
 90
        0
 40
15.0
 90
        1
300
%<\AcVar ViewSectionStartId>%-%<\AcVar ViewSectionEndId>% (%<\AcVar ViewScale \f "%sn">%)
 71
     4
 62
   256
 62
   257
300
ANSI31
 40
1.0
 90
        0
290
     0
290
     0
 90
        6
 40
0.0
 40
1.570796326794896
 40
0.2617993877991494
 40
1.308996938995747
 40
-0.2617993877991494
 40
1.832595714594046
1001
SectionViewStyle
1005
0
1070
    25
1070
     0
1070
     1
1070
     0
1070
     0
1070
     2
1040
0.0
1005
0
1070
    25
1070
     1
  0
TABLESTYLE
  5
4DF2
102
{ACAD_XDICTIONARY
360
6FCC
102
}
102
{ACAD_REACTORS
330
4DF1
102
}
330
4DF1
100
AcDbTableStyle
280
     0
  3
Standard
 70
     0
 71
     0
 40
1.5
 41
1.5
280
     0
281
     0
  7
Standard
140
4.5
170
     2
 62
     0
 63
     7
283
     0
 90
      512
 91
        0
  1

274
    -2
284
     1
 64
     0
275
    -2
285
     1
 65
     0
276
    -2
286
     1
 66
     0
277
    -2
287
     1
 67
     0
278
    -2
288
     1
 68
     0
279
    -2
289
     1
 69
     0
  7
Standard
140
6.0
170
     5
 62
     0
 63
     7
283
     0
 90
      512
 91
        0
  1

274
    -2
284
     1
 64
     0
275
    -2
285
     1
 65
     0
276
    -2
286
     1
 66
     0
277
    -2
287
     1
 67
     0
278
    -2
288
     1
 68
     0
279
    -2
289
     1
 69
     0
  7
Standard
140
4.5
170
     5
 62
     0
 63
     7
283
     0
 90
      512
 91
        0
  1

274
    -2
284
     1
 64
     0
275
    -2
285
     1
 65
     0
276
    -2
286
     1
 66
     0
277
    -2
287
     1
 67
     0
278
    -2
288
     1
 68
     0
279
    -2
289
     1
 69
     0
  0
VISUALSTYLE
  5
4DDD
102
{ACAD_REACTORS
330
4DD7
102
}
330
4DD7
100
AcDbVisualStyle
  2
2dWireframe
 70
     4
177
     3
291
     0
 70
    58
 90
        0
176
     1
 90
        2
176
     1
 90
        0
176
     1
 90
        0
176
     1
 40
0.6
176
     1
 40
30.0
176
     1
 62
     7
420
 16777215
176
     1
 90
        1
176
     1
 90
        4
176
     1
 62
     7
176
     1
 62
   257
176
     1
 90
        1
176
     1
 90
        1
176
     1
 40
1.0
176
     1
 90
        0
176
     1
 62
   257
176
     1
 40
1.0
176
     1
 90
        1
176
     1
 90
        6
176
     1
 90
        2
176
     1
 62
     7
176
     1
 90
        5
176
     1
 90
        0
176
     1
 90
        0
176
     1
290
     0
176
     1
 90
        1
176
     1
 40
0.0
176
     1
 90
        0
176
     1
290
     1
176
     1
290
     1
176
     1
290
     0
176
     1
290
     0
176
     1
290
     0
176
     1
290
     0
176
     1
290
     0
176
     1
290
     0
176
     1
290
     0
176
     1
 90
       50
176
     1
 40
0.0
176
     1
 40
1.0
176
     1
 90
        0
176
     1
 62
    18
420
        0
176
     1
 90
       50
176
     1
 90
        3
176
     1
 62
     5
420
      255
176
     1
290
     0
176
     1
 90
       50
176
     1
 90
       50
176
     1
 90
       50
176
     1
290
     0
176
     1
 90
       50
176
     1
 62
   256
176
     0
 40
1.0
176
     0
 90
        2
176
     1
  1
strokes_ogs.tif
176
     1
290
     0
176
     1
 40
1.0
176
     1
 40
1.0
176
     1
  0
VISUALSTYLE
  5
4EE8
102
{ACAD_REACTORS
330
4DD7
102
}
330
4DD7
100
AcDbVisualStyle
  2
3dWireframe
 70
     5
177
     3
291
     0
 70
    58
 90
        0
176
     1
 90
        2
176
     1
 90
        1
176
     1
 90
        0
176
     1
 40
-0.6
176
     1
 40
-30.0
176
     1
 62
     7
420
 16777215
176
     1
 90
        1
176
     1
 90
        4
176
     1
 62
     7
176
     1
 62
   257
176
     1
 90
        1
176
     1
 90
        1
176
     1
 40
1.0
176
     1
 90
        0
176
     1
 62
   257
176
     1
 40
1.0
176
     1
 90
        1
176
     1
 90
        6
176
     1
 90
        2
176
     1
 62
     7
176
     1
 90
        5
176
     1
 90
        0
176
     1
 90
        0
176
     1
290
     0
176
     1
 90
        1
176
     1
 40
0.0
176
     1
 90
        0
176
     1
290
     0
176
     1
290
     1
176
     1
290
     1
176
     1
290
     0
176
     1
290
     0
176
     1
290
     0
176
     1
290
     0
176
     1
290
     0
176
     1
290
     0
176
     1
 90
       50
176
     1
 40
0.0
176
     1
 40
1.0
176
     1
 90
        0
176
     1
 62
    18
420
        0
176
     1
 90
       50
176
     1
 90
        3
176
     1
 62
     5
420
      255
176
     1
290
     0
176
     1
 90
       50
176
     1
 90
       50
176
     1
 90
       50
176
     1
290
     0
176
     1
 90
       50
176
     1
 62
   256
176
     0
 40
1.0
176
     0
 90
        2
176
     1
  1
strokes_ogs.tif
176
     1
290
     0
176
     1
 40
1.0
176
     1
 40
1.0
176
     1
  0
VISUALSTYLE
  5
4DDC
102
{ACAD_REACTORS
330
4DD7
102
}
330
4DD7
100
AcDbVisualStyle
  2
Basic
 70
     7
177
     3
291
     1
 70
    58
 90
        1
176
     1
 90
        0
176
     1
 90
        1
176
     1
 90
        0
176
     1
 40
0.6
176
     1
 40
30.0
176
     1
 62
     7
420
 16777215
176
     1
 90
        0
176
     1
 90
        4
176
     1
 62
     7
176
     1
 62
   257
176
     1
 90
        1
176
     1
 90
        1
176
     1
 40
1.0
176
     1
 90
        8
176
     1
 62
     7
176
     1
 40
1.0
176
     1
 90
        1
176
     1
 90
        6
176
     1
 90
        2
176
     1
 62
     7
176
     1
 90
        5
176
     1
 90
        0
176
     1
 90
        0
176
     1
290
     0
176
     1
 90
        1
176
     1
 40
0.0
176
     1
 90
        0
176
     1
290
     0
176
     1
290
     1
176
     1
290
     1
176
     1
290
     0
176
     1
290
     0
176
     1
290
     0
176
     1
290
     0
176
     1
290
     0
176
     1
290
     0
176
     1
 90
       50
176
     1
 40
0.0
176
     1
 40
1.0
176
     1
 90
        0
176
     1
 62
    18
420
        0
176
     1
 90
       50
176
     1
 90
        3
176
     1
 62
     5
420
      255
176
     1
290
     0
176
     1
 90
       50
176
     1
 90
       50
176
     1
 90
       50
176
     1
290
     0
176
     1
 90
       50
176
     1
 62
   256
176
     0
 40
1.0
176
     0
 90
        2
176
     1
  1
strokes_ogs.tif
176
     1
290
     0
176
     1
 40
1.0
176
     1
 40
1.0
176
     1
  0
VISUALSTYLE
  5
4DE3
102
{ACAD_REACTORS
330
4DD7
102
}
330
4DD7
100
AcDbVisualStyle
  2
Brighten
 70
    12
177
     3
291
     1
 70
    58
 90
        2
176
     1
 90
        2
176
     1
 90
        0
176
     1
 90
        0
176
     1
 40
0.6
176
     1
 40
30.0
176
     1
 62
     7
420
 16777215
176
     1
 90
        1
176
     1
 90
        4
176
     1
 62
     7
176
     1
 62
   257
176
     1
 90
        1
176
     1
 90
        1
176
     1
 40
1.0
176
     1
 90
        8
176
     1
 62
     7
176
     1
 40
1.0
176
     1
 90
        1
176
     1
 90
        6
176
     1
 90
        2
176
     1
 62
     7
176
     1
 90
        5
176
     1
 90
        0
176
     1
 90
        0
176
     1
290
     0
176
     1
 90
        1
176
     1
 40
50.0
176
     1
 90
        0
176
     1
290
     0
176
     1
290
     1
176
     1
290
     1
176
     1
290
     0
176
     1
290
     0
176
     1
290
     0
176
     1
290
     0
176
     1
290
     0
176
     1
290
     0
176
     1
 90
       50
176
     1
 40
0.0
176
     1
 40
1.0
176
     1
 90
        0
176
     1
 62
    18
420
        0
176
     1
 90
       50
176
     1
 90
        3
176
     1
 62
     5
420
      255
176
     1
290
     0
176
     1
 90
       50
176
     1
 90
       50
176
     1
 90
       50
176
     1
290
     0
176
     1
 90
       50
176
     1
 62
   256
176
     0
 40
1.0
176
     0
 90
        2
176
     1
  1
strokes_ogs.tif
176
     1
290
     0
176
     1
 40
1.0
176
     1
 40
1.0
176
     1
  0
VISUALSTYLE
  5
4DE7
102
{ACAD_REACTORS
330
4DD7
102
}
330
4DD7
100
AcDbVisualStyle
  2
ColorChange
 70
    16
177
     3
291
     1
 70
    58
 90
        2
176
     1
 90
        2
176
     1
 90
        3
176
     1
 90
        0
176
     1
 40
0.6
176
     1
 40
30.0
176
     1
 62
     8
420
  8421504
176
     1
 90
        1
176
     1
 90
        4
176
     1
 62
     7
176
     1
 62
   257
176
     1
 90
        1
176
     1
 90
        1
176
     1
 40
1.0
176
     1
 90
        8
176
     1
 62
     8
420
  8421504
176
     1
 40
1.0
176
     1
 90
        1
176
     1
 90
        6
176
     1
 90
        2
176
     1
 62
     7
176
     1
 90
        5
176
     1
 90
        0
176
     1
 90
        0
176
     1
290
     0
176
     1
 90
        1
176
     1
 40
0.0
176
     1
 90
        0
176
     1
290
     0
176
     1
290
     1
176
     1
290
     1
176
     1
290
     0
176
     1
290
     0
176
     1
290
     0
176
     1
290
     0
176
     1
290
     0
176
     1
290
     0
176
     1
 90
       50
176
     1
 40
0.0
176
     1
 40
1.0
176
     1
 90
        0
176
     1
 62
    18
420
        0
176
     1
 90
       50
176
     1
 90
        3
176
     1
 62
     5
420
      255
176
     1
290
     0
176
     1
 90
       50
176
     1
 90
       50
176
     1
 90
       50
176
     1
290
     0
176
     1
 90
       50
176
     1
 62
   256
176
     0
 40
1.0
176
     0
 90
        2
176
     1
  1
strokes_ogs.tif
176
     1
290
     0
176
     1
 40
1.0
176
     1
 40
1.0
176
     1
  0
VISUALSTYLE
  5
4DE0
102
{ACAD_REACTORS
330
4DD7
102
}
330
4DD7
100
AcDbVisualStyle
  2
Conceptual
 70
     9
177
     3
291
     0
 70
    58
 90
        3
176
     1
 90
        2
176
     1
 90
        0
176
     1
 90
        0
176
     1
 40
0.6
176
     1
 40
30.0
176
     1
 62
     7
420
 16777215
176
     1
 90
        2
176
     1
 90
        2
176
     1
 62
     7
176
     1
 62
   257
176
     1
 90
        1
176
     1
 90
        1
176
     1
 40
179.0
176
     1
 90
        8
176
     1
 62
     7
176
     1
 40
1.0
176
     1
 90
        1
176
     1
 90
        6
176
     1
 90
        2
176
     1
 62
     7
176
     1
 90
        3
176
     1
 90
        0
176
     1
 90
        0
176
     1
290
     0
176
     1
 90
        1
176
     1
 40
0.0
176
     1
 90
        0
176
     1
290
     0
176
     1
290
     1
176
     1
290
     1
176
     1
290
     0
176
     1
290
     0
176
     1
290
     0
176
     1
290
     0
176
     1
290
     0
176
     1
290
     0
176
     1
 90
       50
176
     1
 40
0.0
176
     1
 40
1.0
176
     1
 90
        0
176
     1
 62
    18
420
        0
176
     1
 90
       50
176
     1
 90
        3
176
     1
 62
     5
420
      255
176
     1
290
     0
176
     1
 90
       50
176
     1
 90
       50
176
     1
 90
       50
176
     1
290
     0
176
     1
 90
       50
176
     1
 62
   256
176
     0
 40
1.0
176
     0
 90
        2
176
     1
  1
strokes_ogs.tif
176
     1
290
     0
176
     1
 40
1.0
176
     1
 40
1.0
176
     1
  0
VISUALSTYLE
  5
4DE2
102
{ACAD_REACTORS
330
4DD7
102
}
330
4DD7
100
AcDbVisualStyle
  2
Dim
 70
    11
177
     3
291
     1
 70
    58
 90
        2
176
     1
 90
        2
176
     1
 90
        0
176
     1
 90
        0
176
     1
 40
0.6
176
     1
 40
30.0
176
     1
 62
     7
420
 16777215
176
     1
 90
        1
176
     1
 90
        4
176
     1
 62
     7
176
     1
 62
   257
176
     1
 90
        1
176
     1
 90
        1
176
     1
 40
1.0
176
     1
 90
        8
176
     1
 62
     7
176
     1
 40
1.0
176
     1
 90
        1
176
     1
 90
        6
176
     1
 90
        2
176
     1
 62
     7
176
     1
 90
        5
176
     1
 90
        0
176
     1
 90
        0
176
     1
290
     0
176
     1
 90
        1
176
     1
 40
-50.0
176
     1
 90
        0
176
     1
290
     0
176
     1
290
     1
176
     1
290
     1
176
     1
290
     0
176
     1
290
     0
176
     1
290
     0
176
     1
290
     0
176
     1
290
     0
176
     1
290
     0
176
     1
 90
       50
176
     1
 40
0.0
176
     1
 40
1.0
176
     1
 90
        0
176
     1
 62
    18
420
        0
176
     1
 90
       50
176
     1
 90
        3
176
     1
 62
     5
420
      255
176
     1
290
     0
176
     1
 90
       50
176
     1
 90
       50
176
     1
 90
       50
176
     1
290
     0
176
     1
 90
       50
176
     1
 62
   256
176
     0
 40
1.0
176
     0
 90
        2
176
     1
  1
strokes_ogs.tif
176
     1
290
     0
176
     1
 40
1.0
176
     1
 40
1.0
176
     1
  0
VISUALSTYLE
  5
4DEF
102
{ACAD_REACTORS
330
4DD7
102
}
330
4DD7
100
AcDbVisualStyle
  2
EdgeColorOff
 70
    22
177
     3
291
     1
 70
    58
 90
        2
176
     0
 90
        2
176
     0
 90
        0
176
     0
 90
        0
176
     0
 40
0.6
176
     0
 40
30.0
176
     0
 62
     7
420
 16777215
176
     0
 90
        1
176
     0
 90
        4
176
     0
 62
     7
176
     0
 62
   257
176
     0
 90
        1
176
     0
 90
        1
176
     0
 40
1.0
176
     0
 90
        8
176
     2
 62
     7
176
     0
 40
1.0
176
     0
 90
        1
176
     0
 90
        6
176
     0
 90
        2
176
     0
 62
     7
176
     0
 90
        5
176
     0
 90
        0
176
     0
 90
        0
176
     0
290
     0
176
     0
 90
        1
176
     0
 40
0.0
176
     0
 90
        0
176
     0
290
     0
176
     0
290
     1
176
     0
290
     1
176
     0
290
     0
176
     0
290
     0
176
     0
290
     0
176
     0
290
     0
176
     0
290
     0
176
     0
290
     0
176
     0
 90
       50
176
     0
 40
0.0
176
     0
 40
1.0
176
     0
 90
        0
176
     0
 62
    18
420
        0
176
     0
 90
       50
176
     0
 90
        3
176
     0
 62
     5
420
      255
176
     0
290
     0
176
     0
 90
       50
176
     0
 90
       50
176
     0
 90
       50
176
     0
290
     0
176
     0
 90
       50
176
     0
 62
   256
176
     0
 40
1.0
176
     0
 90
        2
176
     0
  1
strokes_ogs.tif
176
     0
290
     0
176
     0
 40
1.0
176
     0
 40
1.0
176
     0
  0
VISUALSTYLE
  5
4DE6
102
{ACAD_REACTORS
330
4DD7
102
}
330
4DD7
100
AcDbVisualStyle
  2
Facepattern
 70
    15
177
     3
291
     1
 70
    58
 90
        2
176
     1
 90
        2
176
     1
 90
        0
176
     1
 90
        0
176
     1
 40
0.6
176
     1
 40
30.0
176
     1
 62
     7
420
 16777215
176
     1
 90
        1
176
     1
 90
        4
176
     1
 62
     7
176
     1
 62
   257
176
     1
 90
        1
176
     1
 90
        1
176
     1
 40
1.0
176
     1
 90
        8
176
     1
 62
     7
176
     1
 40
1.0
176
     1
 90
        1
176
     1
 90
        6
176
     1
 90
        2
176
     1
 62
     7
176
     1
 90
        5
176
     1
 90
        0
176
     1
 90
        0
176
     1
290
     0
176
     1
 90
        1
176
     1
 40
0.0
176
     1
 90
        0
176
     1
290
     0
176
     1
290
     1
176
     1
290
     1
176
     1
290
     0
176
     1
290
     0
176
     1
290
     0
176
     1
290
     0
176
     1
290
     0
176
     1
290
     0
176
     1
 90
       50
176
     1
 40
0.0
176
     1
 40
1.0
176
     1
 90
        0
176
     1
 62
    18
420
        0
176
     1
 90
       50
176
     1
 90
        3
176
     1
 62
     5
420
      255
176
     1
290
     0
176
     1
 90
       50
176
     1
 90
       50
176
     1
 90
       50
176
     1
290
     0
176
     1
 90
       50
176
     1
 62
   256
176
     0
 40
1.0
176
     0
 90
        2
176
     1
  1
strokes_ogs.tif
176
     1
290
     0
176
     1
 40
1.0
176
     1
 40
1.0
176
     1
  0
VISUALSTYLE
  5
4DD8
102
{ACAD_REACTORS
330
4DD7
102
}
330
4DD7
100
AcDbVisualStyle
  2
Flat
 70
     0
177
     3
291
     1
 70
    58
 90
        2
176
     1
 90
        1
176
     1
 90
        1
176
     1
 90
        2
176
     1
 40
0.6
176
     1
 40
30.0
176
     1
 62
     7
420
 16777215
176
     1
 90
        0
176
     1
 90
        0
176
     1
 62
     7
176
     1
 62
   257
176
     1
 90
        1
176
     1
 90
        1
176
     1
 40
1.0
176
     1
 90
        8
176
     1
 62
     7
176
     1
 40
1.0
176
     1
 90
        1
176
     1
 90
        6
176
     1
 90
        2
176
     1
 62
     7
176
     1
 90
        5
176
     1
 90
        0
176
     1
 90
        0
176
     1
290
     0
176
     1
 90
       13
176
     1
 40
0.0
176
     1
 90
        0
176
     1
290
     0
176
     1
290
     1
176
     1
290
     1
176
     1
290
     0
176
     1
290
     0
176
     1
290
     0
176
     1
290
     0
176
     1
290
     0
176
     1
290
     0
176
     1
 90
       50
176
     1
 40
0.0
176
     1
 40
1.0
176
     1
 90
        0
176
     1
 62
    18
420
        0
176
     1
 90
       50
176
     1
 90
        3
176
     1
 62
     5
420
      255
176
     1
290
     0
176
     1
 90
       50
176
     1
 90
       50
176
     1
 90
       50
176
     1
290
     0
176
     1
 90
       50
176
     1
 62
   256
176
     0
 40
1.0
176
     0
 90
        2
176
     1
  1
strokes_ogs.tif
176
     1
290
     0
176
     1
 40
1.0
176
     1
 40
1.0
176
     1
  0
VISUALSTYLE
  5
4DD9
102
{ACAD_REACTORS
330
4DD7
102
}
330
4DD7
100
AcDbVisualStyle
  2
FlatWithEdges
 70
     1
177
     3
291
     1
 70
    58
 90
        2
176
     1
 90
        1
176
     1
 90
        1
176
     1
 90
        2
176
     1
 40
0.6
176
     1
 40
30.0
176
     1
 62
     7
420
 16777215
176
     1
 90
        1
176
     1
 90
        0
176
     1
 62
     7
176
     1
 62
   257
176
     1
 90
        1
176
     1
 90
        1
176
     1
 40
1.0
176
     1
 90
        0
176
     1
 62
   257
176
     1
 40
1.0
176
     1
 90
        1
176
     1
 90
        6
176
     1
 90
        2
176
     1
 62
     7
176
     1
 90
        5
176
     1
 90
        0
176
     1
 90
        0
176
     1
290
     0
176
     1
 90
       13
176
     1
 40
0.0
176
     1
 90
        0
176
     1
290
     0
176
     1
290
     1
176
     1
290
     1
176
     1
290
     0
176
     1
290
     0
176
     1
290
     0
176
     1
290
     0
176
     1
290
     0
176
     1
290
     0
176
     1
 90
       50
176
     1
 40
0.0
176
     1
 40
1.0
176
     1
 90
        0
176
     1
 62
    18
420
        0
176
     1
 90
       50
176
     1
 90
        3
176
     1
 62
     5
420
      255
176
     1
290
     0
176
     1
 90
       50
176
     1
 90
       50
176
     1
 90
       50
176
     1
290
     0
176
     1
 90
       50
176
     1
 62
   256
176
     0
 40
1.0
176
     0
 90
        2
176
     1
  1
strokes_ogs.tif
176
     1
290
     0
176
     1
 40
1.0
176
     1
 40
1.0
176
     1
  0
VISUALSTYLE
  5
4DDA
102
{ACAD_REACTORS
330
4DD7
102
}
330
4DD7
100
AcDbVisualStyle
  2
Gouraud
 70
     2
177
     3
291
     1
 70
    58
 90
        2
176
     1
 90
        2
176
     1
 90
        1
176
     1
 90
        2
176
     1
 40
0.6
176
     1
 40
30.0
176
     1
 62
     7
420
 16777215
176
     1
 90
        0
176
     1
 90
        0
176
     1
 62
     7
176
     1
 62
   257
176
     1
 90
        1
176
     1
 90
        1
176
     1
 40
1.0
176
     1
 90
        0
176
     1
 62
     7
176
     1
 40
1.0
176
     1
 90
        1
176
     1
 90
        6
176
     1
 90
        2
176
     1
 62
     7
176
     1
 90
        5
176
     1
 90
        0
176
     1
 90
        0
176
     1
290
     0
176
     1
 90
       13
176
     1
 40
0.0
176
     1
 90
        0
176
     1
290
     0
176
     1
290
     1
176
     1
290
     1
176
     1
290
     0
176
     1
290
     0
176
     1
290
     0
176
     1
290
     0
176
     1
290
     0
176
     1
290
     0
176
     1
 90
       50
176
     1
 40
0.0
176
     1
 40
1.0
176
     1
 90
        0
176
     1
 62
    18
420
        0
176
     1
 90
       50
176
     1
 90
        3
176
     1
 62
     5
420
      255
176
     1
290
     0
176
     1
 90
       50
176
     1
 90
       50
176
     1
 90
       50
176
     1
290
     0
176
     1
 90
       50
176
     1
 62
   256
176
     0
 40
1.0
176
     0
 90
        2
176
     1
  1
strokes_ogs.tif
176
     1
290
     0
176
     1
 40
1.0
176
     1
 40
1.0
176
     1
  0
VISUALSTYLE
  5
4DDB
102
{ACAD_REACTORS
330
4DD7
102
}
330
4DD7
100
AcDbVisualStyle
  2
GouraudWithEdges
 70
     3
177
     3
291
     1
 70
    58
 90
        2
176
     1
 90
        2
176
     1
 90
        1
176
     1
 90
        2
176
     1
 40
0.6
176
     1
 40
30.0
176
     1
 62
     7
420
 16777215
176
     1
 90
        1
176
     1
 90
        0
176
     1
 62
     7
176
     1
 62
   257
176
     1
 90
        1
176
     1
 90
        1
176
     1
 40
1.0
176
     1
 90
        0
176
     1
 62
   257
176
     1
 40
1.0
176
     1
 90
        1
176
     1
 90
        6
176
     1
 90
        2
176
     1
 62
     7
176
     1
 90
        5
176
     1
 90
        0
176
     1
 90
        0
176
     1
290
     0
176
     1
 90
       13
176
     1
 40
0.0
176
     1
 90
        0
176
     1
290
     0
176
     1
290
     1
176
     1
290
     1
176
     1
290
     0
176
     1
290
     0
176
     1
290
     0
176
     1
290
     0
176
     1
290
     0
176
     1
290
     0
176
     1
 90
       50
176
     1
 40
0.0
176
     1
 40
1.0
176
     1
 90
        0
176
     1
 62
    18
420
        0
176
     1
 90
       50
176
     1
 90
        3
176
     1
 62
     5
420
      255
176
     1
290
     0
176
     1
 90
       50
176
     1
 90
       50
176
     1
 90
       50
176
     1
290
     0
176
     1
 90
       50
176
     1
 62
   256
176
     0
 40
1.0
176
     0
 90
        2
176
     1
  1
strokes_ogs.tif
176
     1
290
     0
176
     1
 40
1.0
176
     1
 40
1.0
176
     1
  0
VISUALSTYLE
  5
4DDF
102
{ACAD_REACTORS
330
4DD7
102
}
330
4DD7
100
AcDbVisualStyle
  2
Hidden
 70
     6
177
     3
291
     0
 70
    58
 90
        1
176
     1
 90
        2
176
     1
 90
        2
176
     1
 90
        0
176
     1
 40
0.6
176
     1
 40
30.0
176
     1
 62
     7
420
 16777215
176
     1
 90
        2
176
     1
 90
        2
176
     1
 62
     7
176
     1
 62
   257
176
     1
 90
        2
176
     1
 90
        1
176
     1
 40
40.0
176
     1
 90
        0
176
     1
 62
   257
176
     1
 40
1.0
176
     1
 90
        1
176
     1
 90
        6
176
     1
 90
        2
176
     1
 62
     7
176
     1
 90
        3
176
     1
 90
        0
176
     1
 90
        0
176
     1
290
     0
176
     1
 90
        1
176
     1
 40
0.0
176
     1
 90
        0
176
     1
290
     0
176
     1
290
     1
176
     1
290
     1
176
     1
290
     0
176
     1
290
     0
176
     1
290
     0
176
     1
290
     0
176
     1
290
     0
176
     1
290
     0
176
     1
 90
       50
176
     1
 40
0.0
176
     1
 40
1.0
176
     1
 90
        0
176
     1
 62
    18
420
        0
176
     1
 90
       50
176
     1
 90
        3
176
     1
 62
     5
420
      255
176
     1
290
     0
176
     1
 90
       50
176
     1
 90
       50
176
     1
 90
       50
176
     1
290
     0
176
     1
 90
       50
176
     1
 62
   256
176
     0
 40
1.0
176
     0
 90
        2
176
     1
  1
strokes_ogs.tif
176
     1
290
     0
176
     1
 40
1.0
176
     1
 40
1.0
176
     1
  0
VISUALSTYLE
  5
4DED
102
{ACAD_REACTORS
330
4DD7
102
}
330
4DD7
100
AcDbVisualStyle
  2
JitterOff
 70
    20
177
     3
291
     1
 70
    58
 90
        2
176
     0
 90
        2
176
     0
 90
        0
176
     0
 90
        0
176
     0
 40
0.6
176
     0
 40
30.0
176
     0
 62
     7
420
 16777215
176
     0
 90
        1
176
     0
 90
        4
176
     0
 62
     7
176
     0
 62
   257
176
     0
 90
        1
176
     0
 90
        1
176
     0
 40
1.0
176
     0
 90
       10
176
     2
 62
     7
176
     0
 40
1.0
176
     0
 90
        1
176
     0
 90
        6
176
     0
 90
        2
176
     0
 62
     7
176
     0
 90
        5
176
     0
 90
        0
176
     0
 90
        0
176
     0
290
     0
176
     0
 90
        1
176
     0
 40
0.0
176
     0
 90
        0
176
     0
290
     0
176
     0
290
     1
176
     0
290
     1
176
     0
290
     0
176
     0
290
     0
176
     0
290
     0
176
     0
290
     0
176
     0
290
     0
176
     0
290
     0
176
     0
 90
       50
176
     0
 40
0.0
176
     0
 40
1.0
176
     0
 90
        0
176
     0
 62
    18
420
        0
176
     0
 90
       50
176
     0
 90
        3
176
     0
 62
     5
420
      255
176
     0
290
     0
176
     0
 90
       50
176
     0
 90
       50
176
     0
 90
       50
176
     0
290
     0
176
     0
 90
       50
176
     0
 62
   256
176
     0
 40
1.0
176
     0
 90
        2
176
     0
  1
strokes_ogs.tif
176
     0
290
     0
176
     0
 40
1.0
176
     0
 40
1.0
176
     0
  0
VISUALSTYLE
  5
4DE5
102
{ACAD_REACTORS
330
4DD7
102
}
330
4DD7
100
AcDbVisualStyle
  2
Linepattern
 70
    14
177
     3
291
     1
 70
    58
 90
        2
176
     1
 90
        2
176
     1
 90
        0
176
     1
 90
        0
176
     1
 40
0.6
176
     1
 40
30.0
176
     1
 62
     7
420
 16777215
176
     1
 90
        1
176
     1
 90
        4
176
     1
 62
     7
176
     1
 62
   257
176
     1
 90
        7
176
     1
 90
        7
176
     1
 40
1.0
176
     1
 90
        8
176
     1
 62
     7
176
     1
 40
1.0
176
     1
 90
        1
176
     1
 90
        6
176
     1
 90
        2
176
     1
 62
     7
176
     1
 90
        5
176
     1
 90
        0
176
     1
 90
        0
176
     1
290
     0
176
     1
 90
        1
176
     1
 40
0.0
176
     1
 90
        0
176
     1
290
     0
176
     1
290
     1
176
     1
290
     1
176
     1
290
     0
176
     1
290
     0
176
     1
290
     0
176
     1
290
     0
176
     1
290
     0
176
     1
290
     0
176
     1
 90
       50
176
     1
 40
0.0
176
     1
 40
1.0
176
     1
 90
        0
176
     1
 62
    18
420
        0
176
     1
 90
       50
176
     1
 90
        3
176
     1
 62
     5
420
      255
176
     1
290
     0
176
     1
 90
       50
176
     1
 90
       50
176
     1
 90
       50
176
     1
290
     0
176
     1
 90
       50
176
     1
 62
   256
176
     0
 40
1.0
176
     0
 90
        2
176
     1
  1
strokes_ogs.tif
176
     1
290
     0
176
     1
 40
1.0
176
     1
 40
1.0
176
     1
  0
VISUALSTYLE
  5
4DEE
102
{ACAD_REACTORS
330
4DD7
102
}
330
4DD7
100
AcDbVisualStyle
  2
OverhangOff
 70
    21
177
     3
291
     1
 70
    58
 90
        2
176
     0
 90
        2
176
     0
 90
        0
176
     0
 90
        0
176
     0
 40
0.6
176
     0
 40
30.0
176
     0
 62
     7
420
 16777215
176
     0
 90
        1
176
     0
 90
        4
176
     0
 62
     7
176
     0
 62
   257
176
     0
 90
        1
176
     0
 90
        1
176
     0
 40
1.0
176
     0
 90
        9
176
     2
 62
     7
176
     0
 40
1.0
176
     0
 90
        1
176
     0
 90
        6
176
     0
 90
        2
176
     0
 62
     7
176
     0
 90
        5
176
     0
 90
        0
176
     0
 90
        0
176
     0
290
     0
176
     0
 90
        1
176
     0
 40
0.0
176
     0
 90
        0
176
     0
290
     0
176
     0
290
     1
176
     0
290
     1
176
     0
290
     0
176
     0
290
     0
176
     0
290
     0
176
     0
290
     0
176
     0
290
     0
176
     0
290
     0
176
     0
 90
       50
176
     0
 40
0.0
176
     0
 40
1.0
176
     0
 90
        0
176
     0
 62
    18
420
        0
176
     0
 90
       50
176
     0
 90
        3
176
     0
 62
     5
420
      255
176
     0
290
     0
176
     0
 90
       50
176
     0
 90
       50
176
     0
 90
       50
176
     0
290
     0
176
     0
 90
       50
176
     0
 62
   256
176
     0
 40
1.0
176
     0
 90
        2
176
     0
  1
strokes_ogs.tif
176
     0
290
     0
176
     0
 40
1.0
176
     0
 40
1.0
176
     0
  0
VISUALSTYLE
  5
4DE1
102
{ACAD_REACTORS
330
4DD7
102
}
330
4DD7
100
AcDbVisualStyle
  2
Realistic
 70
     8
177
     3
291
     0
 70
    58
 90
        2
176
     1
 90
        3
176
     1
 90
        0
176
     1
 90
        2
176
     1
 40
0.6
176
     1
 40
30.0
176
     1
 62
     7
420
 16777215
176
     1
 90
        0
176
     1
 90
        0
176
     1
 62
     7
176
     1
 62
   257
176
     1
 90
        1
176
     1
 90
        1
176
     1
 40
1.0
176
     1
 90
        8
176
     1
 62
   257
176
     1
 40
1.0
176
     1
 90
        1
176
     1
 90
        6
176
     1
 90
        2
176
     1
 62
     7
176
     1
 90
        3
176
     1
 90
        0
176
     1
 90
        0
176
     1
290
     0
176
     1
 90
       13
176
     1
 40
0.0
176
     1
 90
        0
176
     1
290
     0
176
     1
290
     1
176
     1
290
     1
176
     1
290
     0
176
     1
290
     0
176
     1
290
     0
176
     1
290
     0
176
     1
290
     0
176
     1
290
     0
176
     1
 90
       50
176
     1
 40
0.0
176
     1
 40
1.0
176
     1
 90
        0
176
     1
 62
    18
420
        0
176
     1
 90
       50
176
     1
 90
        3
176
     1
 62
     5
420
      255
176
     1
290
     0
176
     1
 90
       50
176
     1
 90
       50
176
     1
 90
       50
176
     1
290
     0
176
     1
 90
       50
176
     1
 62
   256
176
     0
 40
1.0
176
     0
 90
        2
176
     1
  1
strokes_ogs.tif
176
     1
290
     0
176
     1
 40
1.0
176
     1
 40
1.0
176
     1
  0
VISUALSTYLE
  5
4DEC
102
{ACAD_REACTORS
330
4DD7
102
}
330
4DD7
100
AcDbVisualStyle
  2
Shaded
 70
    27
177
     3
291
     0
 70
    58
 90
        2
176
     1
 90
        2
176
     1
 90
        1
176
     1
 90
        2
176
     1
 40
0.6
176
     1
 40
30.0
176
     1
 62
     7
420
 16777215
176
     1
 90
        0
176
     1
 90
        4
176
     1
 62
     7
176
     1
 62
   257
176
     1
 90
        1
176
     1
 90
        1
176
     1
 40
1.0
176
     1
 90
        8
176
     1
 62
   257
176
     1
 40
1.0
176
     1
 90
        1
176
     1
 90
        6
176
     1
 90
        2
176
     1
 62
     8
420
  7895160
176
     1
 90
        3
176
     1
 90
        0
176
     1
 90
        0
176
     1
290
     0
176
     1
 90
        5
176
     1
 40
0.0
176
     1
 90
        0
176
     1
290
     0
176
     1
290
     1
176
     1
290
     1
176
     1
290
     0
176
     1
290
     0
176
     1
290
     0
176
     1
290
     0
176
     1
290
     0
176
     1
290
     0
176
     1
 90
       50
176
     1
 40
0.0
176
     1
 40
1.0
176
     1
 90
        0
176
     1
 62
    18
420
        0
176
     1
 90
       50
176
     1
 90
        3
176
     1
 62
     5
420
      255
176
     1
290
     0
176
     1
 90
       50
176
     1
 90
       50
176
     1
 90
       50
176
     1
290
     0
176
     1
 90
       50
176
     1
 62
   256
176
     0
 40
1.0
176
     0
 90
        2
176
     1
  1
strokes_ogs.tif
176
     1
290
     0
176
     1
 40
1.0
176
     1
 40
1.0
176
     1
  0
VISUALSTYLE
  5
4DEB
102
{ACAD_REACTORS
330
4DD7
102
}
330
4DD7
100
AcDbVisualStyle
  2
Shaded with edges
 70
    26
177
     3
291
     0
 70
    58
 90
        2
176
     1
 90
        2
176
     1
 90
        1
176
     1
 90
        2
176
     1
 40
0.6
176
     1
 40
30.0
176
     1
 62
     7
420
 16777215
176
     1
 90
        1
176
     1
 90
        2
176
     1
 62
     7
176
     1
 62
   257
176
     1
 90
        2
176
     1
 90
        1
176
     1
 40
1.0
176
     1
 90
        8
176
     1
 62
   257
176
     1
 40
1.0
176
     1
 90
        1
176
     1
 90
        6
176
     1
 90
        2
176
     1
 62
     7
176
     1
 90
        3
176
     1
 90
        0
176
     1
 90
        0
176
     1
290
     0
176
     1
 90
        5
176
     1
 40
0.0
176
     1
 90
        0
176
     1
290
     0
176
     1
290
     1
176
     1
290
     1
176
     1
290
     0
176
     1
290
     0
176
     1
290
     0
176
     1
290
     0
176
     1
290
     0
176
     1
290
     0
176
     1
 90
       50
176
     1
 40
0.0
176
     1
 40
1.0
176
     1
 90
        0
176
     1
 62
    18
420
        0
176
     1
 90
       50
176
     1
 90
        3
176
     1
 62
     5
420
      255
176
     1
290
     0
176
     1
 90
       50
176
     1
 90
       50
176
     1
 90
       50
176
     1
290
     0
176
     1
 90
       50
176
     1
 62
   256
176
     0
 40
1.0
176
     0
 90
        2
176
     1
  1
strokes_ogs.tif
176
     1
290
     0
176
     1
 40
1.0
176
     1
 40
1.0
176
     1
  0
VISUALSTYLE
  5
4DE8
102
{ACAD_REACTORS
330
4DD7
102
}
330
4DD7
100
AcDbVisualStyle
  2
Shades of Gray
 70
    23
177
     3
291
     0
 70
    58
 90
        2
176
     1
 90
        2
176
     1
 90
        3
176
     1
 90
        0
176
     1
 40
0.6
176
     1
 40
30.0
176
     1
 62
     7
420
 16777215
176
     1
 90
        2
176
     1
 90
        2
176
     1
 62
     7
176
     1
 62
     7
176
     1
 90
        1
176
     1
 90
        1
176
     1
 40
40.0
176
     1
 90
        8
176
     1
 62
     7
176
     1
 40
1.0
176
     1
 90
        1
176
     1
 90
        6
176
     1
 90
        2
176
     1
 62
     7
176
     1
 90
        3
176
     1
 90
        0
176
     1
 90
        0
176
     1
290
     0
176
     1
 90
        1
176
     1
 40
0.0
176
     1
 90
        0
176
     1
290
     0
176
     1
290
     1
176
     1
290
     1
176
     1
290
     0
176
     1
290
     0
176
     1
290
     0
176
     1
290
     0
176
     1
290
     0
176
     1
290
     0
176
     1
 90
       50
176
     1
 40
0.0
176
     1
 40
1.0
176
     1
 90
        0
176
     1
 62
    18
420
        0
176
     1
 90
       50
176
     1
 90
        3
176
     1
 62
     5
420
      255
176
     1
290
     0
176
     1
 90
       50
176
     1
 90
       50
176
     1
 90
       50
176
     1
290
     0
176
     1
 90
       50
176
     1
 62
   256
176
     0
 40
1.0
176
     0
 90
        2
176
     1
  1
strokes_ogs.tif
176
     1
290
     0
176
     1
 40
1.0
176
     1
 40
1.0
176
     1
  0
VISUALSTYLE
  5
4DE9
102
{ACAD_REACTORS
330
4DD7
102
}
330
4DD7
100
AcDbVisualStyle
  2
Sketchy
 70
    24
177
     3
291
     0
 70
    58
 90
        1
176
     1
 90
        2
176
     1
 90
        2
176
     1
 90
        0
176
     1
 40
0.6
176
     1
 40
30.0
176
     1
 62
     7
420
 16777215
176
     1
 90
        2
176
     1
 90
        2
176
     1
 62
     7
176
     1
 62
     7
176
     1
 90
        1
176
     1
 90
        1
176
     1
 40
40.0
176
     1
 90
       11
176
     1
 62
     7
176
     1
 40
1.0
176
     1
 90
        1
176
     1
 90
        6
176
     1
 90
        2
176
     1
 62
     7
176
     1
 90
        6
176
     1
 90
        0
176
     1
 90
        0
176
     1
290
     0
176
     1
 90
        1
176
     1
 40
0.0
176
     1
 90
        0
176
     1
290
     0
176
     1
290
     1
176
     1
290
     1
176
     1
290
     0
176
     1
290
     0
176
     1
290
     0
176
     1
290
     0
176
     1
290
     0
176
     1
290
     0
176
     1
 90
       50
176
     1
 40
0.0
176
     1
 40
1.0
176
     1
 90
        0
176
     1
 62
    18
420
        0
176
     1
 90
       50
176
     1
 90
        3
176
     1
 62
     5
420
      255
176
     1
290
     0
176
     1
 90
       50
176
     1
 90
       50
176
     1
 90
       50
176
     1
290
     0
176
     1
 90
       50
176
     1
 62
   256
176
     0
 40
1.0
176
     0
 90
        2
176
     1
  1
strokes_ogs.tif
176
     1
290
     0
176
     1
 40
1.0
176
     1
 40
1.0
176
     1
  0
VISUALSTYLE
  5
4DE4
102
{ACAD_REACTORS
330
4DD7
102
}
330
4DD7
100
AcDbVisualStyle
  2
Thicken
 70
    13
177
     3
291
     1
 70
    58
 90
        2
176
     1
 90
        2
176
     1
 90
        0
176
     1
 90
        0
176
     1
 40
0.6
176
     1
 40
30.0
176
     1
 62
     7
420
 16777215
176
     1
 90
        1
176
     1
 90
        4
176
     1
 62
     7
176
     1
 62
   257
176
     1
 90
        1
176
     1
 90
        1
176
     1
 40
1.0
176
     1
 90
       12
176
     1
 62
     7
176
     1
 40
1.0
176
     1
 90
        1
176
     1
 90
        6
176
     1
 90
        2
176
     1
 62
     7
176
     1
 90
        5
176
     1
 90
        0
176
     1
 90
        0
176
     1
290
     0
176
     1
 90
        1
176
     1
 40
0.0
176
     1
 90
        0
176
     1
290
     0
176
     1
290
     1
176
     1
290
     1
176
     1
290
     0
176
     1
290
     0
176
     1
290
     0
176
     1
290
     0
176
     1
290
     0
176
     1
290
     0
176
     1
 90
       50
176
     1
 40
0.0
176
     1
 40
1.0
176
     1
 90
        0
176
     1
 62
    18
420
        0
176
     1
 90
       50
176
     1
 90
        3
176
     1
 62
     5
420
      255
176
     1
290
     0
176
     1
 90
       50
176
     1
 90
       50
176
     1
 90
       50
176
     1
290
     0
176
     1
 90
       50
176
     1
 62
   256
176
     0
 40
1.0
176
     0
 90
        2
176
     1
  1
strokes_ogs.tif
176
     1
290
     0
176
     1
 40
1.0
176
     1
 40
1.0
176
     1
  0
VISUALSTYLE
  5
4DDE
102
{ACAD_REACTORS
330
4DD7
102
}
330
4DD7
100
AcDbVisualStyle
  2
Wireframe
 70
     5
177
     3
291
     0
 70
    58
 90
        0
176
     1
 90
        2
176
     1
 90
        0
176
     1
 90
        0
176
     1
 40
0.6
176
     1
 40
30.0
176
     1
 62
     7
420
 16777215
176
     1
 90
        1
176
     1
 90
        4
176
     1
 62
     7
176
     1
 62
   257
176
     1
 90
        1
176
     1
 90
        1
176
     1
 40
1.0
176
     1
 90
        0
176
     1
 62
   257
176
     1
 40
1.0
176
     1
 90
        1
176
     1
 90
        6
176
     1
 90
        2
176
     1
 62
     7
176
     1
 90
        3
176
     1
 90
        0
176
     1
 90
        0
176
     1
290
     0
176
     1
 90
        1
176
     1
 40
0.0
176
     1
 90
        0
176
     1
290
     0
176
     1
290
     1
176
     1
290
     1
176
     1
290
     0
176
     1
290
     0
176
     1
290
     0
176
     1
290
     0
176
     1
290
     0
176
     1
290
     0
176
     1
 90
       50
176
     1
 40
0.0
176
     1
 40
1.0
176
     1
 90
        0
176
     1
 62
    18
420
        0
176
     1
 90
       50
176
     1
 90
        3
176
     1
 62
     5
420
      255
176
     1
290
     0
176
     1
 90
       50
176
     1
 90
       50
176
     1
 90
       50
176
     1
290
     0
176
     1
 90
       50
176
     1
 62
   256
176
     0
 40
1.0
176
     0
 90
        2
176
     1
  1
strokes_ogs.tif
176
     1
290
     0
176
     1
 40
1.0
176
     1
 40
1.0
176
     1
  0
VISUALSTYLE
  5
4DEA
102
{ACAD_REACTORS
330
4DD7
102
}
330
4DD7
100
AcDbVisualStyle
  2
X-Ray
 70
    25
177
     3
291
     0
 70
    58
 90
        2
176
     1
 90
        2
176
     1
 90
        1
176
     1
 90
        1
176
     1
 40
0.5
176
     1
 40
30.0
176
     1
 62
     7
420
 16777215
176
     1
 90
        1
176
     1
 90
        0
176
     1
 62
     7
176
     1
 62
   257
176
     1
 90
        1
176
     1
 90
        1
176
     1
 40
1.0
176
     1
 90
        8
176
     1
 62
     7
176
     1
 40
1.0
176
     1
 90
        1
176
     1
 90
        6
176
     1
 90
        2
176
     1
 62
     7
176
     1
 90
        3
176
     1
 90
        0
176
     1
 90
        0
176
     1
290
     0
176
     1
 90
       13
176
     1
 40
0.0
176
     1
 90
        0
176
     1
290
     0
176
     1
290
     1
176
     1
290
     1
176
     1
290
     0
176
     1
290
     0
176
     1
290
     0
176
     1
290
     0
176
     1
290
     0
176
     1
290
     0
176
     1
 90
       50
176
     1
 40
0.0
176
     1
 40
1.0
176
     1
 90
        0
176
     1
 62
    18
420
        0
176
     1
 90
       50
176
     1
 90
        3
176
     1
 62
     5
420
      255
176
     1
290
     0
176
     1
 90
       50
176
     1
 90
       50
176
     1
 90
       50
176
     1
290
     0
176
     1
 90
       50
176
     1
 62
   256
176
     0
 40
1.0
176
     0
 90
        2
176
     1
  1
strokes_ogs.tif
176
     1
290
     0
176
     1
 40
1.0
176
     1
 40
1.0
176
     1
  0
DICTIONARYVAR
  5
4E72
102
{ACAD_REACTORS
330
4E6C
102
}
330
4E6C
100
DictionaryVariables
280
     0
  1
1:1
  0
DICTIONARYVAR
  5
4E6E
102
{ACAD_REACTORS
330
4E6C
102
}
330
4E6C
100
DictionaryVariables
280
     0
  1
STANDARD
  0
DICTIONARYVAR
  5
4E6D
102
{ACAD_REACTORS
330
4E6C
102
}
330
4E6C
100
DictionaryVariables
280
     0
  1
STANDARD
  0
DICTIONARYVAR
  5
4E6F
102
{ACAD_REACTORS
330
4E6C
102
}
330
4E6C
100
DictionaryVariables
280
     0
  1
Metric50
  0
DICTIONARYVAR
  5
4E70
102
{ACAD_REACTORS
330
4E6C
102
}
330
4E6C
100
DictionaryVariables
280
     0
  1
Metric50
  0
DICTIONARYVAR
  5
598C
102
{ACAD_REACTORS
330
4E6C
102
}
330
4E6C
100
DictionaryVariables
280
     0
  1
BYLAYER
  0
DICTIONARYVAR
  5
4E74
102
{ACAD_REACTORS
330
4E6C
102
}
330
4E6C
100
DictionaryVariables
280
     0
  1
1
  0
DICTIONARYVAR
  5
4E75
102
{ACAD_REACTORS
330
4E6C
102
}
330
4E6C
100
DictionaryVariables
280
     0
  1
15
  0
DICTIONARYVAR
  5
4E73
102
{ACAD_REACTORS
330
4E6C
102
}
330
4E6C
100
DictionaryVariables
280
     0
  1
0
  0
DICTIONARYVAR
  5
4E71
102
{ACAD_REACTORS
330
4E6C
102
}
330
4E6C
100
DictionaryVariables
280
     0
  1
0
  0
DICTIONARYVAR
  5
8334
102
{ACAD_REACTORS
330
4E6C
102
}
330
4E6C
100
DictionaryVariables
280
     0
  1
2
  0
XRECORD
  5
4E3F
102
{ACAD_REACTORS
330
4E3D
102
}
330
4E3D
100
AcDbXrecord
280
     1
  0
VLO-VL
  5
7818
102
{ACAD_REACTORS
330
7817
102
}
330
7817
100
vlo_VL
 90
   -64512
 91
       12
 92
        1
 40
9.599999999999999
300
(&VLO-R . 0)
  0
DICTIONARY
  5
6FCC
330
4DF2
100
AcDbDictionary
280
     1
281
     1
  3
ACAD_ROUNDTRIP_2008_TABLESTYLE_CELLSTYLEMAP
360
24C90
  0
CELLSTYLEMAP
  5
24C90
102
{ACAD_REACTORS
330
6FCC
102
}
330
6FCC
100
AcDbCellStyleMap
 90
        3
300
CELLSTYLE
  1
TABLEFORMAT_BEGIN
 90
        5
170
     1
 91
        0
 92
    32768
 62
   257
 93
        1
300
CONTENTFORMAT
  1
CONTENTFORMAT_BEGIN
 90
        0
 91
        0
 92
      512
 93
        0
300

 40
0.0
140
1.0
 94
        5
 62
     0
340
17
144
6.0
309
CONTENTFORMAT_END
171
     1
301
MARGIN
  1
CELLMARGIN_BEGIN
 40
1.5
 40
1.5
 40
1.5
 40
1.5
 40
4.5
 40
4.5
309
CELLMARGIN_END
 94
        6
 95
        1
302
GRIDFORMAT
  1
GRIDFORMAT_BEGIN
 90
        0
 91
        1
 62
     0
 92
       -2
340
0
 93
        0
 40
1.125
309
GRIDFORMAT_END
 95
        2
302
GRIDFORMAT
  1
GRIDFORMAT_BEGIN
 90
        0
 91
        1
 62
     0
 92
       -2
340
0
 93
        0
 40
1.125
309
GRIDFORMAT_END
 95
        4
302
GRIDFORMAT
  1
GRIDFORMAT_BEGIN
 90
        0
 91
        1
 62
     0
 92
       -2
340
0
 93
        0
 40
1.125
309
GRIDFORMAT_END
 95
        8
302
GRIDFORMAT
  1
GRIDFORMAT_BEGIN
 90
        0
 91
        1
 62
     0
 92
       -2
340
0
 93
        0
 40
1.125
309
GRIDFORMAT_END
 95
       16
302
GRIDFORMAT
  1
GRIDFORMAT_BEGIN
 90
        0
 91
        1
 62
     0
 92
       -2
340
0
 93
        0
 40
1.125
309
GRIDFORMAT_END
 95
       32
302
GRIDFORMAT
  1
GRIDFORMAT_BEGIN
 90
        0
 91
        1
 62
     0
 92
       -2
340
0
 93
        0
 40
1.125
309
GRIDFORMAT_END
309
TABLEFORMAT_END
  1
CELLSTYLE_BEGIN
 90
        1
 91
        1
300
_TITLE
309
CELLSTYLE_END
300
CELLSTYLE
  1
TABLEFORMAT_BEGIN
 90
        5
170
     1
 91
        0
 92
        0
 62
   257
 93
        1
300
CONTENTFORMAT
  1
CONTENTFORMAT_BEGIN
 90
        0
 91
        0
 92
      512
 93
        0
300

 40
0.0
140
1.0
 94
        5
 62
     0
340
17
144
4.5
309
CONTENTFORMAT_END
171
     1
301
MARGIN
  1
CELLMARGIN_BEGIN
 40
1.5
 40
1.5
 40
1.5
 40
1.5
 40
4.5
 40
4.5
309
CELLMARGIN_END
 94
        6
 95
        1
302
GRIDFORMAT
  1
GRIDFORMAT_BEGIN
 90
        0
 91
        1
 62
     0
 92
       -2
340
0
 93
        0
 40
1.125
309
GRIDFORMAT_END
 95
        2
302
GRIDFORMAT
  1
GRIDFORMAT_BEGIN
 90
        0
 91
        1
 62
     0
 92
       -2
340
0
 93
        0
 40
1.125
309
GRIDFORMAT_END
 95
        4
302
GRIDFORMAT
  1
GRIDFORMAT_BEGIN
 90
        0
 91
        1
 62
     0
 92
       -2
340
0
 93
        0
 40
1.125
309
GRIDFORMAT_END
 95
        8
302
GRIDFORMAT
  1
GRIDFORMAT_BEGIN
 90
        0
 91
        1
 62
     0
 92
       -2
340
0
 93
        0
 40
1.125
309
GRIDFORMAT_END
 95
       16
302
GRIDFORMAT
  1
GRIDFORMAT_BEGIN
 90
        0
 91
        1
 62
     0
 92
       -2
340
0
 93
        0
 40
1.125
309
GRIDFORMAT_END
 95
       32
302
GRIDFORMAT
  1
GRIDFORMAT_BEGIN
 90
        0
 91
        1
 62
     0
 92
       -2
340
0
 93
        0
 40
1.125
309
GRIDFORMAT_END
309
TABLEFORMAT_END
  1
CELLSTYLE_BEGIN
 90
        2
 91
        1
300
_HEADER
309
CELLSTYLE_END
300
CELLSTYLE
  1
TABLEFORMAT_BEGIN
 90
        5
170
     1
 91
        0
 92
        0
 62
   257
 93
        1
300
CONTENTFORMAT
  1
CONTENTFORMAT_BEGIN
 90
        0
 91
        0
 92
      512
 93
        0
300

 40
0.0
140
1.0
 94
        2
 62
     0
340
17
144
4.5
309
CONTENTFORMAT_END
171
     1
301
MARGIN
  1
CELLMARGIN_BEGIN
 40
1.5
 40
1.5
 40
1.5
 40
1.5
 40
4.5
 40
4.5
309
CELLMARGIN_END
 94
        6
 95
        1
302
GRIDFORMAT
  1
GRIDFORMAT_BEGIN
 90
        0
 91
        1
 62
     0
 92
       -2
340
0
 93
        0
 40
1.125
309
GRIDFORMAT_END
 95
        2
302
GRIDFORMAT
  1
GRIDFORMAT_BEGIN
 90
        0
 91
        1
 62
     0
 92
       -2
340
0
 93
        0
 40
1.125
309
GRIDFORMAT_END
 95
        4
302
GRIDFORMAT
  1
GRIDFORMAT_BEGIN
 90
        0
 91
        1
 62
     0
 92
       -2
340
0
 93
        0
 40
1.125
309
GRIDFORMAT_END
 95
        8
302
GRIDFORMAT
  1
GRIDFORMAT_BEGIN
 90
        0
 91
        1
 62
     0
 92
       -2
340
0
 93
        0
 40
1.125
309
GRIDFORMAT_END
 95
       16
302
GRIDFORMAT
  1
GRIDFORMAT_BEGIN
 90
        0
 91
        1
 62
     0
 92
       -2
340
0
 93
        0
 40
1.125
309
GRIDFORMAT_END
 95
       32
302
GRIDFORMAT
  1
GRIDFORMAT_BEGIN
 90
        0
 91
        1
 62
     0
 92
       -2
340
0
 93
        0
 40
1.125
309
GRIDFORMAT_END
309
TABLEFORMAT_END
  1
CELLSTYLE_BEGIN
 90
        3
 91
        2
300
_DATA
309
CELLSTYLE_END
  0
ENDSEC
  0
SECTION
  2
ACDSDATA
 70
     2
 71
     2
  0
ACDSSCHEMA
 90
        0
  1
AcDb_Thumbnail_Schema
  2
AcDbDs::ID
280
    10
 91
        0
  2
Thumbnail_Data
280
    15
 91
        0
101
ACDSRECORD
 95
        0
 90
        2
  2
AcDbDs::TreatedAsObjectData
280
     1
291
     1
101
ACDSRECORD
 95
        0
 90
        3
  2
AcDbDs::Legacy
280
     1
291
     1
101
ACDSRECORD
  1
AcDbDs::ID
 90
        4
  2
AcDs:Indexable
280
     1
291
     1
101
ACDSRECORD
  1
AcDbDs::ID
 90
        5
  2
AcDbDs::HandleAttribute
280
     7
282
     1
  0
ACDSSCHEMA
 90
        1
  1
AcDb3DSolid_ASM_Data
  2
AcDbDs::ID
280
    10
 91
        0
  2
ASM_Data
280
    15
 91
        0
101
ACDSRECORD
 95
        1
 90
        2
  2
AcDbDs::TreatedAsObjectData
280
     1
291
     1
101
ACDSRECORD
 95
        1
 90
        3
  2
AcDbDs::Legacy
280
     1
291
     1
101
ACDSRECORD
  1
AcDbDs::ID
 90
        4
  2
AcDs:Indexable
280
     1
291
     1
101
ACDSRECORD
  1
AcDbDs::ID
 90
        5
  2
AcDbDs::HandleAttribute
280
     7
282
     1
  0
ACDSSCHEMA
 90
        2
  1
AcDbDs::TreatedAsObjectDataSchema
  2
AcDbDs::TreatedAsObjectData
280
     1
 91
        0
  0
ACDSSCHEMA
 90
        3
  1
AcDbDs::LegacySchema
  2
AcDbDs::Legacy
280
     1
 91
        0
  0
ACDSSCHEMA
 90
        4
  1
AcDbDs::IndexedPropertySchema
  2
AcDs:Indexable
280
     1
 91
        0
  0
ACDSSCHEMA
 90
        5
  1
AcDbDs::HandleAttributeSchema
  2
AcDbDs::HandleAttribute
280
     7
 91
        8
  0
ACDSRECORD
 90
        0
  2
AcDbDs::ID
280
    10
320
20
  2
Thumbnail_Data
280
    15
 94
     1763
310
89504E470D0A1A0A0000000D494844520000010000000076080300000010A0BD3C00000300504C5445212830FFFFFF2128300000000000000000000000000000000000000000000000000000330000660000990000CC0000FF0033000033330033660033990033CC0033FF0066000066330066660066990066CC0066FF0099
310
000099330099660099990099CC0099FF00CC0000CC3300CC6600CC9900CCCC00CCFF00FF0000FF3300FF6600FF9900FFCC00FFFF3300003300333300663300993300CC3300FF3333003333333333663333993333CC3333FF3366003366333366663366993366CC3366FF3399003399333399663399993399CC3399FF33CC00
310
33CC3333CC6633CC9933CCCC33CCFF33FF0033FF3333FF6633FF9933FFCC33FFFF6600006600336600666600996600CC6600FF6633006633336633666633996633CC6633FF6666006666336666666666996666CC6666FF6699006699336699666699996699CC6699FF66CC0066CC3366CC6666CC9966CCCC66CCFF66FF0066
310
FF3366FF6666FF9966FFCC66FFFF9900009900339900669900999900CC9900FF9933009933339933669933999933CC9933FF9966009966339966669966999966CC9966FF9999009999339999669999999999CC9999FF99CC0099CC3399CC6699CC9999CCCC99CCFF99FF0099FF3399FF6699FF9999FFCC99FFFFCC0000CC00
310
33CC0066CC0099CC00CCCC00FFCC3300CC3333CC3366CC3399CC33CCCC33FFCC6600CC6633CC6666CC6699CC66CCCC66FFCC9900CC9933CC9966CC9999CC99CCCC99FFCCCC00CCCC33CCCC66CCCC99CCCCCCCCCCFFCCFF00CCFF33CCFF66CCFF99CCFFCCCCFFFFFF0000FF0033FF0066FF0099FF00CCFF00FFFF3300FF3333
310
FF3366FF3399FF33CCFF33FFFF6600FF6633FF6666FF6699FF66CCFF66FFFF9900FF9933FF9966FF9999FF99CCFF99FFFFCC00FFCC33FFCC66FFCC99FFCCCCFFCCFFFFFF00FFFF33FFFF66FFFF99FFFFCCFFFFFF0000000D0D0D1A1A1A2828283535354343435050505D5D5D6B6B6B787878868686939393A1A1A1AEAEAEBB
310
BBBBC9C9C9D6D6D6E4E4E4F1F1F1FFFFFF0000000000000000000000000000000000000000000000000000000000002E4550F100000001624B47440088051D48000000097048597300000EC400000EC401952B0E1B0000037C49444154789CED595196C32008E4FEF7F57FDF6B6A040425D96AAC9DD9AE254D1418104D4274
310
0FE966BF81986B120898AA2D0410B0B1B61040C0C6DA4200010F694B7730D6A419485C4A9472AB3F547F8E9F479A340320A048E9E56B32BCF708D86C0AFC7C0D78B973C5A9FD08F8F50C38E6F58522080240C05893660035A048A9B4D1CE9B11F0F319F0E30434AE59CFA4B9DA7E9E80C900011B6B0B01046CAC2D0410B0B1
310
36A6D757FC200193F6819DEE4F12F08FBED13E7D021F2360C2AD00EBB91E01D7BDBFC800E7ADD5FB6B08B896021577C92B844B1140552B8F834A2E11B820015A66524405EB4695D4326906F4AB313A5F0FA6F7D9D753525B0E1050794F9255638487DF0D9A0F83932D770850D953A2DF9E060F13C083F44E88F34FCB4D0284
310
F766F0DFEEEB4196AD01E6796FD82AF8CEF8856CC3A4195004BC13818A7139D3CDD65BC92DFEEAD43F7F92437D510658B61ABD9B43D7B7066B15C1D42A854601E31EEAED8375924D8EDAA4195004907C4394A8D97A04507E7368BA4F46F4399BCFAF024CC895DF6BF568A50F5FF96A06AAD4588400CF56257B3B417E965AC1
310
27197CB92B5C8A009B8C36019D25CF580DD2BA19D025450E961D6DA493B94CD00A04DC61400F26FD72286007B9F28AD11E7C24469759A83AF3FD94F69B8C69540A07ED4180DCDD993F8812927959610A9C3E54B1D33B1AB6DCB99DCD1C38C49C25741E8A39B02001AD10EACE5509D4895FDC16C15F89002A31A662626023C4
310
02EB10272E51B9B0CE1438BE0FD78F6B922D9B45503D09E06D291225F1E99C099E4963E16700F10C38A27DE47791AD75506E755829CC1384257E29902D93C6A27E1CE3A4AF05C3D6FA1226CBE0B315B069D258D8B73367B46E3C10E1CBBE9A1155D53347F8EE0C2092F1CD47F97A793264D258F46A8033FB49EE5D8C4164DE
310
F3C54FED7CBB268D4583006AD4FF1C5567D0D37556044FAF9BDE1B268D853505CACDD9F19FC891BB51E4958E158EB68BCF13E0D480FE4ED01ABF244BEAC6DE36692C3E7A2F602A38B329107CD3A4B1F8E8DDA0ADE1D2D5864963319E805ED1EF9A341695B67796A6BA25D5C69D4A897F5D366928223BB14FED58BE96002FD8
310
832C7D9E80CF56804F98341073B585000236D6160208D8585B082060636D2180808DB585000236D6160208D8585B082060636D2180808DB585000236D616020898AB6D414C25000000000000000000000000000000000000E0EBF00731FFCD2B1B65B2F10000000049454E44AE426082
  0
ENDSEC
  0
EOF
